household_id,aquifer_id,lat,lon,district,household_size,uses_piped_water,uses_groundwater_well,uses_tanker,season,water_insecurity_index,aquifer_cluster,water_table_depth_m,depletion_rate_m_per_year,tds_mg_per_L,nitrate_mg_per_L
HH00001,AQ0398,27.747608,85.435572,Kathmandu,4,1,1,0,wet,21.88,2,7.8,2.03,603.4,2.182
HH00002,AQ0027,27.796378,85.447434,Lalitpur,5,0,1,1,wet,31.34,0,6.39,1.14,811.7,1.296
HH00003,AQ0316,27.779212,85.208655,Bhaktapur,4,1,1,0,dry,17.76,2,3.32,0.88,260.3,3.046
HH00004,AQ0196,27.676611,85.380768,Kathmandu,4,1,0,0,dry,16.5,2,10.86,0.47,407.3,6.584
HH00005,AQ0142,27.712236,85.422896,Kathmandu,6,0,1,0,dry,43.34,2,6.43,1.97,398.8,3.905
HH00006,AQ0469,27.635788,85.313759,Kathmandu,5,1,1,0,wet,16.31,2,7.99,0.68,274.4,3.93
HH00007,AQ0016,27.776174,85.405487,Kathmandu,5,1,0,0,dry,19.52,2,0.2,1.25,826.9,7.334
HH00008,AQ0320,27.655011,85.233545,Bhaktapur,8,0,1,0,dry,51.88,2,9.99,2.16,1502.3,3.799
HH00009,AQ0321,27.72538,85.402968,Kathmandu,6,1,1,0,dry,20.58,2,0.2,1.84,756.4,3.588
HH00010,AQ0485,27.646811,85.295788,Bhaktapur,7,1,1,0,dry,34.95,0,3.66,2.32,406.4,9.158
HH00011,AQ0142,27.703355,85.425862,Kathmandu,4,1,0,1,dry,22.42,2,6.43,1.97,398.8,3.905
HH00012,AQ0461,27.715523,85.184941,Kathmandu,6,1,1,1,dry,35.51,2,13.51,2.31,483.6,1.305
HH00013,AQ0102,27.685538,85.428876,Kathmandu,3,1,1,1,wet,9.86,2,1.24,1.06,260.0,1.459
HH00014,AQ0061,27.714421,85.451606,Lalitpur,6,1,1,0,wet,24.88,2,21.65,0.45,377.8,2.419
HH00015,AQ0361,27.678986,85.405356,Kathmandu,5,1,0,1,wet,20.51,2,14.91,1.46,360.6,2.958
HH00016,AQ0482,27.774785,85.342358,Kathmandu,4,1,0,0,wet,17.09,2,5.0,1.71,465.9,2.045
HH00017,AQ0441,27.681394,85.302702,Lalitpur,4,1,1,1,dry,25.36,2,10.69,0.92,822.7,5.838
HH00018,AQ0030,27.720796,85.368796,Kathmandu,6,1,0,0,dry,29.42,2,17.4,1.31,298.7,4.002
HH00019,AQ0280,27.659296,85.381489,Kathmandu,4,1,0,0,wet,21.01,2,0.74,2.31,302.5,2.09
HH00020,AQ0410,27.662264,85.376527,Lalitpur,6,1,0,1,dry,36.16,2,5.07,2.33,678.6,6.317
HH00021,AQ0407,27.604363,85.44235,Kathmandu,5,1,1,0,dry,50.97,1,34.08,1.35,191.7,4.044
HH00022,AQ0493,27.674389,85.373422,Kathmandu,4,1,1,1,dry,32.01,2,14.84,1.36,480.5,2.497
HH00023,AQ0015,27.761134,85.409881,Bhaktapur,3,1,1,1,wet,13.51,2,10.43,1.49,200.3,3.429
HH00024,AQ0340,27.647346,85.394869,Lalitpur,8,1,0,0,dry,54.65,0,32.44,2.05,600.3,2.566
HH00025,AQ0047,27.600534,85.255301,Lalitpur,5,1,0,1,wet,20.56,1,21.3,0.87,486.5,5.533
HH00026,AQ0183,27.69271,85.21311,Kathmandu,7,1,1,0,wet,15.26,2,0.5,0.73,312.0,12.287
HH00027,AQ0102,27.692318,85.437523,Kathmandu,6,1,1,1,wet,14.83,2,1.24,1.06,260.0,1.459
HH00028,AQ0395,27.671466,85.425955,Bhaktapur,4,1,1,1,dry,24.79,2,22.48,1.58,323.5,4.274
HH00029,AQ0231,27.605295,85.378181,Kathmandu,7,1,1,0,dry,16.24,2,12.59,0.58,452.5,1.119
HH00030,AQ0107,27.777313,85.305691,Lalitpur,7,1,1,0,dry,21.49,0,2.44,2.05,305.8,6.054
HH00031,AQ0174,27.707618,85.449197,Lalitpur,5,0,0,1,dry,53.02,2,15.3,1.43,720.2,2.534
HH00032,AQ0229,27.722825,85.330841,Kathmandu,4,0,1,1,dry,54.28,2,29.45,1.74,694.6,9.249
HH00033,AQ0389,27.630317,85.437583,Kathmandu,3,1,1,1,wet,35.37,2,19.29,2.38,182.2,1.172
HH00034,AQ0147,27.638408,85.427037,Kathmandu,3,1,1,0,wet,23.67,0,8.27,2.02,1055.5,4.598
HH00035,AQ0431,27.672162,85.272106,Lalitpur,5,1,1,0,wet,31.22,2,7.91,2.4,262.3,5.193
HH00036,AQ0274,27.72199,85.414038,Kathmandu,4,1,1,1,dry,49.91,1,31.82,0.8,1318.8,6.851
HH00037,AQ0191,27.672297,85.447287,Kathmandu,4,0,1,0,wet,19.32,2,14.12,0.44,149.6,6.501
HH00038,AQ0436,27.781054,85.358197,Lalitpur,5,1,1,0,wet,29.08,1,21.95,0.88,790.0,3.089
HH00039,AQ0015,27.752889,85.416591,Bhaktapur,3,0,1,0,wet,29.88,2,10.43,1.49,200.3,3.429
HH00040,AQ0312,27.786115,85.431292,Kathmandu,2,1,1,0,dry,25.87,0,23.92,1.01,222.4,2.412
HH00041,AQ0184,27.687099,85.386113,Kathmandu,2,0,0,0,wet,46.95,2,10.92,1.92,696.9,2.048
HH00042,AQ0474,27.658552,85.271873,Kathmandu,7,1,0,1,wet,15.68,1,8.47,0.69,234.8,0.71
HH00043,AQ0178,27.799858,85.24246,Kathmandu,4,1,0,0,dry,23.48,1,29.43,0.34,560.7,4.853
HH00044,AQ0400,27.695646,85.35915,Kathmandu,5,1,1,0,wet,15.75,2,10.0,1.0,221.5,7.756
HH00045,AQ0278,27.718136,85.369489,Lalitpur,5,1,1,0,dry,15.61,2,9.29,1.5,164.2,7.43
HH00046,AQ0207,27.629051,85.337711,Kathmandu,5,1,1,0,dry,42.55,2,21.43,1.66,842.2,4.954
HH00047,AQ0496,27.720946,85.212511,Bhaktapur,4,1,1,1,dry,30.15,2,11.72,1.18,772.0,6.338
HH00048,AQ0361,27.689841,85.429062,Kathmandu,3,1,1,1,wet,25.38,2,14.91,1.46,360.6,2.958
HH00049,AQ0155,27.660518,85.376108,Kathmandu,5,0,0,0,dry,36.61,0,13.48,0.74,553.4,1.77
HH00050,AQ0139,27.686092,85.280067,Kathmandu,5,1,1,0,dry,30.38,2,14.06,1.56,128.9,5.477
HH00051,AQ0263,27.627776,85.306282,Kathmandu,6,1,0,0,dry,30.99,2,8.98,2.19,468.4,1.376
HH00052,AQ0131,27.594952,85.439168,Lalitpur,7,1,1,0,dry,36.14,1,40.9,0.31,530.4,0.01
HH00053,AQ0434,27.742396,85.363452,Lalitpur,5,1,1,0,dry,27.4,2,18.62,0.64,467.8,2.721
HH00054,AQ0083,27.679942,85.357737,Bhaktapur,2,1,0,0,dry,23.99,2,19.43,1.96,552.6,4.066
HH00055,AQ0107,27.752991,85.286197,Lalitpur,8,0,1,1,dry,42.12,0,2.44,2.05,305.8,6.054
HH00056,AQ0386,27.72042,85.408914,Kathmandu,3,0,0,0,dry,40.27,2,0.2,2.15,844.0,6.385
HH00057,AQ0016,27.772142,85.416766,Kathmandu,6,0,1,0,dry,30.65,2,0.2,1.25,826.9,7.334
HH00058,AQ0220,27.640516,85.249115,Kathmandu,6,1,0,0,wet,19.59,0,10.3,0.91,389.1,0.753
HH00059,AQ0305,27.749455,85.413362,Kathmandu,4,1,0,1,dry,34.83,1,18.21,1.72,511.4,8.273
HH00060,AQ0023,27.60214,85.338571,Kathmandu,3,1,1,0,dry,27.31,0,21.31,0.49,463.3,6.26
HH00061,AQ0450,27.608451,85.2352,Kathmandu,5,0,0,1,dry,35.62,0,7.01,1.05,400.1,2.715
HH00062,AQ0286,27.797981,85.273475,Kathmandu,4,1,0,1,wet,18.56,1,14.56,0.33,210.9,6.04
HH00063,AQ0009,27.653938,85.23471,Kathmandu,4,1,0,1,wet,25.17,1,4.93,0.39,929.4,8.426
HH00064,AQ0462,27.61141,85.219644,Lalitpur,4,0,1,1,wet,32.27,2,6.03,1.86,772.3,4.964
HH00065,AQ0478,27.634222,85.366278,Kathmandu,4,0,0,1,wet,29.82,2,10.79,1.11,198.8,0.01
HH00066,AQ0314,27.708284,85.3485,Lalitpur,6,1,1,0,dry,25.24,2,16.43,0.68,382.2,1.441
HH00067,AQ0346,27.787649,85.240236,Kathmandu,5,0,0,1,wet,28.75,2,13.5,1.56,152.3,3.128
HH00068,AQ0325,27.598827,85.231768,Lalitpur,3,1,1,1,wet,26.81,2,5.06,1.69,422.7,3.345
HH00069,AQ0231,27.606654,85.38663,Kathmandu,4,1,0,0,dry,19.34,2,12.59,0.58,452.5,1.119
HH00070,AQ0255,27.793588,85.306849,Kathmandu,5,1,1,0,dry,42.93,1,23.44,1.91,711.7,4.036
HH00071,AQ0157,27.704068,85.260644,Kathmandu,2,1,1,0,dry,32.4,2,17.59,1.64,983.0,4.455
HH00072,AQ0213,27.731475,85.27314,Kathmandu,5,1,0,1,dry,38.82,1,32.18,0.49,289.3,1.24
HH00073,AQ0169,27.675977,85.227227,Bhaktapur,5,0,1,0,dry,46.05,1,21.88,0.78,278.0,7.238
HH00074,AQ0331,27.725407,85.440743,Lalitpur,5,1,0,1,wet,25.74,1,17.55,1.96,340.6,0.01
HH00075,AQ0020,27.632153,85.262354,Kathmandu,5,1,0,0,dry,7.21,0,7.81,0.39,190.3,5.074
HH00076,AQ0419,27.67981,85.284052,Lalitpur,6,1,0,1,dry,31.05,2,1.81,1.7,274.3,12.942
HH00077,AQ0114,27.753167,85.4365,Lalitpur,7,1,1,1,wet,29.19,2,17.73,0.46,372.2,5.292
HH00078,AQ0443,27.651275,85.218071,Kathmandu,4,1,1,1,dry,30.69,2,14.7,1.53,360.2,4.198
HH00079,AQ0354,27.602808,85.353846,Kathmandu,4,1,1,0,wet,14.51,2,0.2,1.21,278.7,4.018
HH00080,AQ0266,27.613736,85.332852,Bhaktapur,4,1,0,0,wet,24.64,2,6.22,1.92,231.5,0.172
HH00081,AQ0461,27.708649,85.211512,Kathmandu,2,1,1,1,dry,33.17,2,13.51,2.31,483.6,1.305
HH00082,AQ0175,27.681025,85.371491,Kathmandu,4,1,1,0,wet,22.73,2,19.49,0.33,443.5,1.898
HH00083,AQ0275,27.598593,85.271902,Kathmandu,4,1,1,0,wet,0.0,2,0.5,0.48,245.0,5.412
HH00084,AQ0298,27.742168,85.397635,Lalitpur,4,1,1,0,dry,28.04,2,0.2,2.19,400.1,9.379
HH00085,AQ0279,27.628183,85.372533,Kathmandu,4,1,1,1,wet,23.76,2,7.61,1.94,766.4,2.497
HH00086,AQ0026,27.629604,85.259372,Kathmandu,6,1,0,0,wet,20.86,1,26.87,0.89,221.2,1.263
HH00087,AQ0198,27.671184,85.272718,Lalitpur,5,1,1,0,wet,27.76,2,4.93,1.26,742.9,12.027
HH00088,AQ0387,27.753008,85.30526,Kathmandu,7,0,1,1,dry,39.82,2,17.01,1.29,371.5,2.904
HH00089,AQ0402,27.688657,85.292183,Kathmandu,4,1,0,0,dry,22.15,2,8.71,2.21,272.9,2.597
HH00090,AQ0203,27.619538,85.193027,Lalitpur,5,1,1,0,dry,11.22,2,7.94,0.36,367.9,3.826
HH00091,AQ0311,27.58693,85.267546,Kathmandu,5,1,1,0,wet,17.08,2,0.5,1.05,1033.8,6.099
HH00092,AQ0429,27.775997,85.317684,Kathmandu,5,1,0,0,dry,45.4,1,46.11,1.33,261.3,6.166
HH00093,AQ0474,27.633004,85.275259,Kathmandu,4,1,1,1,wet,13.32,1,8.47,0.69,234.8,0.71
HH00094,AQ0071,27.683992,85.345659,Kathmandu,3,1,0,1,wet,34.19,2,11.08,1.66,418.9,5.134
HH00095,AQ0478,27.655814,85.366895,Kathmandu,4,0,1,1,wet,39.41,2,10.79,1.11,198.8,0.01
HH00096,AQ0258,27.716002,85.406355,Kathmandu,4,1,0,0,dry,30.84,2,30.08,1.02,446.8,4.502
HH00097,AQ0032,27.639679,85.258072,Kathmandu,7,1,1,0,dry,22.24,2,2.85,2.07,262.9,6.004
HH00098,AQ0101,27.655984,85.320372,Bhaktapur,4,0,1,1,dry,42.25,1,11.03,1.64,393.5,9.171
HH00099,AQ0419,27.663347,85.291291,Lalitpur,5,1,1,0,dry,23.05,2,1.81,1.7,274.3,12.942
HH00100,AQ0064,27.652501,85.443843,Lalitpur,5,1,0,0,dry,14.89,2,0.5,0.84,544.4,2.357
HH00101,AQ0244,27.747145,85.377145,Lalitpur,6,1,0,0,dry,48.88,1,39.75,2.2,589.8,4.016
HH00102,AQ0144,27.649072,85.419458,Bhaktapur,5,1,1,1,dry,44.11,2,23.38,2.45,441.0,6.921
HH00103,AQ0418,27.668973,85.28997,Kathmandu,7,1,1,0,dry,19.67,0,16.97,1.4,213.8,2.889
HH00104,AQ0381,27.708589,85.371993,Kathmandu,2,1,1,0,dry,55.69,1,40.3,1.29,791.6,2.79
HH00105,AQ0457,27.731589,85.209472,Kathmandu,3,1,1,0,dry,33.4,2,17.16,2.42,498.8,5.621
HH00106,AQ0199,27.652796,85.229342,Kathmandu,3,0,1,1,dry,47.82,2,24.86,1.41,194.7,1.562
HH00107,AQ0359,27.761761,85.250599,Lalitpur,4,1,0,1,dry,21.14,2,7.51,0.35,201.2,4.62
HH00108,AQ0245,27.735569,85.304012,Kathmandu,4,0,1,0,dry,24.34,2,6.81,0.53,138.2,5.28
HH00109,AQ0199,27.649281,85.220542,Kathmandu,6,1,1,0,dry,25.57,2,24.86,1.41,194.7,1.562
HH00110,AQ0489,27.624999,85.24374,Kathmandu,2,0,1,0,dry,20.67,0,0.5,0.85,178.9,11.626
HH00111,AQ0189,27.742515,85.230424,Lalitpur,6,1,1,0,wet,11.16,2,4.79,0.45,258.0,5.4
HH00112,AQ0407,27.612651,85.419209,Kathmandu,4,1,1,0,dry,42.69,1,34.08,1.35,191.7,4.044
HH00113,AQ0165,27.783307,85.39971,Lalitpur,2,1,0,0,wet,17.79,2,11.54,1.08,427.8,5.577
HH00114,AQ0256,27.758029,85.3237,Kathmandu,5,1,0,0,dry,68.81,1,76.26,1.8,1420.7,9.278
HH00115,AQ0437,27.63244,85.303996,Lalitpur,2,0,1,1,wet,22.79,2,0.5,2.1,168.3,1.494
HH00116,AQ0380,27.727901,85.318009,Kathmandu,4,1,1,0,dry,40.33,2,25.79,1.33,234.4,2.941
HH00117,AQ0374,27.792407,85.245117,Kathmandu,5,1,0,0,dry,22.05,2,19.82,1.1,714.4,6.803
HH00118,AQ0413,27.706047,85.215567,Kathmandu,6,0,0,0,dry,59.36,1,41.21,1.09,490.5,1.041
HH00119,AQ0021,27.760979,85.281828,Kathmandu,4,1,1,0,wet,26.51,2,2.04,2.12,1015.5,1.753
HH00120,AQ0182,27.715666,85.267164,Kathmandu,3,1,1,0,dry,13.55,2,4.0,0.31,666.5,10.505
HH00121,AQ0138,27.67459,85.302261,Kathmandu,3,0,0,0,wet,30.84,2,5.0,1.79,638.3,0.796
HH00122,AQ0281,27.690212,85.314188,Kathmandu,7,1,0,0,wet,17.95,2,0.2,0.42,307.3,7.772
HH00123,AQ0482,27.750249,85.324583,Kathmandu,3,1,1,0,wet,12.39,2,5.0,1.71,465.9,2.045
HH00124,AQ0038,27.616078,85.397146,Lalitpur,3,1,0,0,wet,17.56,2,2.0,1.59,545.2,7.045
HH00125,AQ0398,27.763897,85.4167,Kathmandu,4,1,0,0,wet,23.57,2,7.8,2.03,603.4,2.182
HH00126,AQ0197,27.684421,85.29992,Lalitpur,7,0,1,0,wet,20.79,2,0.5,0.37,312.5,9.629
HH00127,AQ0389,27.643546,85.423698,Kathmandu,4,0,1,0,wet,27.61,2,19.29,2.38,182.2,1.172
HH00128,AQ0312,27.80251,85.421724,Kathmandu,5,0,1,0,dry,37.26,0,23.92,1.01,222.4,2.412
HH00129,AQ0429,27.788296,85.321774,Kathmandu,5,1,1,1,dry,52.06,1,46.11,1.33,261.3,6.166
HH00130,AQ0387,27.766602,85.306384,Kathmandu,3,1,0,0,dry,15.84,2,17.01,1.29,371.5,2.904
HH00131,AQ0436,27.760443,85.334147,Lalitpur,5,1,1,0,wet,22.17,1,21.95,0.88,790.0,3.089
HH00132,AQ0493,27.686636,85.398129,Kathmandu,3,0,0,0,dry,33.63,2,14.84,1.36,480.5,2.497
HH00133,AQ0313,27.714931,85.278105,Lalitpur,5,1,1,0,dry,24.74,2,17.92,0.47,246.0,3.871
HH00134,AQ0117,27.687482,85.358466,Bhaktapur,2,1,0,1,wet,28.88,2,17.91,1.64,277.1,3.967
HH00135,AQ0466,27.627114,85.372918,Bhaktapur,3,0,1,0,wet,24.43,2,5.98,1.38,291.9,0.354
HH00136,AQ0148,27.774979,85.341587,Kathmandu,4,1,1,1,dry,18.16,0,0.5,1.08,374.7,8.789
HH00137,AQ0055,27.653553,85.189379,Bhaktapur,4,1,0,0,wet,31.33,2,9.86,1.92,1588.9,1.456
HH00138,AQ0045,27.690967,85.321851,Lalitpur,4,1,0,0,dry,26.0,0,10.02,0.53,460.5,7.873
HH00139,AQ0306,27.803746,85.331496,Kathmandu,8,1,0,0,dry,31.46,2,11.6,2.19,490.0,3.563
HH00140,AQ0418,27.671565,85.296272,Kathmandu,5,1,0,1,dry,34.34,0,16.97,1.4,213.8,2.889
HH00141,AQ0480,27.749624,85.242342,Kathmandu,3,1,1,0,dry,33.01,2,17.09,1.54,215.5,5.137
HH00142,AQ0420,27.786136,85.257472,Kathmandu,7,1,0,0,dry,30.57,2,12.66,0.81,168.3,4.489
HH00143,AQ0260,27.659601,85.370696,Lalitpur,4,1,0,0,dry,32.99,1,17.45,1.35,812.6,1.689
HH00144,AQ0263,27.607177,85.310998,Kathmandu,5,0,1,0,dry,37.99,2,8.98,2.19,468.4,1.376
HH00145,AQ0092,27.694037,85.451132,Kathmandu,4,1,0,1,dry,32.67,1,25.96,1.21,92.9,8.232
HH00146,AQ0342,27.674507,85.404096,Kathmandu,4,1,1,0,wet,21.11,2,8.06,0.34,1280.8,9.241
HH00147,AQ0372,27.666083,85.334035,Kathmandu,2,1,1,0,dry,29.04,2,19.9,1.71,305.7,2.63
HH00148,AQ0065,27.658857,85.331382,Kathmandu,7,1,0,1,dry,34.17,2,7.78,2.19,304.9,0.01
HH00149,AQ0475,27.603355,85.270543,Kathmandu,7,1,0,0,dry,18.59,0,1.18,1.89,188.8,1.483
HH00150,AQ0353,27.605935,85.445242,Kathmandu,8,1,1,1,dry,42.97,1,25.39,1.8,219.2,6.844
HH00151,AQ0005,27.733012,85.379527,Lalitpur,4,0,1,0,wet,11.8,0,2.18,0.56,206.0,2.756
HH00152,AQ0053,27.650683,85.448097,Bhaktapur,5,0,1,0,dry,27.83,2,11.06,2.16,209.1,3.58
HH00153,AQ0218,27.684969,85.297501,Kathmandu,2,1,1,0,wet,18.09,2,7.76,1.18,508.6,5.322
HH00154,AQ0493,27.64881,85.377888,Kathmandu,7,1,1,0,dry,36.63,2,14.84,1.36,480.5,2.497
HH00155,AQ0493,27.686688,85.394427,Kathmandu,5,0,1,1,dry,40.0,2,14.84,1.36,480.5,2.497
HH00156,AQ0179,27.72222,85.378252,Lalitpur,4,1,0,1,dry,35.33,1,28.52,0.37,504.3,5.454
HH00157,AQ0387,27.730171,85.303935,Kathmandu,7,1,1,0,dry,27.16,2,17.01,1.29,371.5,2.904
HH00158,AQ0400,27.712377,85.365974,Kathmandu,6,0,0,0,wet,40.16,2,10.0,1.0,221.5,7.756
HH00159,AQ0021,27.763671,85.278681,Kathmandu,5,1,1,0,wet,26.17,2,2.04,2.12,1015.5,1.753
HH00160,AQ0426,27.773286,85.414107,Bhaktapur,3,1,1,0,dry,23.39,2,0.5,0.47,539.8,6.45
HH00161,AQ0010,27.661536,85.257824,Lalitpur,3,0,0,0,wet,33.33,2,11.92,0.68,806.7,6.788
HH00162,AQ0499,27.722335,85.299471,Lalitpur,4,1,1,0,wet,14.89,2,0.5,1.57,570.0,4.882
HH00163,AQ0395,27.701127,85.412925,Bhaktapur,2,1,0,0,dry,24.7,2,22.48,1.58,323.5,4.274
HH00164,AQ0065,27.658372,85.32482,Kathmandu,5,1,1,0,dry,27.15,2,7.78,2.19,304.9,0.01
HH00165,AQ0118,27.686941,85.34221,Kathmandu,4,0,1,0,dry,38.33,1,30.6,1.56,282.3,3.281
HH00166,AQ0211,27.707992,85.244127,Kathmandu,4,1,1,0,dry,31.97,2,17.61,2.14,678.7,3.053
HH00167,AQ0304,27.770806,85.352832,Kathmandu,3,1,1,1,dry,33.75,2,11.83,2.28,476.8,1.916
HH00168,AQ0412,27.749179,85.415432,Kathmandu,6,1,1,1,dry,23.33,2,8.33,2.18,185.3,7.945
HH00169,AQ0473,27.690049,85.238995,Bhaktapur,3,0,1,1,dry,53.06,2,28.66,2.31,846.7,0.415
HH00170,AQ0378,27.642802,85.267835,Kathmandu,4,1,1,1,wet,30.85,2,5.14,1.89,1219.1,9.29
HH00171,AQ0285,27.600403,85.421731,Lalitpur,4,1,1,0,wet,17.06,0,2.46,1.33,765.5,3.153
HH00172,AQ0384,27.769394,85.310636,Kathmandu,4,0,1,0,dry,32.45,0,0.2,0.47,850.7,6.642
HH00173,AQ0211,27.707034,85.248517,Kathmandu,4,1,0,0,dry,37.16,2,17.61,2.14,678.7,3.053
HH00174,AQ0233,27.719602,85.350801,Kathmandu,2,1,1,0,wet,16.57,0,7.46,0.89,837.6,4.788
HH00175,AQ0115,27.661845,85.398824,Kathmandu,4,0,1,0,dry,49.89,1,37.97,0.44,420.5,1.299
HH00176,AQ0432,27.649427,85.23466,Lalitpur,3,1,0,0,wet,17.09,2,8.71,1.77,395.0,0.939
HH00177,AQ0045,27.673761,85.3059,Lalitpur,4,1,0,0,dry,23.53,0,10.02,0.53,460.5,7.873
HH00178,AQ0189,27.748146,85.225668,Lalitpur,7,1,1,1,wet,15.84,2,4.79,0.45,258.0,5.4
HH00179,AQ0150,27.751251,85.361549,Bhaktapur,4,1,0,0,dry,18.8,2,3.72,1.68,198.0,8.008
HH00180,AQ0054,27.713358,85.357802,Lalitpur,3,1,0,0,wet,19.87,0,18.13,1.24,890.5,6.616
HH00181,AQ0148,27.780399,85.334922,Kathmandu,8,1,1,1,dry,21.44,0,0.5,1.08,374.7,8.789
HH00182,AQ0283,27.61487,85.298869,Kathmandu,4,1,1,0,wet,25.92,0,0.5,1.15,681.8,5.046
HH00183,AQ0317,27.79877,85.27867,Kathmandu,3,1,0,1,dry,23.08,2,4.2,0.72,308.7,5.726
HH00184,AQ0388,27.697458,85.250754,Kathmandu,5,1,0,1,dry,30.33,1,16.24,0.96,291.7,3.164
HH00185,AQ0155,27.68495,85.384005,Kathmandu,6,1,0,0,dry,25.94,0,13.48,0.74,553.4,1.77
HH00186,AQ0165,27.778807,85.421362,Lalitpur,6,0,0,1,wet,30.25,2,11.54,1.08,427.8,5.577
HH00187,AQ0111,27.748218,85.362186,Lalitpur,4,0,0,1,wet,38.45,2,13.09,2.14,819.2,1.78
HH00188,AQ0241,27.712633,85.451309,Kathmandu,4,1,1,1,dry,21.95,2,0.5,2.03,358.7,4.222
HH00189,AQ0285,27.620171,85.409477,Lalitpur,4,1,0,0,wet,12.9,0,2.46,1.33,765.5,3.153
HH00190,AQ0317,27.802611,85.264446,Kathmandu,2,0,1,0,dry,25.58,2,4.2,0.72,308.7,5.726
HH00191,AQ0150,27.742757,85.355663,Bhaktapur,6,0,1,1,dry,35.24,2,3.72,1.68,198.0,8.008
HH00192,AQ0169,27.694586,85.257562,Bhaktapur,5,0,1,0,dry,36.31,1,21.88,0.78,278.0,7.238
HH00193,AQ0468,27.72694,85.392294,Kathmandu,3,1,1,0,dry,23.29,2,12.23,0.71,204.7,5.625
HH00194,AQ0355,27.790729,85.244928,Bhaktapur,6,0,1,0,dry,61.55,1,38.13,1.55,441.0,6.036
HH00195,AQ0386,27.723587,85.397618,Kathmandu,5,1,0,0,dry,32.97,2,0.2,2.15,844.0,6.385
HH00196,AQ0237,27.662123,85.22891,Kathmandu,5,1,1,1,wet,18.79,2,0.41,1.4,511.0,10.903
HH00197,AQ0037,27.631391,85.373339,Kathmandu,6,1,1,0,dry,20.87,2,2.52,1.21,731.6,8.424
HH00198,AQ0087,27.636932,85.291175,Kathmandu,8,0,1,0,dry,29.61,2,9.39,0.43,474.1,4.718
HH00199,AQ0226,27.665251,85.340589,Kathmandu,5,1,0,0,dry,25.17,2,14.68,0.99,218.1,6.989
HH00200,AQ0333,27.682411,85.30061,Bhaktapur,7,0,0,1,wet,34.2,2,1.49,0.75,422.3,6.298
HH00201,AQ0335,27.608028,85.283719,Kathmandu,4,1,1,0,dry,38.91,1,45.06,0.83,125.4,8.931
HH00202,AQ0015,27.752451,85.437313,Bhaktapur,3,1,0,0,wet,25.3,2,10.43,1.49,200.3,3.429
HH00203,AQ0173,27.765158,85.366452,Lalitpur,5,1,1,0,wet,26.74,0,9.79,2.09,572.4,4.352
HH00204,AQ0307,27.721714,85.224103,Bhaktapur,8,1,1,0,dry,20.64,2,9.79,1.5,62.3,2.193
HH00205,AQ0036,27.796206,85.432665,Kathmandu,3,1,1,0,wet,21.61,0,13.23,1.92,308.9,2.742
HH00206,AQ0413,27.712689,85.220521,Kathmandu,4,0,1,1,dry,60.6,1,41.21,1.09,490.5,1.041
HH00207,AQ0228,27.680515,85.321094,Bhaktapur,6,1,0,0,wet,25.03,2,10.39,1.51,490.4,6.729
HH00208,AQ0432,27.648145,85.238738,Lalitpur,7,1,1,0,wet,17.07,2,8.71,1.77,395.0,0.939
HH00209,AQ0216,27.653165,85.413115,Kathmandu,3,0,1,0,wet,26.18,2,0.5,2.45,262.9,5.863
HH00210,AQ0196,27.685887,85.404448,Kathmandu,3,1,1,0,dry,19.4,2,10.86,0.47,407.3,6.584
HH00211,AQ0055,27.631345,85.207452,Bhaktapur,4,1,0,0,wet,27.56,2,9.86,1.92,1588.9,1.456
HH00212,AQ0351,27.658461,85.340118,Kathmandu,4,0,1,0,wet,25.13,2,1.0,1.87,170.5,12.681
HH00213,AQ0085,27.788313,85.352292,Kathmandu,6,1,0,1,dry,20.08,2,3.67,2.23,317.5,3.161
HH00214,AQ0419,27.683499,85.297623,Lalitpur,7,1,1,0,dry,21.52,2,1.81,1.7,274.3,12.942
HH00215,AQ0052,27.60913,85.437991,Kathmandu,5,1,1,0,wet,30.39,2,3.32,2.29,605.7,6.826
HH00216,AQ0192,27.6471,85.378259,Kathmandu,3,0,1,0,dry,47.79,2,14.61,2.2,286.6,6.371
HH00217,AQ0360,27.776849,85.216833,Bhaktapur,6,1,1,1,wet,27.01,0,7.96,1.7,618.0,4.717
HH00218,AQ0426,27.769153,85.405836,Bhaktapur,7,0,1,0,dry,26.28,2,0.5,0.47,539.8,6.45
HH00219,AQ0420,27.801067,85.262627,Kathmandu,5,1,0,0,dry,31.98,2,12.66,0.81,168.3,4.489
HH00220,AQ0136,27.780109,85.392803,Bhaktapur,7,1,0,0,wet,19.23,2,5.01,1.11,400.1,5.919
HH00221,AQ0294,27.713534,85.374132,Lalitpur,3,1,1,1,dry,35.84,2,15.15,2.3,207.9,3.191
HH00222,AQ0473,27.671885,85.241171,Bhaktapur,3,0,1,0,dry,43.71,2,28.66,2.31,846.7,0.415
HH00223,AQ0223,27.687405,85.191068,Kathmandu,6,1,1,1,dry,20.3,2,3.54,0.33,539.6,10.122
HH00224,AQ0420,27.794862,85.254598,Kathmandu,2,1,0,0,dry,23.63,2,12.66,0.81,168.3,4.489
HH00225,AQ0145,27.664038,85.395702,Lalitpur,3,0,1,0,wet,26.44,2,0.5,1.43,287.7,9.015
HH00226,AQ0021,27.753037,85.269981,Kathmandu,3,1,0,0,wet,26.2,2,2.04,2.12,1015.5,1.753
HH00227,AQ0313,27.70352,85.259134,Lalitpur,7,1,0,0,dry,23.51,2,17.92,0.47,246.0,3.871
HH00228,AQ0283,27.615577,85.298961,Kathmandu,4,0,1,1,wet,27.66,0,0.5,1.15,681.8,5.046
HH00229,AQ0466,27.619391,85.348549,Bhaktapur,3,0,1,0,wet,17.23,2,5.98,1.38,291.9,0.354
HH00230,AQ0377,27.626407,85.392307,Bhaktapur,4,1,0,1,wet,17.04,1,18.16,0.52,100.4,5.144
HH00231,AQ0323,27.714838,85.291393,Kathmandu,4,0,1,0,dry,47.23,2,24.8,1.23,792.1,0.274
HH00232,AQ0275,27.623604,85.282524,Kathmandu,5,1,0,0,wet,15.08,2,0.5,0.48,245.0,5.412
HH00233,AQ0211,27.701657,85.249575,Kathmandu,8,0,0,1,dry,63.41,2,17.61,2.14,678.7,3.053
HH00234,AQ0353,27.596701,85.436142,Kathmandu,6,1,1,0,dry,23.28,1,25.39,1.8,219.2,6.844
HH00235,AQ0365,27.787112,85.311141,Kathmandu,4,1,1,1,dry,27.57,2,13.45,1.31,251.0,4.236
HH00236,AQ0336,27.694474,85.2807,Kathmandu,4,1,0,0,dry,29.88,2,27.13,1.22,200.8,6.718
HH00237,AQ0176,27.727155,85.247115,Kathmandu,4,1,1,1,dry,33.33,2,22.26,1.16,714.5,6.191
HH00238,AQ0108,27.72546,85.292977,Bhaktapur,4,1,1,0,dry,38.79,2,11.45,2.47,730.4,1.058
HH00239,AQ0014,27.801941,85.234488,Kathmandu,4,1,0,0,dry,9.71,2,0.2,0.95,200.9,7.499
HH00240,AQ0174,27.682671,85.449227,Lalitpur,3,0,0,1,dry,44.32,2,15.3,1.43,720.2,2.534
HH00241,AQ0231,27.608215,85.388948,Kathmandu,5,1,0,0,dry,23.16,2,12.59,0.58,452.5,1.119
HH00242,AQ0317,27.804216,85.266892,Kathmandu,4,1,1,0,dry,19.35,2,4.2,0.72,308.7,5.726
HH00243,AQ0090,27.728236,85.23943,Lalitpur,7,0,1,0,dry,45.86,2,22.29,1.73,140.6,3.192
HH00244,AQ0197,27.673996,85.288657,Lalitpur,3,0,1,1,wet,20.93,2,0.5,0.37,312.5,9.629
HH00245,AQ0335,27.601017,85.285788,Kathmandu,5,0,1,1,dry,52.65,1,45.06,0.83,125.4,8.931
HH00246,AQ0367,27.626609,85.443839,Bhaktapur,5,0,1,0,dry,59.24,2,30.09,2.19,1158.7,0.167
HH00247,AQ0070,27.679705,85.281826,Kathmandu,6,1,1,0,dry,29.73,1,19.16,1.6,83.6,5.472
HH00248,AQ0216,27.659914,85.433592,Kathmandu,5,1,0,0,wet,18.96,2,0.5,2.45,262.9,5.863
HH00249,AQ0488,27.699085,85.294638,Kathmandu,3,1,0,0,dry,37.26,2,21.96,0.37,735.9,4.32
HH00250,AQ0475,27.6009,85.270112,Kathmandu,3,1,0,0,dry,19.89,0,1.18,1.89,188.8,1.483
HH00251,AQ0131,27.628479,85.425544,Lalitpur,6,1,1,0,dry,36.21,1,40.9,0.31,530.4,0.01
HH00252,AQ0403,27.615343,85.211153,Kathmandu,5,1,0,1,dry,34.66,2,20.09,1.09,334.3,3.052
HH00253,AQ0149,27.636321,85.42244,Kathmandu,5,0,0,0,dry,36.54,2,15.91,1.93,208.3,0.879
HH00254,AQ0254,27.752979,85.306159,Kathmandu,3,1,0,1,dry,24.04,0,0.2,1.47,326.0,4.902
HH00255,AQ0049,27.660144,85.230601,Lalitpur,5,1,1,1,dry,43.32,1,26.4,1.62,1332.5,3.076
HH00256,AQ0475,27.627396,85.279429,Kathmandu,4,0,1,0,dry,26.87,0,1.18,1.89,188.8,1.483
HH00257,AQ0288,27.612307,85.381364,Kathmandu,6,1,0,0,dry,20.52,2,7.24,1.61,423.6,1.11
HH00258,AQ0470,27.622425,85.267552,Kathmandu,6,1,1,1,wet,19.16,2,11.79,0.8,304.1,5.56
HH00259,AQ0352,27.631652,85.343201,Bhaktapur,3,0,1,1,dry,37.38,0,7.26,1.32,568.8,5.708
HH00260,AQ0108,27.736963,85.288094,Bhaktapur,6,0,0,0,dry,47.67,2,11.45,2.47,730.4,1.058
HH00261,AQ0132,27.702137,85.286673,Kathmandu,4,0,1,1,dry,44.15,2,23.97,2.29,252.1,0.59
HH00262,AQ0223,27.693418,85.19392,Kathmandu,4,1,0,0,dry,16.8,2,3.54,0.33,539.6,10.122
HH00263,AQ0007,27.66692,85.245213,Bhaktapur,6,1,0,1,wet,22.72,1,21.44,0.32,262.5,4.358
HH00264,AQ0022,27.662517,85.236058,Kathmandu,3,0,1,0,wet,38.98,0,21.45,2.35,784.9,10.919
HH00265,AQ0377,27.648265,85.391408,Bhaktapur,3,1,1,0,wet,13.92,1,18.16,0.52,100.4,5.144
HH00266,AQ0393,27.750156,85.253443,Lalitpur,7,1,1,0,dry,30.06,2,23.08,2.44,334.7,3.763
HH00267,AQ0066,27.764852,85.401973,Lalitpur,4,1,0,1,dry,25.01,2,2.06,1.01,415.3,1.159
HH00268,AQ0432,27.664853,85.251029,Lalitpur,6,0,0,0,wet,32.81,2,8.71,1.77,395.0,0.939
HH00269,AQ0039,27.761699,85.321736,Kathmandu,6,0,0,1,dry,37.01,2,7.38,0.61,683.3,2.143
HH00270,AQ0367,27.624717,85.444225,Bhaktapur,7,1,1,0,dry,59.14,2,30.09,2.19,1158.7,0.167
HH00271,AQ0444,27.624073,85.361723,Kathmandu,5,1,1,0,dry,28.26,2,2.44,1.81,657.1,5.638
HH00272,AQ0402,27.689356,85.288672,Kathmandu,5,1,1,0,dry,35.92,2,8.71,2.21,272.9,2.597
HH00273,AQ0342,27.687405,85.396494,Kathmandu,3,1,0,1,wet,31.71,2,8.06,0.34,1280.8,9.241
HH00274,AQ0119,27.710614,85.364332,Bhaktapur,6,0,0,0,dry,27.58,2,0.75,0.87,154.9,7.163
HH00275,AQ0053,27.627127,85.450631,Bhaktapur,4,0,1,0,dry,35.37,2,11.06,2.16,209.1,3.58
HH00276,AQ0202,27.751514,85.441098,Kathmandu,2,0,1,0,dry,32.45,2,8.49,1.82,304.6,5.442
HH00277,AQ0418,27.675117,85.310879,Kathmandu,4,0,0,1,dry,48.41,0,16.97,1.4,213.8,2.889
HH00278,AQ0121,27.713043,85.195431,Lalitpur,6,1,1,1,wet,15.9,1,15.79,0.57,392.1,4.861
HH00279,AQ0075,27.822315,85.201153,Bhaktapur,8,1,1,0,dry,46.17,2,20.63,1.26,816.6,0.159
HH00280,AQ0068,27.600813,85.230106,Kathmandu,7,1,0,0,dry,31.05,2,21.86,1.49,563.5,3.303
HH00281,AQ0301,27.645551,85.357735,Kathmandu,5,0,1,0,dry,26.92,2,1.0,1.47,173.4,7.46
HH00282,AQ0113,27.616587,85.319397,Kathmandu,3,1,0,0,wet,28.62,2,20.19,1.96,488.2,7.507
HH00283,AQ0194,27.734593,85.430306,Kathmandu,3,1,1,0,dry,32.53,1,32.19,1.2,410.5,6.917
HH00284,AQ0013,27.6667,85.405851,Lalitpur,3,0,0,0,dry,47.86,2,17.5,2.43,410.2,7.467
HH00285,AQ0105,27.801663,85.423859,Lalitpur,2,1,1,0,dry,19.16,2,4.71,1.03,271.3,2.717
HH00286,AQ0115,27.656742,85.373506,Kathmandu,6,1,1,1,dry,48.83,1,37.97,0.44,420.5,1.299
HH00287,AQ0425,27.699424,85.192551,Kathmandu,4,1,1,0,dry,41.58,0,36.12,0.72,404.7,0.796
HH00288,AQ0415,27.6717,85.329592,Kathmandu,8,1,0,0,wet,20.65,2,4.52,1.59,360.8,11.645
HH00289,AQ0245,27.743096,85.295314,Kathmandu,4,0,1,0,dry,20.88,2,6.81,0.53,138.2,5.28
HH00290,AQ0050,27.719256,85.323737,Lalitpur,3,1,0,0,dry,43.57,2,29.92,2.39,349.5,3.811
HH00291,AQ0017,27.594723,85.204489,Bhaktapur,3,1,0,0,dry,50.62,1,48.68,1.65,705.3,9.651
HH00292,AQ0316,27.762374,85.218559,Bhaktapur,5,1,0,1,dry,26.54,2,3.32,0.88,260.3,3.046
HH00293,AQ0016,27.779021,85.421871,Kathmandu,6,1,1,0,dry,26.09,2,0.2,1.25,826.9,7.334
HH00294,AQ0215,27.705416,85.233537,Kathmandu,4,1,1,0,wet,13.85,2,1.17,0.81,387.3,4.348
HH00295,AQ0010,27.678049,85.239168,Lalitpur,3,1,0,1,wet,17.31,2,11.92,0.68,806.7,6.788
HH00296,AQ0248,27.760089,85.362267,Kathmandu,5,1,1,0,dry,23.11,2,6.62,1.05,558.8,6.498
HH00297,AQ0419,27.673017,85.286729,Lalitpur,4,1,1,0,dry,12.55,2,1.81,1.7,274.3,12.942
HH00298,AQ0117,27.682297,85.361005,Bhaktapur,8,1,1,0,wet,28.1,2,17.91,1.64,277.1,3.967
HH00299,AQ0332,27.629041,85.330561,Kathmandu,5,1,1,1,dry,25.2,2,11.56,1.2,190.8,0.01
HH00300,AQ0041,27.690158,85.339681,Kathmandu,2,1,1,1,dry,30.51,0,15.44,2.31,374.0,5.319
HH00301,AQ0126,27.638912,85.416417,Kathmandu,4,0,0,1,dry,50.49,1,28.45,0.76,189.9,8.248
HH00302,AQ0002,27.704293,85.298512,Kathmandu,5,1,1,0,wet,18.91,1,11.8,1.15,513.7,3.822
HH00303,AQ0097,27.679084,85.403542,Kathmandu,3,0,1,1,dry,52.51,1,32.46,1.89,167.6,2.521
HH00304,AQ0325,27.592703,85.228844,Lalitpur,2,0,1,1,wet,31.52,2,5.06,1.69,422.7,3.345
HH00305,AQ0147,27.630177,85.417908,Kathmandu,5,0,1,1,wet,40.53,0,8.27,2.02,1055.5,4.598
HH00306,AQ0222,27.717221,85.279518,Kathmandu,4,0,1,0,dry,42.18,2,21.56,1.69,486.4,8.711
HH00307,AQ0353,27.587566,85.425291,Kathmandu,6,0,0,0,dry,53.29,1,25.39,1.8,219.2,6.844
HH00308,AQ0479,27.724025,85.453566,Kathmandu,2,1,0,0,wet,25.98,2,20.77,0.66,331.6,0.806
HH00309,AQ0450,27.588974,85.227136,Kathmandu,6,1,1,0,dry,23.35,0,7.01,1.05,400.1,2.715
HH00310,AQ0409,27.798189,85.353308,Kathmandu,4,1,1,0,wet,27.09,2,16.59,2.02,280.0,1.076
HH00311,AQ0270,27.780168,85.311761,Kathmandu,5,1,0,1,dry,24.77,0,13.39,0.72,403.1,5.801
HH00312,AQ0063,27.693843,85.228877,Lalitpur,2,1,1,0,dry,28.6,2,29.73,0.81,191.5,10.402
HH00313,AQ0189,27.744405,85.231652,Lalitpur,3,1,1,1,wet,23.46,2,4.79,0.45,258.0,5.4
HH00314,AQ0126,27.639225,85.393748,Kathmandu,8,1,0,0,dry,34.72,1,28.45,0.76,189.9,8.248
HH00315,AQ0390,27.738874,85.41982,Kathmandu,5,0,1,0,dry,59.27,1,31.16,2.28,529.7,1.906
HH00316,AQ0229,27.726616,85.331245,Kathmandu,7,1,0,1,dry,51.51,2,29.45,1.74,694.6,9.249
HH00317,AQ0096,27.610125,85.294035,Kathmandu,3,1,1,1,dry,42.1,1,31.86,0.91,452.7,0.192
HH00318,AQ0455,27.618336,85.299459,Kathmandu,3,1,1,1,wet,17.47,2,4.23,2.22,119.5,4.914
HH00319,AQ0187,27.695703,85.284454,Kathmandu,5,1,1,0,dry,27.01,2,8.15,2.12,277.9,5.551
HH00320,AQ0207,27.62142,85.33908,Kathmandu,4,0,1,0,dry,47.56,2,21.43,1.66,842.2,4.954
HH00321,AQ0055,27.659006,85.206348,Bhaktapur,5,1,1,0,wet,33.42,2,9.86,1.92,1588.9,1.456
HH00322,AQ0276,27.764887,85.250424,Kathmandu,6,1,0,0,dry,45.7,1,33.58,2.43,318.3,2.819
HH00323,AQ0447,27.674573,85.272614,Kathmandu,4,1,0,0,dry,10.87,2,0.5,1.41,445.7,5.308
HH00324,AQ0421,27.650285,85.369912,Kathmandu,6,1,1,1,dry,22.21,0,10.59,1.41,365.0,2.938
HH00325,AQ0183,27.705858,85.223397,Kathmandu,4,1,1,0,wet,6.88,2,0.5,0.73,312.0,12.287
HH00326,AQ0453,27.605033,85.226992,Kathmandu,4,0,1,0,dry,36.84,2,8.13,2.11,238.6,4.166
HH00327,AQ0173,27.760734,85.362714,Lalitpur,3,1,1,0,wet,21.88,0,9.79,2.09,572.4,4.352
HH00328,AQ0349,27.683947,85.396961,Lalitpur,2,1,1,0,wet,1.6,0,0.97,0.77,518.2,10.372
HH00329,AQ0383,27.780113,85.368539,Kathmandu,5,1,1,1,wet,27.13,1,16.47,0.61,188.1,4.09
HH00330,AQ0445,27.667464,85.23903,Kathmandu,6,1,1,0,dry,15.37,2,3.91,0.82,422.7,10.08
HH00331,AQ0369,27.710718,85.342242,Kathmandu,8,1,0,0,dry,17.7,2,11.23,1.19,365.8,6.114
HH00332,AQ0301,27.651321,85.358293,Kathmandu,3,0,0,0,dry,28.1,2,1.0,1.47,173.4,7.46
HH00333,AQ0224,27.631737,85.256436,Kathmandu,4,0,1,1,dry,40.29,2,0.2,2.41,258.5,7.935
HH00334,AQ0170,27.749419,85.344285,Lalitpur,5,1,0,0,dry,23.94,2,13.24,1.24,316.6,3.578
HH00335,AQ0080,27.692377,85.444785,Lalitpur,4,1,1,0,wet,13.68,2,2.74,1.48,284.5,4.931
HH00336,AQ0145,27.691565,85.420093,Lalitpur,6,0,0,0,wet,30.9,2,0.5,1.43,287.7,9.015
HH00337,AQ0086,27.748999,85.232771,Kathmandu,5,0,0,0,wet,45.18,2,10.43,2.4,122.7,1.673
HH00338,AQ0410,27.69828,85.414856,Lalitpur,4,0,0,0,dry,47.14,2,5.07,2.33,678.6,6.317
HH00339,AQ0069,27.745956,85.254897,Lalitpur,5,0,0,0,wet,26.48,0,3.92,1.6,156.7,6.949
HH00340,AQ0223,27.696091,85.198749,Kathmandu,6,1,1,0,dry,21.54,2,3.54,0.33,539.6,10.122
HH00341,AQ0096,27.618408,85.282476,Kathmandu,4,1,1,0,dry,30.85,1,31.86,0.91,452.7,0.192
HH00342,AQ0161,27.631591,85.337678,Lalitpur,4,1,1,0,dry,25.08,2,15.76,1.3,249.6,0.01
HH00343,AQ0491,27.610701,85.298231,Kathmandu,6,1,0,0,wet,15.53,2,2.71,2.03,248.9,2.969
HH00344,AQ0254,27.750069,85.324104,Kathmandu,3,1,0,0,dry,22.4,0,0.2,1.47,326.0,4.902
HH00345,AQ0163,27.746851,85.317005,Lalitpur,4,1,1,0,dry,30.75,2,13.56,1.43,563.3,5.543
HH00346,AQ0380,27.710044,85.296618,Kathmandu,8,1,1,0,dry,37.65,2,25.79,1.33,234.4,2.941
HH00347,AQ0399,27.623044,85.377204,Kathmandu,7,0,1,0,dry,33.11,2,3.6,1.05,299.1,1.983
HH00348,AQ0018,27.618999,85.348217,Kathmandu,5,0,1,0,dry,40.45,2,8.12,0.33,1421.3,6.973
HH00349,AQ0303,27.797979,85.233817,Lalitpur,5,0,0,0,wet,38.31,2,8.3,1.81,197.8,0.817
HH00350,AQ0346,27.797669,85.246479,Kathmandu,3,0,0,0,wet,39.87,2,13.5,1.56,152.3,3.128
HH00351,AQ0117,27.702108,85.367393,Bhaktapur,5,1,0,0,wet,19.33,2,17.91,1.64,277.1,3.967
HH00352,AQ0275,27.625086,85.27504,Kathmandu,6,1,0,0,wet,12.02,2,0.5,0.48,245.0,5.412
HH00353,AQ0263,27.615272,85.331252,Kathmandu,3,1,0,0,dry,24.23,2,8.98,2.19,468.4,1.376
HH00354,AQ0385,27.706178,85.417382,Bhaktapur,6,1,1,1,dry,37.21,2,13.46,2.42,543.4,3.031
HH00355,AQ0437,27.641733,85.31918,Lalitpur,4,1,0,0,wet,24.67,2,0.5,2.1,168.3,1.494
HH00356,AQ0124,27.706122,85.216668,Lalitpur,3,1,1,0,dry,24.69,2,26.65,0.99,373.5,1.764
HH00357,AQ0022,27.653659,85.202397,Kathmandu,4,0,1,1,wet,59.2,0,21.45,2.35,784.9,10.919
HH00358,AQ0303,27.791091,85.243212,Lalitpur,5,1,1,0,wet,17.92,2,8.3,1.81,197.8,0.817
HH00359,AQ0290,27.753988,85.339226,Lalitpur,6,1,1,1,dry,28.56,2,21.73,0.67,173.3,3.581
HH00360,AQ0199,27.664202,85.212991,Kathmandu,4,1,1,1,dry,30.43,2,24.86,1.41,194.7,1.562
HH00361,AQ0438,27.755527,85.37137,Kathmandu,4,1,1,0,dry,27.86,2,27.61,0.68,1097.0,4.44
HH00362,AQ0465,27.755644,85.397862,Lalitpur,3,1,0,0,dry,19.64,2,6.9,1.25,336.6,0.454
HH00363,AQ0394,27.705187,85.332972,Lalitpur,3,1,1,0,wet,23.25,1,16.1,2.36,242.3,8.754
HH00364,AQ0151,27.650329,85.338897,Kathmandu,5,0,1,1,dry,52.01,2,11.73,1.83,551.2,3.331
HH00365,AQ0060,27.633003,85.240752,Kathmandu,7,1,1,0,dry,35.2,2,11.31,0.72,289.0,2.958
HH00366,AQ0030,27.708532,85.37145,Kathmandu,7,1,0,0,dry,21.97,2,17.4,1.31,298.7,4.002
HH00367,AQ0271,27.696131,85.375299,Bhaktapur,5,1,1,1,dry,15.31,2,4.37,0.47,150.4,7.971
HH00368,AQ0344,27.608662,85.194372,Kathmandu,3,1,1,1,dry,33.3,2,17.38,1.33,70.4,3.09
HH00369,AQ0073,27.650694,85.328976,Kathmandu,8,1,1,1,dry,29.86,0,8.98,2.21,777.7,4.644
HH00370,AQ0336,27.697737,85.290894,Kathmandu,5,1,0,0,dry,35.72,2,27.13,1.22,200.8,6.718
HH00371,AQ0202,27.757559,85.446864,Kathmandu,3,0,1,0,dry,34.15,2,8.49,1.82,304.6,5.442
HH00372,AQ0123,27.734755,85.292638,Lalitpur,7,1,0,1,dry,27.3,2,27.06,0.46,224.3,5.407
HH00373,AQ0343,27.736209,85.20897,Kathmandu,7,1,1,0,wet,27.53,2,10.17,0.95,1056.5,2.624
HH00374,AQ0137,27.753659,85.2465,Kathmandu,4,1,0,0,wet,33.34,2,18.6,1.57,599.0,6.307
HH00375,AQ0303,27.806614,85.252949,Lalitpur,7,0,1,0,wet,33.68,2,8.3,1.81,197.8,0.817
HH00376,AQ0174,27.673696,85.447241,Lalitpur,4,1,1,0,dry,36.51,2,15.3,1.43,720.2,2.534
HH00377,AQ0438,27.761364,85.357413,Kathmandu,7,1,1,0,dry,36.66,2,27.61,0.68,1097.0,4.44
HH00378,AQ0051,27.730832,85.419305,Lalitpur,7,0,1,1,dry,42.93,2,8.04,2.1,391.7,4.656
HH00379,AQ0021,27.755155,85.251983,Kathmandu,3,0,1,0,wet,20.98,2,2.04,2.12,1015.5,1.753
HH00380,AQ0181,27.629441,85.27961,Kathmandu,6,1,0,0,wet,18.5,1,14.94,2.06,269.3,2.92
HH00381,AQ0022,27.673489,85.233429,Kathmandu,3,1,0,0,wet,35.08,0,21.45,2.35,784.9,10.919
HH00382,AQ0382,27.721757,85.291774,Lalitpur,7,0,1,0,dry,28.88,0,0.5,0.87,720.8,4.843
HH00383,AQ0202,27.768583,85.451037,Kathmandu,3,1,1,0,dry,38.12,2,8.49,1.82,304.6,5.442
HH00384,AQ0208,27.706241,85.415284,Kathmandu,5,1,0,1,dry,35.88,1,28.88,1.79,568.6,2.599
HH00385,AQ0121,27.709358,85.194254,Lalitpur,5,1,1,0,wet,11.74,1,15.79,0.57,392.1,4.861
HH00386,AQ0044,27.613282,85.433329,Kathmandu,3,1,0,0,dry,17.87,2,6.34,0.96,391.2,7.878
HH00387,AQ0231,27.616453,85.393382,Kathmandu,4,1,1,0,dry,22.81,2,12.59,0.58,452.5,1.119
HH00388,AQ0392,27.734815,85.214742,Kathmandu,3,1,0,1,dry,24.51,2,7.32,1.88,169.9,5.859
HH00389,AQ0488,27.706877,85.293648,Kathmandu,4,0,1,0,dry,34.59,2,21.96,0.37,735.9,4.32
HH00390,AQ0292,27.805972,85.280487,Kathmandu,3,1,1,0,wet,20.85,2,11.72,1.79,605.3,8.224
HH00391,AQ0376,27.635201,85.216876,Kathmandu,5,1,1,1,wet,16.68,2,1.0,0.33,476.8,3.725
HH00392,AQ0308,27.656608,85.262984,Kathmandu,7,1,0,1,dry,31.78,1,23.18,0.9,519.9,2.165
HH00393,AQ0398,27.765071,85.42166,Kathmandu,5,1,0,0,wet,21.4,2,7.8,2.03,603.4,2.182
HH00394,AQ0068,27.588134,85.253501,Kathmandu,6,1,1,1,dry,35.76,2,21.86,1.49,563.5,3.303
HH00395,AQ0102,27.674666,85.424646,Kathmandu,5,0,1,0,wet,10.72,2,1.24,1.06,260.0,1.459
HH00396,AQ0100,27.749408,85.287956,Kathmandu,7,0,1,1,wet,43.78,2,8.66,2.02,543.8,4.443
HH00397,AQ0047,27.622341,85.248368,Lalitpur,6,0,1,0,wet,28.04,1,21.3,0.87,486.5,5.533
HH00398,AQ0415,27.691596,85.331489,Kathmandu,4,1,0,0,wet,24.24,2,4.52,1.59,360.8,11.645
HH00399,AQ0141,27.603604,85.424716,Bhaktapur,3,0,1,1,wet,32.63,2,8.87,0.62,319.4,1.523
HH00400,AQ0241,27.716615,85.438098,Kathmandu,3,0,1,0,dry,22.68,2,0.5,2.03,358.7,4.222
HH00401,AQ0390,27.768474,85.433189,Kathmandu,5,0,0,0,dry,51.96,1,31.16,2.28,529.7,1.906
HH00402,AQ0092,27.686005,85.434813,Kathmandu,5,1,1,1,dry,44.43,1,25.96,1.21,92.9,8.232
HH00403,AQ0157,27.705512,85.275232,Kathmandu,4,0,1,0,dry,45.11,2,17.59,1.64,983.0,4.455
HH00404,AQ0221,27.722006,85.2795,Bhaktapur,4,1,1,0,wet,8.79,2,0.5,1.07,508.1,2.634
HH00405,AQ0294,27.708663,85.361781,Lalitpur,5,1,1,0,dry,26.11,2,15.15,2.3,207.9,3.191
HH00406,AQ0439,27.725952,85.411666,Kathmandu,4,1,0,0,dry,27.09,2,7.29,2.25,225.6,3.616
HH00407,AQ0374,27.79355,85.241665,Kathmandu,7,1,0,0,dry,23.55,2,19.82,1.1,714.4,6.803
HH00408,AQ0467,27.784788,85.32151,Kathmandu,3,1,0,0,wet,16.16,2,1.07,0.89,524.0,8.489
HH00409,AQ0225,27.799674,85.38786,Lalitpur,3,0,0,0,dry,54.49,0,41.0,0.4,589.1,3.117
HH00410,AQ0497,27.64191,85.319175,Lalitpur,6,1,1,0,wet,18.87,0,12.82,1.91,581.3,1.522
HH00411,AQ0382,27.7395,85.294355,Lalitpur,5,1,0,0,dry,27.75,0,0.5,0.87,720.8,4.843
HH00412,AQ0328,27.701162,85.43492,Kathmandu,7,1,1,0,dry,30.25,2,20.71,0.88,407.6,4.411
HH00413,AQ0434,27.740387,85.382986,Lalitpur,5,1,1,1,dry,26.12,2,18.62,0.64,467.8,2.721
HH00414,AQ0457,27.734766,85.199092,Kathmandu,7,1,1,0,dry,32.2,2,17.16,2.42,498.8,5.621
HH00415,AQ0382,27.733059,85.290271,Lalitpur,3,1,0,0,dry,9.67,0,0.5,0.87,720.8,4.843
HH00416,AQ0470,27.61906,85.273026,Kathmandu,6,1,0,0,wet,17.0,2,11.79,0.8,304.1,5.56
HH00417,AQ0456,27.718686,85.335826,Bhaktapur,5,0,1,1,dry,54.87,2,18.17,2.12,351.8,7.278
HH00418,AQ0004,27.727429,85.328764,Bhaktapur,2,0,1,1,dry,45.4,1,50.65,0.33,241.1,4.059
HH00419,AQ0085,27.787407,85.361249,Kathmandu,3,0,1,1,dry,46.16,2,3.67,2.23,317.5,3.161
HH00420,AQ0297,27.633846,85.449594,Bhaktapur,4,1,1,0,dry,17.32,0,6.76,0.45,197.4,10.655
HH00421,AQ0099,27.656249,85.4054,Kathmandu,3,1,1,1,wet,27.51,2,4.12,1.92,201.6,4.951
HH00422,AQ0312,27.783796,85.418606,Kathmandu,4,0,1,1,dry,37.09,0,23.92,1.01,222.4,2.412
HH00423,AQ0360,27.795132,85.195004,Bhaktapur,3,1,1,1,wet,27.18,0,7.96,1.7,618.0,4.717
HH00424,AQ0308,27.648194,85.263115,Kathmandu,6,1,0,0,dry,34.41,1,23.18,0.9,519.9,2.165
HH00425,AQ0429,27.765454,85.302997,Kathmandu,4,1,0,1,dry,46.61,1,46.11,1.33,261.3,6.166
HH00426,AQ0221,27.749334,85.295492,Bhaktapur,5,1,0,1,wet,16.89,2,0.5,1.07,508.1,2.634
HH00427,AQ0279,27.618742,85.381738,Kathmandu,6,0,0,1,wet,34.88,2,7.61,1.94,766.4,2.497
HH00428,AQ0443,27.621991,85.259323,Kathmandu,6,1,1,0,dry,35.18,2,14.7,1.53,360.2,4.198
HH00429,AQ0140,27.721715,85.36511,Bhaktapur,2,0,1,0,wet,18.21,2,6.74,0.43,478.3,2.849
HH00430,AQ0250,27.771373,85.382343,Kathmandu,6,1,0,1,wet,31.92,1,33.29,0.46,100.7,3.994
HH00431,AQ0282,27.702728,85.273714,Kathmandu,8,1,1,1,dry,30.73,2,0.27,2.11,399.9,2.21
HH00432,AQ0324,27.744279,85.234004,Kathmandu,6,0,0,0,wet,33.05,2,5.64,0.32,360.5,1.51
HH00433,AQ0138,27.659311,85.273409,Kathmandu,4,1,0,1,wet,21.95,2,5.0,1.79,638.3,0.796
HH00434,AQ0035,27.667977,85.282215,Lalitpur,4,0,1,0,dry,41.31,2,19.48,1.2,280.3,6.136
HH00435,AQ0146,27.662864,85.264235,Kathmandu,3,1,1,1,dry,46.17,1,42.87,2.16,143.8,1.366
HH00436,AQ0103,27.670031,85.290708,Bhaktapur,5,0,1,0,dry,39.53,2,7.96,1.07,205.5,5.902
HH00437,AQ0382,27.74195,85.277775,Lalitpur,5,1,1,1,dry,20.29,0,0.5,0.87,720.8,4.843
HH00438,AQ0174,27.677019,85.430552,Lalitpur,5,0,1,0,dry,32.95,2,15.3,1.43,720.2,2.534
HH00439,AQ0322,27.666406,85.403422,Kathmandu,2,1,0,1,dry,40.03,2,24.41,2.35,294.4,7.9
HH00440,AQ0302,27.729871,85.424512,Kathmandu,7,1,1,0,dry,21.71,2,13.32,1.87,329.4,1.879
HH00441,AQ0007,27.649444,85.25485,Bhaktapur,7,0,0,1,wet,41.56,1,21.44,0.32,262.5,4.358
HH00442,AQ0360,27.768722,85.21917,Bhaktapur,5,1,1,0,wet,21.05,0,7.96,1.7,618.0,4.717
HH00443,AQ0423,27.780434,85.251356,Kathmandu,7,1,1,0,wet,5.78,2,2.13,0.84,338.3,10.215
HH00444,AQ0019,27.724916,85.426302,Lalitpur,3,1,0,0,dry,37.73,2,6.05,2.41,1036.0,3.644
HH00445,AQ0318,27.674061,85.219597,Kathmandu,4,1,1,0,dry,35.42,1,13.81,1.76,486.2,4.328
HH00446,AQ0214,27.77321,85.318163,Kathmandu,7,1,0,1,wet,31.06,2,0.5,2.49,663.3,8.486
HH00447,AQ0046,27.769505,85.4291,Kathmandu,5,1,0,1,dry,38.79,2,33.74,1.74,616.8,1.379
HH00448,AQ0365,27.779654,85.298233,Kathmandu,4,1,1,0,dry,24.96,2,13.45,1.31,251.0,4.236
HH00449,AQ0364,27.784607,85.301265,Lalitpur,4,1,1,1,dry,32.0,2,14.26,1.89,280.5,4.689
HH00450,AQ0343,27.746315,85.214331,Kathmandu,3,1,1,0,wet,29.84,2,10.17,0.95,1056.5,2.624
HH00451,AQ0349,27.68359,85.396127,Lalitpur,6,0,0,1,wet,27.82,0,0.97,0.77,518.2,10.372
HH00452,AQ0318,27.668241,85.22108,Kathmandu,4,0,1,0,dry,47.39,1,13.81,1.76,486.2,4.328
HH00453,AQ0392,27.723626,85.178636,Kathmandu,2,0,0,0,dry,35.66,2,7.32,1.88,169.9,5.859
HH00454,AQ0144,27.624836,85.448253,Bhaktapur,8,1,1,1,dry,40.47,2,23.38,2.45,441.0,6.921
HH00455,AQ0488,27.702815,85.298392,Kathmandu,2,1,0,1,dry,24.58,2,21.96,0.37,735.9,4.32
HH00456,AQ0456,27.74804,85.348481,Bhaktapur,2,1,1,0,dry,40.28,2,18.17,2.12,351.8,7.278
HH00457,AQ0182,27.730197,85.245894,Kathmandu,5,1,1,0,dry,26.09,2,4.0,0.31,666.5,10.505
HH00458,AQ0157,27.705937,85.266032,Kathmandu,5,1,0,0,dry,30.9,2,17.59,1.64,983.0,4.455
HH00459,AQ0236,27.676446,85.258901,Kathmandu,5,1,0,0,dry,52.64,2,33.7,1.71,534.9,7.509
HH00460,AQ0356,27.71322,85.294563,Lalitpur,4,1,1,0,dry,34.88,1,23.87,1.49,361.2,4.994
HH00461,AQ0182,27.741919,85.264093,Kathmandu,5,1,1,0,dry,17.01,2,4.0,0.31,666.5,10.505
HH00462,AQ0172,27.703358,85.379998,Kathmandu,5,0,1,0,dry,44.42,2,31.03,0.59,508.2,2.983
HH00463,AQ0081,27.606703,85.362502,Lalitpur,5,1,0,0,dry,21.26,2,2.09,1.57,247.0,11.675
HH00464,AQ0156,27.771597,85.340433,Bhaktapur,5,1,0,0,wet,30.22,2,6.68,1.63,179.3,3.983
HH00465,AQ0143,27.790774,85.442599,Lalitpur,6,1,1,0,dry,49.99,1,58.25,1.75,708.9,1.933
HH00466,AQ0073,27.666952,85.33415,Kathmandu,2,1,0,0,dry,30.44,0,8.98,2.21,777.7,4.644
HH00467,AQ0059,27.747504,85.309672,Kathmandu,6,1,0,0,wet,15.23,2,2.12,2.05,298.2,5.829
HH00468,AQ0438,27.76806,85.365203,Kathmandu,4,0,1,0,dry,39.63,2,27.61,0.68,1097.0,4.44
HH00469,AQ0121,27.705936,85.191291,Lalitpur,8,1,1,0,wet,18.3,1,15.79,0.57,392.1,4.861
HH00470,AQ0421,27.661265,85.373608,Kathmandu,5,1,1,1,dry,28.6,0,10.59,1.41,365.0,2.938
HH00471,AQ0284,27.754798,85.433995,Kathmandu,4,0,1,0,wet,24.92,2,8.12,1.07,529.9,3.975
HH00472,AQ0167,27.63896,85.330433,Kathmandu,7,0,0,0,dry,71.94,1,55.81,1.42,518.8,3.446
HH00473,AQ0031,27.725938,85.278906,Kathmandu,6,0,1,1,dry,34.82,0,0.5,0.79,559.8,8.001
HH00474,AQ0283,27.622386,85.30034,Kathmandu,3,1,0,1,wet,10.94,0,0.5,1.15,681.8,5.046
HH00475,AQ0486,27.786054,85.411111,Kathmandu,4,1,0,1,wet,16.75,2,2.56,2.4,211.9,3.107
HH00476,AQ0236,27.681715,85.23967,Kathmandu,3,0,1,1,dry,49.35,2,33.7,1.71,534.9,7.509
HH00477,AQ0290,27.762272,85.349935,Lalitpur,6,0,0,0,dry,37.55,2,21.73,0.67,173.3,3.581
HH00478,AQ0456,27.722,85.337662,Bhaktapur,4,1,0,1,dry,40.98,2,18.17,2.12,351.8,7.278
HH00479,AQ0004,27.735782,85.328552,Bhaktapur,3,0,0,1,dry,65.32,1,50.65,0.33,241.1,4.059
HH00480,AQ0450,27.587089,85.221258,Kathmandu,2,1,0,0,dry,18.76,0,7.01,1.05,400.1,2.715
HH00481,AQ0444,27.65336,85.370007,Kathmandu,4,0,0,1,dry,41.33,2,2.44,1.81,657.1,5.638
HH00482,AQ0071,27.671135,85.352223,Kathmandu,5,1,0,0,wet,18.7,2,11.08,1.66,418.9,5.134
HH00483,AQ0215,27.719942,85.233492,Kathmandu,5,0,0,0,wet,40.23,2,1.17,0.81,387.3,4.348
HH00484,AQ0275,27.645644,85.262687,Kathmandu,4,1,1,0,wet,1.89,2,0.5,0.48,245.0,5.412
HH00485,AQ0261,27.613897,85.223764,Lalitpur,5,1,1,0,wet,9.5,2,0.2,1.29,381.5,2.181
HH00486,AQ0011,27.697106,85.278305,Bhaktapur,8,1,1,0,dry,33.16,1,30.3,1.58,337.0,3.598
HH00487,AQ0008,27.709711,85.319505,Lalitpur,5,0,0,0,dry,36.3,0,4.63,1.06,240.8,3.615
HH00488,AQ0347,27.662116,85.275484,Kathmandu,6,0,0,0,wet,40.23,2,2.04,2.48,489.5,7.386
HH00489,AQ0402,27.683826,85.29264,Kathmandu,6,1,1,0,dry,31.67,2,8.71,2.21,272.9,2.597
HH00490,AQ0256,27.769098,85.30209,Kathmandu,6,1,0,0,dry,76.59,1,76.26,1.8,1420.7,9.278
HH00491,AQ0049,27.668231,85.233052,Lalitpur,6,1,1,0,dry,40.95,1,26.4,1.62,1332.5,3.076
HH00492,AQ0138,27.653256,85.296643,Kathmandu,6,0,1,0,wet,30.79,2,5.0,1.79,638.3,0.796
HH00493,AQ0215,27.724343,85.24876,Kathmandu,3,1,1,0,wet,7.4,2,1.17,0.81,387.3,4.348
HH00494,AQ0269,27.623553,85.412006,Kathmandu,2,1,0,0,wet,18.45,2,0.5,1.82,305.4,5.778
HH00495,AQ0080,27.670411,85.418999,Lalitpur,5,1,0,0,wet,19.11,2,2.74,1.48,284.5,4.931
HH00496,AQ0196,27.693935,85.411569,Kathmandu,5,0,1,0,dry,35.77,2,10.86,0.47,407.3,6.584
HH00497,AQ0447,27.67284,85.273273,Kathmandu,3,1,0,0,dry,17.58,2,0.5,1.41,445.7,5.308
HH00498,AQ0216,27.657335,85.451777,Kathmandu,5,1,0,0,wet,22.27,2,0.5,2.45,262.9,5.863
HH00499,AQ0077,27.677596,85.408406,Kathmandu,3,1,1,0,dry,18.21,2,4.37,0.84,571.5,3.353
HH00500,AQ0010,27.673786,85.260021,Lalitpur,5,0,1,0,wet,29.28,2,11.92,0.68,806.7,6.788
HH00501,AQ0097,27.678302,85.407463,Kathmandu,5,1,1,1,dry,40.58,1,32.46,1.89,167.6,2.521
HH00502,AQ0166,27.719947,85.222327,Kathmandu,5,1,1,0,dry,22.59,2,11.39,1.21,390.7,2.334
HH00503,AQ0162,27.769026,85.367642,Lalitpur,4,0,1,0,wet,29.43,2,8.69,0.76,184.3,5.383
HH00504,AQ0170,27.742576,85.346293,Lalitpur,4,1,1,0,dry,19.33,2,13.24,1.24,316.6,3.578
HH00505,AQ0290,27.766342,85.334364,Lalitpur,3,0,0,0,dry,46.85,2,21.73,0.67,173.3,3.581
HH00506,AQ0033,27.709029,85.432944,Kathmandu,5,0,1,0,dry,46.19,1,10.5,1.17,508.6,0.823
HH00507,AQ0060,27.619588,85.255382,Kathmandu,6,1,1,0,dry,18.01,2,11.31,0.72,289.0,2.958
HH00508,AQ0168,27.761464,85.359536,Bhaktapur,5,0,1,0,dry,36.31,2,14.35,0.93,751.5,8.539
HH00509,AQ0137,27.768244,85.238776,Kathmandu,5,0,1,1,wet,37.97,2,18.6,1.57,599.0,6.307
HH00510,AQ0230,27.705207,85.334056,Kathmandu,2,1,1,0,wet,19.97,2,2.98,0.87,913.6,4.91
HH00511,AQ0050,27.691163,85.339551,Lalitpur,5,1,1,1,dry,34.94,2,29.92,2.39,349.5,3.811
HH00512,AQ0397,27.586328,85.393488,Kathmandu,4,1,0,0,wet,30.64,2,10.66,0.65,1626.5,5.288
HH00513,AQ0387,27.746675,85.292758,Kathmandu,4,1,1,0,dry,26.4,2,17.01,1.29,371.5,2.904
HH00514,AQ0139,27.691883,85.255159,Kathmandu,5,1,1,1,dry,36.54,2,14.06,1.56,128.9,5.477
HH00515,AQ0218,27.656185,85.298035,Kathmandu,5,1,1,0,wet,22.46,2,7.76,1.18,508.6,5.322
HH00516,AQ0365,27.775704,85.290963,Kathmandu,3,1,1,0,dry,18.14,2,13.45,1.31,251.0,4.236
HH00517,AQ0466,27.605647,85.353618,Bhaktapur,5,1,1,0,wet,15.56,2,5.98,1.38,291.9,0.354
HH00518,AQ0440,27.765523,85.243419,Lalitpur,4,0,1,1,dry,48.37,0,20.4,2.11,358.4,1.614
HH00519,AQ0467,27.793554,85.341637,Kathmandu,5,1,1,0,wet,16.81,2,1.07,0.89,524.0,8.489
HH00520,AQ0322,27.665358,85.376325,Kathmandu,7,0,0,1,dry,56.68,2,24.41,2.35,294.4,7.9
HH00521,AQ0420,27.797138,85.238054,Kathmandu,6,0,1,0,dry,31.44,2,12.66,0.81,168.3,4.489
HH00522,AQ0138,27.658822,85.272817,Kathmandu,5,1,0,0,wet,29.48,2,5.0,1.79,638.3,0.796
HH00523,AQ0059,27.744569,85.313067,Kathmandu,5,1,0,0,wet,11.9,2,2.12,2.05,298.2,5.829
HH00524,AQ0173,27.770262,85.35267,Lalitpur,7,1,1,1,wet,42.09,0,9.79,2.09,572.4,4.352
HH00525,AQ0140,27.723915,85.328043,Bhaktapur,4,1,0,1,wet,15.2,2,6.74,0.43,478.3,2.849
HH00526,AQ0358,27.763933,85.20894,Kathmandu,6,1,1,0,dry,27.78,2,20.37,2.31,349.0,1.787
HH00527,AQ0187,27.694244,85.297584,Kathmandu,5,1,1,0,dry,36.65,2,8.15,2.12,277.9,5.551
HH00528,AQ0165,27.782516,85.415449,Lalitpur,3,1,1,1,wet,12.25,2,11.54,1.08,427.8,5.577
HH00529,AQ0252,27.61264,85.416908,Lalitpur,4,1,0,0,wet,24.58,2,17.27,0.88,366.8,3.172
HH00530,AQ0058,27.797471,85.437332,Kathmandu,6,1,0,1,dry,18.42,2,4.7,0.31,383.8,4.659
HH00531,AQ0322,27.679989,85.39903,Kathmandu,4,0,1,0,dry,45.91,2,24.41,2.35,294.4,7.9
HH00532,AQ0124,27.718761,85.213101,Lalitpur,4,0,0,0,dry,44.34,2,26.65,0.99,373.5,1.764
HH00533,AQ0064,27.631467,85.425293,Lalitpur,4,1,0,0,dry,24.2,2,0.5,0.84,544.4,2.357
HH00534,AQ0251,27.667969,85.20675,Lalitpur,6,0,0,0,dry,47.85,2,7.29,2.25,398.3,3.869
HH00535,AQ0398,27.782011,85.425584,Kathmandu,6,0,1,0,wet,25.37,2,7.8,2.03,603.4,2.182
HH00536,AQ0269,27.607637,85.390015,Kathmandu,3,0,0,0,wet,32.14,2,0.5,1.82,305.4,5.778
HH00537,AQ0485,27.661616,85.321263,Bhaktapur,6,0,1,1,dry,47.29,0,3.66,2.32,406.4,9.158
HH00538,AQ0181,27.607797,85.295592,Kathmandu,8,1,1,0,wet,36.41,1,14.94,2.06,269.3,2.92
HH00539,AQ0182,27.735867,85.278262,Kathmandu,5,1,1,1,dry,24.12,2,4.0,0.31,666.5,10.505
HH00540,AQ0038,27.627436,85.393057,Lalitpur,3,0,1,1,wet,27.5,2,2.0,1.59,545.2,7.045
HH00541,AQ0088,27.654422,85.259275,Kathmandu,4,1,1,1,dry,35.79,0,22.05,0.79,701.9,4.282
HH00542,AQ0204,27.77378,85.404472,Kathmandu,3,1,1,1,dry,30.27,2,19.9,0.79,409.6,1.355
HH00543,AQ0124,27.724782,85.224137,Lalitpur,7,0,0,1,dry,47.26,2,26.65,0.99,373.5,1.764
HH00544,AQ0179,27.719166,85.362836,Lalitpur,2,1,1,0,dry,34.08,1,28.52,0.37,504.3,5.454
HH00545,AQ0495,27.773747,85.323092,Kathmandu,7,1,0,1,wet,22.98,2,6.82,1.02,327.0,6.032
HH00546,AQ0048,27.678401,85.210853,Lalitpur,5,1,1,0,wet,21.83,2,14.62,1.84,395.3,5.667
HH00547,AQ0112,27.622555,85.27249,Bhaktapur,4,1,1,0,wet,9.92,2,5.57,0.3,602.8,6.552
HH00548,AQ0296,27.602967,85.436804,Bhaktapur,4,1,1,0,dry,40.93,1,30.31,1.99,364.9,0.875
HH00549,AQ0279,27.611182,85.377978,Kathmandu,5,0,1,0,wet,29.02,2,7.61,1.94,766.4,2.497
HH00550,AQ0015,27.763701,85.40996,Bhaktapur,4,1,1,0,wet,19.67,2,10.43,1.49,200.3,3.429
HH00551,AQ0012,27.78769,85.429857,Kathmandu,4,1,0,0,wet,8.42,2,0.5,1.6,673.0,8.957
HH00552,AQ0491,27.621602,85.292501,Kathmandu,4,0,1,0,wet,21.51,2,2.71,2.03,248.9,2.969
HH00553,AQ0357,27.658673,85.282128,Kathmandu,5,0,1,0,wet,44.68,2,11.84,1.13,1226.5,3.513
HH00554,AQ0404,27.704913,85.402632,Lalitpur,8,1,0,0,dry,41.12,2,14.22,1.91,1000.7,4.538
HH00555,AQ0475,27.612442,85.277249,Kathmandu,5,1,0,1,dry,21.55,0,1.18,1.89,188.8,1.483
HH00556,AQ0060,27.650426,85.236281,Kathmandu,5,1,1,0,dry,25.43,2,11.31,0.72,289.0,2.958
HH00557,AQ0352,27.637525,85.354563,Bhaktapur,4,0,1,1,dry,38.12,0,7.26,1.32,568.8,5.708
HH00558,AQ0281,27.68408,85.301413,Kathmandu,7,1,0,0,wet,4.06,2,0.2,0.42,307.3,7.772
HH00559,AQ0393,27.755778,85.227317,Lalitpur,7,1,1,1,dry,41.93,2,23.08,2.44,334.7,3.763
HH00560,AQ0245,27.739558,85.296506,Kathmandu,4,1,1,1,dry,17.78,2,6.81,0.53,138.2,5.28
HH00561,AQ0011,27.713298,85.261828,Bhaktapur,4,0,1,1,dry,44.66,1,30.3,1.58,337.0,3.598
HH00562,AQ0489,27.599042,85.230799,Kathmandu,4,1,1,0,dry,14.76,0,0.5,0.85,178.9,11.626
HH00563,AQ0244,27.73663,85.369762,Lalitpur,5,1,1,0,dry,51.86,1,39.75,2.2,589.8,4.016
HH00564,AQ0286,27.777069,85.256853,Kathmandu,5,0,0,0,wet,23.86,1,14.56,0.33,210.9,6.04
HH00565,AQ0208,27.732782,85.415467,Kathmandu,6,0,1,1,dry,53.28,1,28.88,1.79,568.6,2.599
HH00566,AQ0460,27.731875,85.353588,Kathmandu,5,1,1,0,wet,17.54,0,10.47,2.45,279.6,2.467
HH00567,AQ0213,27.733461,85.278102,Kathmandu,5,1,0,0,dry,25.09,1,32.18,0.49,289.3,1.24
HH00568,AQ0089,27.733491,85.319268,Kathmandu,7,1,1,0,dry,26.05,2,13.77,0.87,677.7,5.932
HH00569,AQ0150,27.749619,85.35005,Bhaktapur,3,0,0,0,dry,37.2,2,3.72,1.68,198.0,8.008
HH00570,AQ0117,27.689294,85.356785,Bhaktapur,8,0,1,0,wet,42.76,2,17.91,1.64,277.1,3.967
HH00571,AQ0132,27.711434,85.276378,Kathmandu,7,1,1,0,dry,36.59,2,23.97,2.29,252.1,0.59
HH00572,AQ0408,27.703041,85.358422,Kathmandu,4,1,1,1,dry,37.8,2,17.03,2.36,645.2,2.775
HH00573,AQ0198,27.663181,85.267274,Lalitpur,5,0,1,1,wet,30.33,2,4.93,1.26,742.9,12.027
HH00574,AQ0495,27.751543,85.333376,Kathmandu,6,1,1,0,wet,9.14,2,6.82,1.02,327.0,6.032
HH00575,AQ0031,27.722414,85.275698,Kathmandu,4,0,1,0,dry,20.54,0,0.5,0.79,559.8,8.001
HH00576,AQ0294,27.718324,85.362941,Lalitpur,5,1,0,0,dry,34.33,2,15.15,2.3,207.9,3.191
HH00577,AQ0242,27.768057,85.405308,Lalitpur,6,0,0,0,wet,33.05,2,7.61,1.43,248.0,5.972
HH00578,AQ0013,27.696901,85.424873,Lalitpur,4,1,0,0,dry,42.01,2,17.5,2.43,410.2,7.467
HH00579,AQ0296,27.619262,85.420217,Bhaktapur,5,1,0,1,dry,41.91,1,30.31,1.99,364.9,0.875
HH00580,AQ0234,27.693786,85.365175,Lalitpur,5,1,0,0,dry,36.11,1,21.86,2.31,171.8,4.88
HH00581,AQ0028,27.771217,85.329897,Kathmandu,3,1,0,0,dry,19.31,2,6.41,0.9,696.4,5.045
HH00582,AQ0215,27.726538,85.242462,Kathmandu,6,0,1,0,wet,21.83,2,1.17,0.81,387.3,4.348
HH00583,AQ0171,27.757686,85.384612,Lalitpur,6,1,0,0,wet,23.27,2,1.03,2.26,477.9,5.73
HH00584,AQ0133,27.7209,85.403091,Kathmandu,4,0,1,1,dry,30.31,2,6.81,0.82,456.2,3.934
HH00585,AQ0074,27.632903,85.377154,Bhaktapur,4,1,0,0,wet,24.33,2,9.5,1.07,579.6,2.212
HH00586,AQ0454,27.734939,85.298598,Kathmandu,5,1,1,0,dry,28.14,2,11.96,1.82,511.8,0.62
HH00587,AQ0112,27.610886,85.29815,Bhaktapur,8,1,0,0,wet,19.43,2,5.57,0.3,602.8,6.552
HH00588,AQ0153,27.78334,85.317101,Kathmandu,7,1,0,0,wet,19.1,2,15.94,0.59,346.8,2.404
HH00589,AQ0450,27.598647,85.220794,Kathmandu,6,1,0,0,dry,11.97,0,7.01,1.05,400.1,2.715
HH00590,AQ0272,27.746906,85.230464,Kathmandu,3,1,1,0,wet,21.99,2,7.22,1.65,95.5,1.256
HH00591,AQ0495,27.766542,85.351367,Kathmandu,4,1,1,0,wet,14.14,2,6.82,1.02,327.0,6.032
HH00592,AQ0317,27.788204,85.279625,Kathmandu,2,1,1,0,dry,18.74,2,4.2,0.72,308.7,5.726
HH00593,AQ0436,27.776803,85.337899,Lalitpur,5,1,1,0,wet,27.77,1,21.95,0.88,790.0,3.089
HH00594,AQ0201,27.635047,85.426148,Kathmandu,6,1,0,0,dry,5.99,2,0.5,0.89,876.8,4.019
HH00595,AQ0315,27.613469,85.25015,Kathmandu,4,0,0,1,wet,39.6,2,9.3,2.14,176.3,3.675
HH00596,AQ0299,27.769202,85.348039,Bhaktapur,4,1,1,0,dry,33.22,1,26.28,0.62,416.6,4.749
HH00597,AQ0452,27.62231,85.417534,Kathmandu,4,0,1,1,dry,23.25,2,0.5,0.83,605.5,7.631
HH00598,AQ0481,27.685562,85.427506,Kathmandu,5,1,0,0,dry,15.32,2,0.2,1.13,339.0,9.156
HH00599,AQ0467,27.796639,85.329723,Kathmandu,4,1,0,0,wet,15.05,2,1.07,0.89,524.0,8.489
HH00600,AQ0309,27.757117,85.39325,Kathmandu,3,1,1,0,dry,21.88,0,14.35,2.05,373.6,2.401
HH00601,AQ0069,27.729214,85.257345,Lalitpur,5,0,1,1,wet,32.9,0,3.92,1.6,156.7,6.949
HH00602,AQ0195,27.665587,85.197671,Lalitpur,4,1,0,0,dry,29.56,1,15.47,2.36,515.7,6.57
HH00603,AQ0482,27.759745,85.33813,Kathmandu,4,0,1,0,wet,33.29,2,5.0,1.71,465.9,2.045
HH00604,AQ0469,27.637491,85.322564,Kathmandu,7,1,1,0,wet,7.54,2,7.99,0.68,274.4,3.93
HH00605,AQ0479,27.721563,85.43096,Kathmandu,4,0,0,0,wet,35.62,2,20.77,0.66,331.6,0.806
HH00606,AQ0158,27.707929,85.260243,Kathmandu,3,1,0,1,wet,12.64,0,0.2,1.93,174.5,6.479
HH00607,AQ0417,27.803059,85.364949,Bhaktapur,4,0,1,0,dry,31.11,2,9.83,1.19,962.3,4.022
HH00608,AQ0004,27.704926,85.305778,Bhaktapur,7,1,0,1,dry,39.97,1,50.65,0.33,241.1,4.059
HH00609,AQ0127,27.803776,85.403097,Lalitpur,3,1,1,0,dry,20.67,2,19.89,0.57,465.8,7.986
HH00610,AQ0397,27.583773,85.402352,Kathmandu,3,0,0,0,wet,39.35,2,10.66,0.65,1626.5,5.288
HH00611,AQ0168,27.73789,85.356366,Bhaktapur,5,0,1,0,dry,37.24,2,14.35,0.93,751.5,8.539
HH00612,AQ0468,27.722861,85.401726,Kathmandu,4,1,1,1,dry,21.19,2,12.23,0.71,204.7,5.625
HH00613,AQ0239,27.688113,85.413501,Kathmandu,4,1,0,0,dry,32.11,0,16.47,2.15,859.8,1.772
HH00614,AQ0075,27.791773,85.212127,Bhaktapur,5,1,0,1,dry,30.48,2,20.63,1.26,816.6,0.159
HH00615,AQ0054,27.709559,85.370154,Lalitpur,4,0,0,1,wet,57.17,0,18.13,1.24,890.5,6.616
HH00616,AQ0167,27.636412,85.331275,Kathmandu,3,1,0,0,dry,42.57,1,55.81,1.42,518.8,3.446
HH00617,AQ0024,27.707843,85.411948,Bhaktapur,6,1,0,0,dry,30.7,0,13.79,1.56,217.0,6.137
HH00618,AQ0424,27.619255,85.258395,Kathmandu,4,1,1,0,dry,16.0,2,2.47,0.37,899.6,8.837
HH00619,AQ0193,27.685205,85.305108,Bhaktapur,6,1,1,0,wet,19.85,1,15.2,1.47,242.2,0.01
HH00620,AQ0153,27.803874,85.300664,Kathmandu,4,1,0,1,wet,24.42,2,15.94,0.59,346.8,2.404
HH00621,AQ0076,27.669976,85.264966,Lalitpur,7,1,1,0,dry,34.48,1,33.05,1.97,110.0,8.381
HH00622,AQ0001,27.677153,85.444909,Lalitpur,3,0,1,0,dry,40.07,2,13.36,1.25,301.8,4.323
HH00623,AQ0412,27.76528,85.404037,Kathmandu,7,1,1,0,dry,32.92,2,8.33,2.18,185.3,7.945
HH00624,AQ0449,27.621089,85.412026,Lalitpur,6,1,1,0,dry,24.14,2,7.24,1.55,265.0,8.963
HH00625,AQ0041,27.698518,85.336094,Kathmandu,3,1,0,0,dry,26.62,0,15.44,2.31,374.0,5.319
HH00626,AQ0196,27.675532,85.375561,Kathmandu,5,1,0,1,dry,22.26,2,10.86,0.47,407.3,6.584
HH00627,AQ0103,27.680269,85.289761,Bhaktapur,3,0,1,1,dry,37.55,2,7.96,1.07,205.5,5.902
HH00628,AQ0426,27.756282,85.421124,Bhaktapur,5,0,1,0,dry,29.79,2,0.5,0.47,539.8,6.45
HH00629,AQ0375,27.755076,85.43558,Lalitpur,5,0,1,0,dry,34.01,0,5.15,1.57,569.9,3.142
HH00630,AQ0199,27.646182,85.222905,Kathmandu,2,0,0,0,dry,36.85,2,24.86,1.41,194.7,1.562
HH00631,AQ0274,27.72044,85.434873,Kathmandu,5,1,0,0,dry,38.08,1,31.82,0.8,1318.8,6.851
HH00632,AQ0044,27.606629,85.422223,Kathmandu,4,0,0,0,dry,35.28,2,6.34,0.96,391.2,7.878
HH00633,AQ0126,27.648603,85.420665,Kathmandu,7,0,1,0,dry,52.63,1,28.45,0.76,189.9,8.248
HH00634,AQ0018,27.593637,85.347835,Kathmandu,5,1,1,0,dry,20.2,2,8.12,0.33,1421.3,6.973
HH00635,AQ0032,27.637751,85.265369,Kathmandu,4,1,0,0,dry,14.07,2,2.85,2.07,262.9,6.004
HH00636,AQ0374,27.815519,85.243773,Kathmandu,2,0,1,0,dry,41.31,2,19.82,1.1,714.4,6.803
HH00637,AQ0458,27.769454,85.425286,Kathmandu,3,1,0,0,dry,14.64,1,1.0,1.29,714.9,6.011
HH00638,AQ0180,27.639764,85.424,Lalitpur,7,1,0,1,dry,51.55,2,20.07,2.37,343.4,5.825
HH00639,AQ0398,27.762127,85.425526,Kathmandu,5,1,1,0,wet,18.38,2,7.8,2.03,603.4,2.182
HH00640,AQ0012,27.795295,85.446846,Kathmandu,7,1,0,0,wet,16.76,2,0.5,1.6,673.0,8.957
HH00641,AQ0431,27.65224,85.254369,Lalitpur,4,1,1,0,wet,18.72,2,7.91,2.4,262.3,5.193
HH00642,AQ0045,27.69145,85.298384,Lalitpur,2,0,1,1,dry,29.57,0,10.02,0.53,460.5,7.873
HH00643,AQ0377,27.63365,85.391192,Bhaktapur,6,1,1,0,wet,22.16,1,18.16,0.52,100.4,5.144
HH00644,AQ0215,27.716143,85.251877,Kathmandu,5,0,1,0,wet,18.02,2,1.17,0.81,387.3,4.348
HH00645,AQ0125,27.699345,85.281701,Bhaktapur,2,0,1,0,wet,27.01,2,6.8,1.49,158.8,3.248
HH00646,AQ0387,27.763592,85.289779,Kathmandu,5,1,1,0,dry,20.74,2,17.01,1.29,371.5,2.904
HH00647,AQ0443,27.646379,85.238445,Kathmandu,8,0,1,0,dry,39.09,2,14.7,1.53,360.2,4.198
HH00648,AQ0241,27.712344,85.444363,Kathmandu,5,1,0,0,dry,19.28,2,0.5,2.03,358.7,4.222
HH00649,AQ0282,27.715143,85.28496,Kathmandu,4,1,1,1,dry,25.57,2,0.27,2.11,399.9,2.21
HH00650,AQ0375,27.730635,85.44767,Lalitpur,7,1,0,0,dry,19.6,0,5.15,1.57,569.9,3.142
HH00651,AQ0042,27.715025,85.348776,Kathmandu,7,1,1,0,wet,36.58,1,20.63,2.47,1237.3,8.569
HH00652,AQ0355,27.76925,85.228947,Bhaktapur,6,1,1,1,dry,46.9,1,38.13,1.55,441.0,6.036
HH00653,AQ0315,27.61364,85.253866,Kathmandu,3,1,1,1,wet,22.77,2,9.3,2.14,176.3,3.675
HH00654,AQ0153,27.798388,85.313728,Kathmandu,4,0,0,0,wet,26.17,2,15.94,0.59,346.8,2.404
HH00655,AQ0079,27.703924,85.378994,Kathmandu,6,1,0,0,dry,30.02,2,14.56,1.64,824.8,2.576
HH00656,AQ0162,27.765989,85.376279,Lalitpur,6,1,1,1,wet,5.6,2,8.69,0.76,184.3,5.383
HH00657,AQ0329,27.633255,85.369225,Kathmandu,4,1,1,0,wet,24.77,2,7.67,1.87,1011.3,9.397
HH00658,AQ0325,27.603842,85.223494,Lalitpur,8,1,0,0,wet,28.59,2,5.06,1.69,422.7,3.345
HH00659,AQ0489,27.615547,85.240434,Kathmandu,4,1,0,0,dry,8.21,0,0.5,0.85,178.9,11.626
HH00660,AQ0318,27.677743,85.2194,Kathmandu,5,1,1,0,dry,26.05,1,13.81,1.76,486.2,4.328
HH00661,AQ0223,27.689444,85.199855,Kathmandu,4,0,0,0,dry,21.41,2,3.54,0.33,539.6,10.122
HH00662,AQ0137,27.767911,85.238434,Kathmandu,6,1,0,0,wet,28.32,2,18.6,1.57,599.0,6.307
HH00663,AQ0142,27.697293,85.447819,Kathmandu,3,1,0,0,dry,25.02,2,6.43,1.97,398.8,3.905
HH00664,AQ0108,27.726702,85.289104,Bhaktapur,4,1,0,0,dry,37.14,2,11.45,2.47,730.4,1.058
HH00665,AQ0254,27.758018,85.302054,Kathmandu,4,1,0,0,dry,15.07,0,0.2,1.47,326.0,4.902
HH00666,AQ0117,27.706503,85.364168,Bhaktapur,6,1,1,0,wet,23.84,2,17.91,1.64,277.1,3.967
HH00667,AQ0233,27.723232,85.349583,Kathmandu,6,1,1,1,wet,29.95,0,7.46,0.89,837.6,4.788
HH00668,AQ0465,27.734268,85.39059,Lalitpur,6,1,1,0,dry,25.77,2,6.9,1.25,336.6,0.454
HH00669,AQ0096,27.629499,85.300542,Kathmandu,4,0,1,1,dry,40.65,1,31.86,0.91,452.7,0.192
HH00670,AQ0186,27.794669,85.41438,Kathmandu,4,1,1,0,wet,27.64,0,19.21,0.81,598.0,4.049
HH00671,AQ0021,27.756946,85.270946,Kathmandu,3,1,0,0,wet,21.14,2,2.04,2.12,1015.5,1.753
HH00672,AQ0230,27.70189,85.332181,Kathmandu,6,1,1,0,wet,21.05,2,2.98,0.87,913.6,4.91
HH00673,AQ0216,27.665568,85.435697,Kathmandu,5,0,1,0,wet,28.36,2,0.5,2.45,262.9,5.863
HH00674,AQ0272,27.764798,85.232849,Kathmandu,5,1,1,0,wet,17.02,2,7.22,1.65,95.5,1.256
HH00675,AQ0374,27.795621,85.24186,Kathmandu,5,0,1,0,dry,39.05,2,19.82,1.1,714.4,6.803
HH00676,AQ0004,27.707495,85.340249,Bhaktapur,4,1,1,1,dry,46.97,1,50.65,0.33,241.1,4.059
HH00677,AQ0218,27.673555,85.308175,Kathmandu,6,1,0,1,wet,18.7,2,7.76,1.18,508.6,5.322
HH00678,AQ0438,27.762591,85.366198,Kathmandu,4,1,1,0,dry,35.47,2,27.61,0.68,1097.0,4.44
HH00679,AQ0488,27.71097,85.28602,Kathmandu,6,1,1,1,dry,30.99,2,21.96,0.37,735.9,4.32
HH00680,AQ0243,27.742426,85.260258,Kathmandu,4,1,1,0,dry,33.76,2,10.04,2.07,942.7,0.01
HH00681,AQ0239,27.691387,85.411552,Kathmandu,3,1,1,0,dry,38.03,0,16.47,2.15,859.8,1.772
HH00682,AQ0138,27.655756,85.306054,Kathmandu,4,1,1,1,wet,16.51,2,5.0,1.79,638.3,0.796
HH00683,AQ0088,27.641462,85.255131,Kathmandu,6,1,0,0,dry,28.19,0,22.05,0.79,701.9,4.282
HH00684,AQ0050,27.676598,85.34022,Lalitpur,7,1,0,0,dry,43.91,2,29.92,2.39,349.5,3.811
HH00685,AQ0399,27.636212,85.409208,Kathmandu,3,1,1,0,dry,18.76,2,3.6,1.05,299.1,1.983
HH00686,AQ0292,27.794156,85.281217,Kathmandu,8,0,1,0,wet,38.05,2,11.72,1.79,605.3,8.224
HH00687,AQ0212,27.797772,85.28248,Kathmandu,5,1,0,0,wet,12.09,2,0.58,0.53,804.7,3.055
HH00688,AQ0397,27.614034,85.417092,Kathmandu,5,0,1,1,wet,37.26,2,10.66,0.65,1626.5,5.288
HH00689,AQ0461,27.697494,85.213293,Kathmandu,6,0,0,0,dry,38.01,2,13.51,2.31,483.6,1.305
HH00690,AQ0347,27.659068,85.279019,Kathmandu,3,1,1,0,wet,26.36,2,2.04,2.48,489.5,7.386
HH00691,AQ0344,27.593311,85.225011,Kathmandu,5,1,1,1,dry,22.26,2,17.38,1.33,70.4,3.09
HH00692,AQ0089,27.720263,85.300755,Kathmandu,3,0,1,0,dry,36.63,2,13.77,0.87,677.7,5.932
HH00693,AQ0398,27.772851,85.435035,Kathmandu,3,0,0,1,wet,36.51,2,7.8,2.03,603.4,2.182
HH00694,AQ0222,27.735232,85.293308,Kathmandu,3,0,1,1,dry,47.48,2,21.56,1.69,486.4,8.711
HH00695,AQ0434,27.759882,85.383008,Lalitpur,5,1,1,0,dry,30.0,2,18.62,0.64,467.8,2.721
HH00696,AQ0049,27.648093,85.212552,Lalitpur,5,1,1,0,dry,52.77,1,26.4,1.62,1332.5,3.076
HH00697,AQ0394,27.709754,85.352703,Lalitpur,5,1,1,1,wet,25.8,1,16.1,2.36,242.3,8.754
HH00698,AQ0037,27.598666,85.338649,Kathmandu,7,0,1,0,dry,33.92,2,2.52,1.21,731.6,8.424
HH00699,AQ0001,27.672377,85.453866,Lalitpur,4,1,0,0,dry,22.1,2,13.36,1.25,301.8,4.323
HH00700,AQ0460,27.734811,85.354759,Kathmandu,6,1,0,0,wet,25.22,0,10.47,2.45,279.6,2.467
HH00701,AQ0457,27.746377,85.201032,Kathmandu,4,1,0,0,dry,23.8,2,17.16,2.42,498.8,5.621
HH00702,AQ0176,27.728894,85.258496,Kathmandu,3,1,1,1,dry,40.73,2,22.26,1.16,714.5,6.191
HH00703,AQ0244,27.73781,85.377755,Lalitpur,6,1,1,0,dry,53.17,1,39.75,2.2,589.8,4.016
HH00704,AQ0373,27.60761,85.20637,Lalitpur,8,1,1,0,dry,35.08,2,16.64,1.71,418.6,8.724
HH00705,AQ0248,27.750842,85.359427,Kathmandu,3,1,1,0,dry,22.19,2,6.62,1.05,558.8,6.498
HH00706,AQ0024,27.698005,85.417113,Bhaktapur,2,1,1,0,dry,19.86,0,13.79,1.56,217.0,6.137
HH00707,AQ0058,27.780081,85.408444,Kathmandu,2,1,1,0,dry,9.85,2,4.7,0.31,383.8,4.659
HH00708,AQ0162,27.787647,85.37089,Lalitpur,4,1,1,1,wet,21.19,2,8.69,0.76,184.3,5.383
HH00709,AQ0071,27.689693,85.346584,Kathmandu,4,0,1,1,wet,33.77,2,11.08,1.66,418.9,5.134
HH00710,AQ0185,27.704759,85.374874,Kathmandu,2,1,1,0,dry,24.05,2,0.5,1.12,277.8,2.334
HH00711,AQ0142,27.709977,85.428908,Kathmandu,5,1,1,0,dry,25.88,2,6.43,1.97,398.8,3.905
HH00712,AQ0356,27.694154,85.292961,Lalitpur,8,0,1,0,dry,50.72,1,23.87,1.49,361.2,4.994
HH00713,AQ0267,27.676619,85.254489,Kathmandu,5,0,0,0,dry,38.26,2,2.44,0.59,477.3,5.594
HH00714,AQ0389,27.660136,85.424782,Kathmandu,6,0,1,1,wet,41.91,2,19.29,2.38,182.2,1.172
HH00715,AQ0471,27.797391,85.405893,Bhaktapur,5,0,1,0,wet,39.28,2,13.46,2.37,1315.1,2.018
HH00716,AQ0473,27.70348,85.245826,Bhaktapur,4,1,0,0,dry,39.89,2,28.66,2.31,846.7,0.415
HH00717,AQ0087,27.627319,85.305974,Kathmandu,3,1,0,0,dry,22.53,2,9.39,0.43,474.1,4.718
HH00718,AQ0371,27.653857,85.429209,Kathmandu,5,1,0,0,wet,30.19,2,6.69,2.34,2000.0,1.943
HH00719,AQ0031,27.719978,85.283982,Kathmandu,3,1,1,0,dry,22.35,0,0.5,0.79,559.8,8.001
HH00720,AQ0368,27.761109,85.266527,Bhaktapur,4,1,1,1,dry,25.74,0,12.89,0.62,313.9,3.934
HH00721,AQ0087,27.627067,85.287829,Kathmandu,4,1,0,0,dry,14.18,2,9.39,0.43,474.1,4.718
HH00722,AQ0321,27.718812,85.40903,Kathmandu,7,1,0,0,dry,20.46,2,0.2,1.84,756.4,3.588
HH00723,AQ0303,27.794984,85.253007,Lalitpur,7,1,0,0,wet,28.19,2,8.3,1.81,197.8,0.817
HH00724,AQ0138,27.663887,85.294397,Kathmandu,5,1,1,0,wet,11.7,2,5.0,1.79,638.3,0.796
HH00725,AQ0287,27.766354,85.412914,Kathmandu,7,1,0,0,wet,7.06,2,3.46,1.05,326.1,4.716
HH00726,AQ0340,27.639857,85.395869,Lalitpur,2,1,1,0,dry,41.36,0,32.44,2.05,600.3,2.566
HH00727,AQ0062,27.610599,85.412216,Lalitpur,7,0,0,0,wet,34.19,0,15.2,2.38,305.5,3.69
HH00728,AQ0123,27.716744,85.283536,Lalitpur,5,1,0,0,dry,21.4,2,27.06,0.46,224.3,5.407
HH00729,AQ0037,27.62297,85.347082,Kathmandu,7,1,0,0,dry,27.74,2,2.52,1.21,731.6,8.424
HH00730,AQ0376,27.640921,85.204152,Kathmandu,8,1,1,0,wet,8.99,2,1.0,0.33,476.8,3.725
HH00731,AQ0253,27.685405,85.317971,Kathmandu,4,1,1,1,wet,23.47,1,13.42,2.07,818.6,1.167
HH00732,AQ0391,27.68864,85.212321,Lalitpur,5,0,0,0,dry,34.76,2,2.09,2.25,219.2,4.888
HH00733,AQ0429,27.778512,85.317541,Kathmandu,4,1,0,0,dry,42.04,1,46.11,1.33,261.3,6.166
HH00734,AQ0105,27.788306,85.423473,Lalitpur,6,1,1,0,dry,8.84,2,4.71,1.03,271.3,2.717
HH00735,AQ0483,27.64859,85.325523,Kathmandu,5,0,1,0,dry,54.12,1,48.0,0.95,508.8,6.968
HH00736,AQ0417,27.790106,85.372031,Bhaktapur,4,0,0,0,dry,44.7,2,9.83,1.19,962.3,4.022
HH00737,AQ0428,27.779964,85.351288,Kathmandu,4,1,1,0,dry,41.25,2,29.15,1.0,1447.0,1.295
HH00738,AQ0023,27.619048,85.335098,Kathmandu,4,0,1,1,dry,41.63,0,21.31,0.49,463.3,6.26
HH00739,AQ0401,27.625273,85.401715,Bhaktapur,4,1,0,1,dry,43.09,2,11.6,2.38,181.8,0.01
HH00740,AQ0047,27.626781,85.274005,Lalitpur,7,0,1,0,wet,35.76,1,21.3,0.87,486.5,5.533
HH00741,AQ0249,27.642407,85.238928,Bhaktapur,2,0,1,0,wet,24.35,1,20.26,0.59,172.5,7.761
HH00742,AQ0278,27.73581,85.38758,Lalitpur,5,1,0,0,dry,21.62,2,9.29,1.5,164.2,7.43
HH00743,AQ0257,27.63602,85.376919,Kathmandu,6,1,1,0,dry,21.76,2,10.46,1.46,257.9,4.836
HH00744,AQ0312,27.792386,85.441756,Kathmandu,3,0,0,1,dry,52.09,0,23.92,1.01,222.4,2.412
HH00745,AQ0240,27.782079,85.245987,Kathmandu,6,1,0,1,dry,29.66,2,14.18,2.49,630.8,0.443
HH00746,AQ0290,27.776426,85.346728,Lalitpur,3,1,0,0,dry,18.31,2,21.73,0.67,173.3,3.581
HH00747,AQ0339,27.782132,85.383973,Kathmandu,6,1,1,0,wet,23.95,2,7.38,1.99,178.6,4.864
HH00748,AQ0243,27.753234,85.237537,Kathmandu,6,1,1,0,dry,38.93,2,10.04,2.07,942.7,0.01
HH00749,AQ0130,27.608845,85.302988,Lalitpur,8,1,1,0,dry,37.73,2,21.93,1.93,708.6,3.348
HH00750,AQ0363,27.684763,85.353216,Kathmandu,3,0,1,1,wet,29.81,2,4.46,0.98,318.1,8.397
HH00751,AQ0191,27.658873,85.452775,Kathmandu,7,1,1,0,wet,24.4,2,14.12,0.44,149.6,6.501
HH00752,AQ0011,27.711614,85.277291,Bhaktapur,4,0,0,0,dry,46.34,1,30.3,1.58,337.0,3.598
HH00753,AQ0103,27.678169,85.28813,Bhaktapur,5,0,1,0,dry,37.53,2,7.96,1.07,205.5,5.902
HH00754,AQ0475,27.607616,85.283608,Kathmandu,5,0,1,0,dry,35.66,0,1.18,1.89,188.8,1.483
HH00755,AQ0212,27.776375,85.263915,Kathmandu,4,1,1,0,wet,12.31,2,0.58,0.53,804.7,3.055
HH00756,AQ0452,27.590833,85.43594,Kathmandu,6,0,0,0,dry,45.68,2,0.5,0.83,605.5,7.631
HH00757,AQ0113,27.621062,85.29729,Kathmandu,4,1,1,0,wet,23.14,2,20.19,1.96,488.2,7.507
HH00758,AQ0096,27.628006,85.282922,Kathmandu,3,1,1,0,dry,32.91,1,31.86,0.91,452.7,0.192
HH00759,AQ0011,27.723143,85.282649,Bhaktapur,4,1,1,0,dry,36.24,1,30.3,1.58,337.0,3.598
HH00760,AQ0056,27.599711,85.337041,Kathmandu,4,0,0,1,dry,74.44,1,48.84,2.29,560.8,0.01
HH00761,AQ0267,27.682892,85.260415,Kathmandu,4,1,0,0,dry,8.73,2,2.44,0.59,477.3,5.594
HH00762,AQ0442,27.715364,85.252829,Bhaktapur,5,0,1,1,dry,42.5,2,15.04,1.59,861.5,1.862
HH00763,AQ0052,27.589002,85.453147,Kathmandu,7,1,1,0,wet,33.88,2,3.32,2.29,605.7,6.826
HH00764,AQ0492,27.612011,85.35933,Lalitpur,5,1,0,0,wet,14.12,2,8.34,1.27,515.0,3.212
HH00765,AQ0116,27.642507,85.325282,Lalitpur,5,1,1,0,dry,13.25,2,13.03,0.82,944.6,1.593
HH00766,AQ0492,27.60791,85.364473,Lalitpur,3,1,1,0,wet,15.28,2,8.34,1.27,515.0,3.212
HH00767,AQ0120,27.594145,85.406703,Kathmandu,5,0,1,0,dry,43.19,0,28.69,1.72,146.5,0.656
HH00768,AQ0071,27.674953,85.332129,Kathmandu,6,0,0,1,wet,46.27,2,11.08,1.66,418.9,5.134
HH00769,AQ0292,27.813644,85.26964,Kathmandu,5,1,0,0,wet,14.44,2,11.72,1.79,605.3,8.224
HH00770,AQ0436,27.789894,85.341227,Lalitpur,4,1,0,0,wet,24.86,1,21.95,0.88,790.0,3.089
HH00771,AQ0209,27.784044,85.408556,Kathmandu,6,1,1,0,dry,39.97,2,7.62,1.84,841.1,8.044
HH00772,AQ0474,27.64552,85.26225,Kathmandu,5,1,0,1,wet,20.83,1,8.47,0.69,234.8,0.71
HH00773,AQ0378,27.661301,85.251077,Kathmandu,3,1,0,1,wet,28.76,2,5.14,1.89,1219.1,9.29
HH00774,AQ0258,27.720168,85.417153,Kathmandu,8,1,1,0,dry,39.19,2,30.08,1.02,446.8,4.502
HH00775,AQ0034,27.752766,85.240435,Kathmandu,6,0,0,0,dry,41.12,1,8.6,1.54,334.5,9.812
HH00776,AQ0226,27.685425,85.350038,Kathmandu,4,0,0,1,dry,36.29,2,14.68,0.99,218.1,6.989
HH00777,AQ0407,27.608096,85.430493,Kathmandu,4,1,1,1,dry,39.27,1,34.08,1.35,191.7,4.044
HH00778,AQ0341,27.764949,85.266862,Kathmandu,2,1,1,0,wet,15.02,1,15.28,1.27,160.0,2.487
HH00779,AQ0324,27.75138,85.243695,Kathmandu,4,0,0,1,wet,33.97,2,5.64,0.32,360.5,1.51
HH00780,AQ0108,27.730047,85.292962,Bhaktapur,4,1,1,0,dry,29.33,2,11.45,2.47,730.4,1.058
HH00781,AQ0470,27.609691,85.258,Kathmandu,8,1,1,0,wet,18.47,2,11.79,0.8,304.1,5.56
HH00782,AQ0177,27.711638,85.417297,Kathmandu,8,0,1,0,dry,57.25,2,27.76,2.2,609.5,7.628
HH00783,AQ0358,27.740943,85.201993,Kathmandu,7,1,0,0,dry,30.47,2,20.37,2.31,349.0,1.787
HH00784,AQ0310,27.702236,85.311702,Lalitpur,7,0,0,0,dry,26.74,2,2.32,1.31,114.1,7.355
HH00785,AQ0267,27.707543,85.243214,Kathmandu,7,0,1,0,dry,33.16,2,2.44,0.59,477.3,5.594
HH00786,AQ0322,27.662771,85.379915,Kathmandu,4,1,1,0,dry,39.86,2,24.41,2.35,294.4,7.9
HH00787,AQ0470,27.615057,85.270526,Kathmandu,4,1,1,1,wet,25.89,2,11.79,0.8,304.1,5.56
HH00788,AQ0244,27.751549,85.381922,Lalitpur,7,0,0,0,dry,64.19,1,39.75,2.2,589.8,4.016
HH00789,AQ0038,27.616801,85.406452,Lalitpur,4,1,0,0,wet,19.39,2,2.0,1.59,545.2,7.045
HH00790,AQ0036,27.800702,85.415504,Kathmandu,5,0,0,1,wet,48.19,0,13.23,1.92,308.9,2.742
HH00791,AQ0031,27.721332,85.29123,Kathmandu,3,1,1,0,dry,19.25,0,0.5,0.79,559.8,8.001
HH00792,AQ0173,27.768984,85.356106,Lalitpur,5,1,1,0,wet,20.07,0,9.79,2.09,572.4,4.352
HH00793,AQ0165,27.753013,85.408443,Lalitpur,3,1,0,1,wet,22.42,2,11.54,1.08,427.8,5.577
HH00794,AQ0140,27.735012,85.347641,Bhaktapur,4,1,1,1,wet,12.36,2,6.74,0.43,478.3,2.849
HH00795,AQ0299,27.751125,85.356983,Bhaktapur,5,0,1,0,dry,34.86,1,26.28,0.62,416.6,4.749
HH00796,AQ0395,27.699648,85.413381,Bhaktapur,5,1,1,0,dry,37.64,2,22.48,1.58,323.5,4.274
HH00797,AQ0199,27.642784,85.211871,Kathmandu,6,0,0,0,dry,53.48,2,24.86,1.41,194.7,1.562
HH00798,AQ0218,27.647897,85.313423,Kathmandu,4,0,0,1,wet,31.43,2,7.76,1.18,508.6,5.322
HH00799,AQ0014,27.799313,85.218906,Kathmandu,4,0,0,0,dry,26.65,2,0.2,0.95,200.9,7.499
HH00800,AQ0029,27.642839,85.381249,Lalitpur,3,1,0,0,dry,30.11,0,7.8,0.36,1377.3,4.633
HH00801,AQ0102,27.667248,85.449919,Kathmandu,4,1,1,0,wet,8.67,2,1.24,1.06,260.0,1.459
HH00802,AQ0481,27.679353,85.405059,Kathmandu,5,1,1,0,dry,19.87,2,0.2,1.13,339.0,9.156
HH00803,AQ0198,27.664306,85.266205,Lalitpur,3,0,1,1,wet,43.0,2,4.93,1.26,742.9,12.027
HH00804,AQ0461,27.730422,85.238954,Kathmandu,7,1,1,0,dry,39.41,2,13.51,2.31,483.6,1.305
HH00805,AQ0169,27.681296,85.241005,Bhaktapur,4,1,1,0,dry,33.02,1,21.88,0.78,278.0,7.238
HH00806,AQ0342,27.681933,85.383873,Kathmandu,4,1,0,0,wet,17.87,2,8.06,0.34,1280.8,9.241
HH00807,AQ0042,27.701041,85.346069,Kathmandu,3,0,0,0,wet,60.04,1,20.63,2.47,1237.3,8.569
HH00808,AQ0201,27.636268,85.411084,Kathmandu,3,1,0,0,dry,18.25,2,0.5,0.89,876.8,4.019
HH00809,AQ0143,27.813798,85.445889,Lalitpur,8,0,0,0,dry,75.52,1,58.25,1.75,708.9,1.933
HH00810,AQ0231,27.616751,85.368751,Kathmandu,6,0,1,0,dry,27.75,2,12.59,0.58,452.5,1.119
HH00811,AQ0176,27.75087,85.26316,Kathmandu,6,1,1,0,dry,27.54,2,22.26,1.16,714.5,6.191
HH00812,AQ0189,27.729833,85.252002,Lalitpur,4,1,1,0,wet,12.01,2,4.79,0.45,258.0,5.4
HH00813,AQ0417,27.813452,85.362998,Bhaktapur,5,1,0,0,dry,28.71,2,9.83,1.19,962.3,4.022
HH00814,AQ0422,27.648409,85.24934,Lalitpur,5,0,0,0,dry,47.81,1,32.51,1.51,169.3,7.065
HH00815,AQ0476,27.783588,85.408914,Lalitpur,8,1,1,0,wet,18.76,2,4.44,0.36,1277.4,1.12
HH00816,AQ0182,27.735361,85.258788,Kathmandu,7,0,1,0,dry,24.89,2,4.0,0.31,666.5,10.505
HH00817,AQ0030,27.71484,85.375773,Kathmandu,4,1,1,0,dry,32.4,2,17.4,1.31,298.7,4.002
HH00818,AQ0089,27.719834,85.355045,Kathmandu,5,1,0,0,dry,24.27,2,13.77,0.87,677.7,5.932
HH00819,AQ0381,27.70484,85.380849,Kathmandu,7,1,1,0,dry,39.92,1,40.3,1.29,791.6,2.79
HH00820,AQ0480,27.753561,85.232896,Kathmandu,6,1,1,0,dry,37.12,2,17.09,1.54,215.5,5.137
HH00821,AQ0082,27.741873,85.285082,Lalitpur,5,1,0,0,dry,15.65,0,0.5,0.81,292.6,3.393
HH00822,AQ0244,27.754137,85.367203,Lalitpur,4,1,1,1,dry,52.1,1,39.75,2.2,589.8,4.016
HH00823,AQ0430,27.652375,85.25599,Kathmandu,4,1,0,1,wet,27.94,2,7.23,1.85,246.1,2.282
HH00824,AQ0322,27.673537,85.391867,Kathmandu,4,0,1,0,dry,51.62,2,24.41,2.35,294.4,7.9
HH00825,AQ0321,27.705382,85.40258,Kathmandu,7,1,1,0,dry,21.69,2,0.2,1.84,756.4,3.588
HH00826,AQ0492,27.620575,85.349983,Lalitpur,7,1,0,0,wet,25.81,2,8.34,1.27,515.0,3.212
HH00827,AQ0352,27.617418,85.338671,Bhaktapur,4,1,1,1,dry,39.13,0,7.26,1.32,568.8,5.708
HH00828,AQ0285,27.623439,85.40251,Lalitpur,5,0,0,1,wet,39.17,0,2.46,1.33,765.5,3.153
HH00829,AQ0298,27.73301,85.394438,Lalitpur,5,1,1,1,dry,28.58,2,0.2,2.19,400.1,9.379
HH00830,AQ0240,27.769397,85.237644,Kathmandu,4,1,1,0,dry,35.71,2,14.18,2.49,630.8,0.443
HH00831,AQ0429,27.768019,85.336774,Kathmandu,7,1,1,0,dry,53.0,1,46.11,1.33,261.3,6.166
HH00832,AQ0048,27.67392,85.219228,Lalitpur,5,1,0,0,wet,22.18,2,14.62,1.84,395.3,5.667
HH00833,AQ0107,27.777523,85.303751,Lalitpur,5,1,1,1,dry,18.29,0,2.44,2.05,305.8,6.054
HH00834,AQ0107,27.756653,85.309147,Lalitpur,3,1,0,0,dry,17.99,0,2.44,2.05,305.8,6.054
HH00835,AQ0093,27.741376,85.393879,Kathmandu,8,1,0,1,wet,24.97,2,0.82,2.46,887.5,4.956
HH00836,AQ0157,27.709137,85.257343,Kathmandu,3,1,1,0,dry,29.35,2,17.59,1.64,983.0,4.455
HH00837,AQ0065,27.6449,85.328296,Kathmandu,7,1,1,1,dry,29.33,2,7.78,2.19,304.9,0.01
HH00838,AQ0187,27.693333,85.300566,Kathmandu,6,1,1,0,dry,28.33,2,8.15,2.12,277.9,5.551
HH00839,AQ0054,27.704849,85.353888,Lalitpur,6,0,1,0,wet,39.0,0,18.13,1.24,890.5,6.616
HH00840,AQ0405,27.778494,85.317819,Kathmandu,7,1,1,0,wet,23.63,1,14.86,1.35,164.2,1.629
HH00841,AQ0099,27.671039,85.415429,Kathmandu,2,1,1,1,wet,21.91,2,4.12,1.92,201.6,4.951
HH00842,AQ0014,27.803322,85.21955,Kathmandu,3,1,1,1,dry,16.64,2,0.2,0.95,200.9,7.499
HH00843,AQ0449,27.633176,85.401683,Lalitpur,8,1,0,1,dry,26.67,2,7.24,1.55,265.0,8.963
HH00844,AQ0358,27.736769,85.218755,Kathmandu,5,1,0,0,dry,34.21,2,20.37,2.31,349.0,1.787
HH00845,AQ0487,27.729947,85.22666,Bhaktapur,2,1,1,0,dry,29.93,1,22.39,1.71,308.6,0.811
HH00846,AQ0400,27.691495,85.374395,Kathmandu,8,1,1,1,wet,22.46,2,10.0,1.0,221.5,7.756
HH00847,AQ0112,27.619583,85.284454,Bhaktapur,5,0,0,0,wet,26.64,2,5.57,0.3,602.8,6.552
HH00848,AQ0022,27.659638,85.236997,Kathmandu,5,1,1,1,wet,32.12,0,21.45,2.35,784.9,10.919
HH00849,AQ0077,27.668149,85.41095,Kathmandu,4,1,1,1,dry,19.05,2,4.37,0.84,571.5,3.353
HH00850,AQ0021,27.758942,85.273312,Kathmandu,2,1,0,0,wet,28.64,2,2.04,2.12,1015.5,1.753
HH00851,AQ0474,27.608353,85.260125,Kathmandu,4,1,1,0,wet,14.55,1,8.47,0.69,234.8,0.71
HH00852,AQ0240,27.777148,85.235688,Kathmandu,5,1,0,0,dry,39.8,2,14.18,2.49,630.8,0.443
HH00853,AQ0422,27.647599,85.283696,Lalitpur,3,0,0,0,dry,46.92,1,32.51,1.51,169.3,7.065
HH00854,AQ0469,27.618287,85.3142,Kathmandu,8,1,1,0,wet,16.84,2,7.99,0.68,274.4,3.93
HH00855,AQ0449,27.636463,85.399846,Lalitpur,3,1,1,1,dry,19.51,2,7.24,1.55,265.0,8.963
HH00856,AQ0039,27.762258,85.302774,Kathmandu,5,1,1,0,dry,21.55,2,7.38,0.61,683.3,2.143
HH00857,AQ0074,27.65632,85.374692,Bhaktapur,5,0,1,0,wet,33.33,2,9.5,1.07,579.6,2.212
HH00858,AQ0160,27.6037,85.461056,Kathmandu,2,1,1,0,dry,28.75,2,23.13,0.92,164.8,0.303
HH00859,AQ0139,27.702331,85.2729,Kathmandu,4,1,1,0,dry,28.48,2,14.06,1.56,128.9,5.477
HH00860,AQ0241,27.70558,85.449052,Kathmandu,3,0,0,1,dry,37.79,2,0.5,2.03,358.7,4.222
HH00861,AQ0080,27.692696,85.431068,Lalitpur,6,0,1,0,wet,25.28,2,2.74,1.48,284.5,4.931
HH00862,AQ0423,27.791611,85.226229,Kathmandu,5,1,0,1,wet,14.48,2,2.13,0.84,338.3,10.215
HH00863,AQ0334,27.773774,85.412466,Kathmandu,3,0,1,0,wet,28.89,2,6.98,1.52,283.4,8.797
HH00864,AQ0484,27.733922,85.256989,Kathmandu,6,0,0,0,dry,33.27,0,10.15,1.08,506.1,1.298
HH00865,AQ0370,27.762407,85.31814,Kathmandu,5,1,1,0,wet,24.8,2,12.46,1.27,288.7,6.858
HH00866,AQ0175,27.68296,85.384383,Kathmandu,7,1,0,0,wet,21.88,2,19.49,0.33,443.5,1.898
HH00867,AQ0431,27.667108,85.27121,Lalitpur,5,1,1,0,wet,24.77,2,7.91,2.4,262.3,5.193
HH00868,AQ0416,27.750716,85.391693,Kathmandu,5,1,1,0,wet,23.27,2,6.69,1.61,396.7,6.002
HH00869,AQ0234,27.707572,85.378787,Lalitpur,4,1,1,0,dry,36.16,1,21.86,2.31,171.8,4.88
HH00870,AQ0011,27.716502,85.269018,Bhaktapur,6,1,1,0,dry,39.59,1,30.3,1.58,337.0,3.598
HH00871,AQ0293,27.692958,85.226162,Lalitpur,5,0,1,0,dry,53.25,1,41.47,0.57,617.1,3.722
HH00872,AQ0302,27.73369,85.43786,Kathmandu,2,1,1,0,dry,27.21,2,13.32,1.87,329.4,1.879
HH00873,AQ0466,27.612157,85.357947,Bhaktapur,4,0,1,1,wet,20.96,2,5.98,1.38,291.9,0.354
HH00874,AQ0308,27.664998,85.265761,Kathmandu,2,0,0,0,dry,54.32,1,23.18,0.9,519.9,2.165
HH00875,AQ0170,27.735133,85.371274,Lalitpur,7,1,0,0,dry,28.11,2,13.24,1.24,316.6,3.578
HH00876,AQ0035,27.638711,85.294142,Lalitpur,4,1,0,1,dry,28.41,2,19.48,1.2,280.3,6.136
HH00877,AQ0371,27.652586,85.413154,Kathmandu,4,1,1,0,wet,28.93,2,6.69,2.34,2000.0,1.943
HH00878,AQ0495,27.769703,85.341652,Kathmandu,3,0,0,1,wet,34.01,2,6.82,1.02,327.0,6.032
HH00879,AQ0102,27.680816,85.435641,Kathmandu,5,1,1,1,wet,10.84,2,1.24,1.06,260.0,1.459
HH00880,AQ0102,27.666707,85.431571,Kathmandu,4,1,1,0,wet,13.29,2,1.24,1.06,260.0,1.459
HH00881,AQ0365,27.787559,85.313251,Kathmandu,5,0,1,0,dry,39.05,2,13.45,1.31,251.0,4.236
HH00882,AQ0153,27.795747,85.306463,Kathmandu,5,1,1,0,wet,16.1,2,15.94,0.59,346.8,2.404
HH00883,AQ0010,27.659571,85.271654,Lalitpur,4,1,1,1,wet,20.05,2,11.92,0.68,806.7,6.788
HH00884,AQ0310,27.715732,85.312924,Lalitpur,4,1,1,0,dry,14.38,2,2.32,1.31,114.1,7.355
HH00885,AQ0241,27.702804,85.423074,Kathmandu,3,1,0,0,dry,22.04,2,0.5,2.03,358.7,4.222
HH00886,AQ0370,27.757486,85.308921,Kathmandu,5,1,1,0,wet,17.9,2,12.46,1.27,288.7,6.858
HH00887,AQ0165,27.784441,85.412455,Lalitpur,6,1,0,0,wet,21.15,2,11.54,1.08,427.8,5.577
HH00888,AQ0259,27.719618,85.335136,Kathmandu,4,0,0,1,dry,48.03,2,0.5,2.33,1268.4,5.093
HH00889,AQ0136,27.806877,85.39339,Bhaktapur,5,0,1,0,wet,30.1,2,5.01,1.11,400.1,5.919
HH00890,AQ0499,27.73235,85.302362,Lalitpur,5,1,0,0,wet,13.91,2,0.5,1.57,570.0,4.882
HH00891,AQ0494,27.733912,85.207891,Kathmandu,5,0,1,1,wet,28.02,2,4.07,2.32,393.1,6.608
HH00892,AQ0295,27.74502,85.325013,Kathmandu,3,0,1,0,dry,46.75,2,20.52,1.68,922.8,7.716
HH00893,AQ0447,27.665281,85.284906,Kathmandu,6,1,1,0,dry,22.82,2,0.5,1.41,445.7,5.308
HH00894,AQ0116,27.626155,85.3335,Lalitpur,5,1,0,0,dry,28.61,2,13.03,0.82,944.6,1.593
HH00895,AQ0015,27.757971,85.43255,Bhaktapur,3,0,0,0,wet,20.79,2,10.43,1.49,200.3,3.429
HH00896,AQ0263,27.605307,85.308561,Kathmandu,4,1,0,1,dry,40.16,2,8.98,2.19,468.4,1.376
HH00897,AQ0453,27.599999,85.235636,Kathmandu,2,1,0,0,dry,11.58,2,8.13,2.11,238.6,4.166
HH00898,AQ0346,27.778751,85.249063,Kathmandu,5,1,1,0,wet,12.44,2,13.5,1.56,152.3,3.128
HH00899,AQ0062,27.656194,85.404485,Lalitpur,3,1,0,0,wet,22.22,0,15.2,2.38,305.5,3.69
HH00900,AQ0098,27.64632,85.24855,Lalitpur,5,0,1,0,dry,34.43,2,7.51,1.62,289.7,6.821
HH00901,AQ0138,27.65212,85.280993,Kathmandu,6,0,0,1,wet,36.46,2,5.0,1.79,638.3,0.796
HH00902,AQ0345,27.770386,85.432154,Lalitpur,4,1,1,0,dry,31.82,2,12.33,2.25,202.1,1.587
HH00903,AQ0265,27.748516,85.346626,Kathmandu,5,0,1,0,dry,29.99,2,11.57,2.1,313.3,4.823
HH00904,AQ0390,27.721072,85.414403,Kathmandu,6,1,1,0,dry,39.98,1,31.16,2.28,529.7,1.906
HH00905,AQ0222,27.720537,85.291062,Kathmandu,3,0,0,0,dry,44.21,2,21.56,1.69,486.4,8.711
HH00906,AQ0474,27.646129,85.255694,Kathmandu,6,1,1,1,wet,20.76,1,8.47,0.69,234.8,0.71
HH00907,AQ0016,27.763513,85.408484,Kathmandu,3,1,0,1,dry,27.42,2,0.2,1.25,826.9,7.334
HH00908,AQ0263,27.613011,85.297748,Kathmandu,6,1,1,1,dry,36.35,2,8.98,2.19,468.4,1.376
HH00909,AQ0469,27.615449,85.32358,Kathmandu,4,0,0,0,wet,27.43,2,7.99,0.68,274.4,3.93
HH00910,AQ0354,27.61164,85.368383,Kathmandu,5,0,1,0,wet,25.58,2,0.2,1.21,278.7,4.018
HH00911,AQ0026,27.639008,85.27755,Kathmandu,4,1,1,0,wet,18.93,1,26.87,0.89,221.2,1.263
HH00912,AQ0376,27.616343,85.236265,Kathmandu,7,0,0,1,wet,31.02,2,1.0,0.33,476.8,3.725
HH00913,AQ0225,27.784012,85.374384,Lalitpur,3,1,0,1,dry,31.34,0,41.0,0.4,589.1,3.117
HH00914,AQ0090,27.739887,85.222182,Lalitpur,5,1,1,0,dry,29.17,2,22.29,1.73,140.6,3.192
HH00915,AQ0120,27.604513,85.415422,Kathmandu,3,1,0,0,dry,29.0,0,28.69,1.72,146.5,0.656
HH00916,AQ0375,27.73464,85.450351,Lalitpur,3,1,0,0,dry,23.36,0,5.15,1.57,569.9,3.142
HH00917,AQ0051,27.738561,85.420884,Lalitpur,3,1,1,0,dry,32.96,2,8.04,2.1,391.7,4.656
HH00918,AQ0394,27.697545,85.351523,Lalitpur,5,0,0,0,wet,42.07,1,16.1,2.36,242.3,8.754
HH00919,AQ0206,27.661104,85.306337,Kathmandu,5,1,1,0,dry,28.75,2,15.64,2.23,184.0,1.32
HH00920,AQ0388,27.715967,85.271404,Kathmandu,3,1,0,0,dry,21.99,1,16.24,0.96,291.7,3.164
HH00921,AQ0060,27.621329,85.260038,Kathmandu,5,1,1,0,dry,22.26,2,11.31,0.72,289.0,2.958
HH00922,AQ0366,27.703402,85.394637,Kathmandu,5,1,1,0,wet,27.48,1,30.1,0.97,957.1,4.144
HH00923,AQ0162,27.771874,85.34907,Lalitpur,3,1,1,1,wet,16.89,2,8.69,0.76,184.3,5.383
HH00924,AQ0305,27.770697,85.39972,Kathmandu,5,0,0,0,dry,43.21,1,18.21,1.72,511.4,8.273
HH00925,AQ0316,27.794276,85.206739,Bhaktapur,7,1,1,0,dry,14.16,2,3.32,0.88,260.3,3.046
HH00926,AQ0241,27.685316,85.432648,Kathmandu,5,1,1,0,dry,31.45,2,0.5,2.03,358.7,4.222
HH00927,AQ0453,27.631742,85.232558,Kathmandu,5,1,1,1,dry,29.53,2,8.13,2.11,238.6,4.166
HH00928,AQ0097,27.694933,85.388418,Kathmandu,5,1,0,0,dry,31.37,1,32.46,1.89,167.6,2.521
HH00929,AQ0117,27.690038,85.3502,Bhaktapur,3,1,1,0,wet,28.44,2,17.91,1.64,277.1,3.967
HH00930,AQ0280,27.693126,85.360052,Kathmandu,7,0,1,0,wet,30.67,2,0.74,2.31,302.5,2.09
HH00931,AQ0100,27.737446,85.276789,Kathmandu,5,1,0,0,wet,24.7,2,8.66,2.02,543.8,4.443
HH00932,AQ0200,27.650044,85.284245,Lalitpur,7,1,1,1,dry,24.92,2,4.52,1.99,198.7,1.458
HH00933,AQ0455,27.591997,85.315867,Kathmandu,5,0,1,0,wet,31.45,2,4.23,2.22,119.5,4.914
HH00934,AQ0388,27.70315,85.257465,Kathmandu,6,1,1,0,dry,24.01,1,16.24,0.96,291.7,3.164
HH00935,AQ0072,27.650706,85.279133,Kathmandu,2,1,0,0,wet,7.64,0,0.5,0.7,1034.7,11.88
HH00936,AQ0283,27.595345,85.322479,Kathmandu,5,0,1,1,wet,24.48,0,0.5,1.15,681.8,5.046
HH00937,AQ0102,27.685835,85.431516,Kathmandu,3,0,1,1,wet,22.7,2,1.24,1.06,260.0,1.459
HH00938,AQ0112,27.61826,85.287057,Bhaktapur,6,1,0,0,wet,13.9,2,5.57,0.3,602.8,6.552
HH00939,AQ0093,27.753543,85.385225,Kathmandu,5,1,0,0,wet,31.69,2,0.82,2.46,887.5,4.956
HH00940,AQ0294,27.706984,85.358023,Lalitpur,4,1,0,0,dry,32.05,2,15.15,2.3,207.9,3.191
HH00941,AQ0380,27.710408,85.319045,Kathmandu,8,1,0,0,dry,31.82,2,25.79,1.33,234.4,2.941
HH00942,AQ0378,27.664204,85.260699,Kathmandu,3,1,0,1,wet,29.01,2,5.14,1.89,1219.1,9.29
HH00943,AQ0338,27.682126,85.278906,Kathmandu,5,1,1,0,dry,45.6,1,39.87,0.58,1669.9,8.18
HH00944,AQ0080,27.675634,85.439741,Lalitpur,7,0,1,1,wet,20.77,2,2.74,1.48,284.5,4.931
HH00945,AQ0417,27.805277,85.379637,Bhaktapur,3,1,1,0,dry,29.17,2,9.83,1.19,962.3,4.022
HH00946,AQ0220,27.667139,85.238766,Kathmandu,8,1,1,0,wet,24.8,0,10.3,0.91,389.1,0.753
HH00947,AQ0232,27.776162,85.251389,Kathmandu,4,1,1,1,dry,36.5,1,25.77,0.97,436.2,5.218
HH00948,AQ0089,27.718233,85.330672,Kathmandu,4,0,1,1,dry,45.12,2,13.77,0.87,677.7,5.932
HH00949,AQ0456,27.734078,85.340698,Bhaktapur,4,0,1,1,dry,47.21,2,18.17,2.12,351.8,7.278
HH00950,AQ0045,27.667989,85.303754,Lalitpur,3,1,1,0,dry,13.92,0,10.02,0.53,460.5,7.873
HH00951,AQ0124,27.713978,85.244508,Lalitpur,4,1,1,0,dry,35.4,2,26.65,0.99,373.5,1.764
HH00952,AQ0337,27.714461,85.322511,Kathmandu,4,1,1,1,wet,23.98,2,9.84,0.85,401.3,5.986
HH00953,AQ0462,27.605188,85.22381,Lalitpur,4,1,1,0,wet,25.1,2,6.03,1.86,772.3,4.964
HH00954,AQ0013,27.668264,85.426262,Lalitpur,5,1,1,1,dry,40.73,2,17.5,2.43,410.2,7.467
HH00955,AQ0103,27.694465,85.283001,Bhaktapur,6,1,0,0,dry,27.51,2,7.96,1.07,205.5,5.902
HH00956,AQ0224,27.629137,85.238617,Kathmandu,8,1,1,1,dry,36.32,2,0.2,2.41,258.5,7.935
HH00957,AQ0232,27.766137,85.255803,Kathmandu,4,1,1,0,dry,33.66,1,25.77,0.97,436.2,5.218
HH00958,AQ0025,27.626278,85.232446,Lalitpur,7,0,1,0,dry,40.8,2,17.61,2.43,417.1,3.475
HH00959,AQ0002,27.696246,85.292517,Kathmandu,8,1,0,1,wet,20.21,1,11.8,1.15,513.7,3.822
HH00960,AQ0268,27.739308,85.25637,Kathmandu,4,0,1,0,dry,37.61,2,12.5,0.32,1098.9,7.856
HH00961,AQ0249,27.644902,85.230973,Bhaktapur,4,1,1,0,wet,14.51,1,20.26,0.59,172.5,7.761
HH00962,AQ0337,27.717049,85.311724,Kathmandu,4,1,1,0,wet,18.51,2,9.84,0.85,401.3,5.986
HH00963,AQ0142,27.690541,85.422607,Kathmandu,3,1,1,1,dry,27.49,2,6.43,1.97,398.8,3.905
HH00964,AQ0477,27.701316,85.427399,Kathmandu,7,1,0,0,wet,30.15,2,3.26,1.73,885.5,4.522
HH00965,AQ0199,27.642279,85.225681,Kathmandu,8,1,1,0,dry,36.62,2,24.86,1.41,194.7,1.562
HH00966,AQ0224,27.637623,85.256249,Kathmandu,7,1,1,0,dry,21.39,2,0.2,2.41,258.5,7.935
HH00967,AQ0076,27.680571,85.290236,Lalitpur,4,0,1,0,dry,54.03,1,33.05,1.97,110.0,8.381
HH00968,AQ0351,27.655855,85.322141,Kathmandu,7,1,0,0,wet,13.68,2,1.0,1.87,170.5,12.681
HH00969,AQ0216,27.662622,85.434672,Kathmandu,5,0,1,0,wet,30.06,2,0.5,2.45,262.9,5.863
HH00970,AQ0330,27.755409,85.225803,Kathmandu,6,1,0,0,dry,35.75,2,23.06,1.19,134.2,0.941
HH00971,AQ0141,27.598377,85.420132,Bhaktapur,5,1,0,0,wet,16.93,2,8.87,0.62,319.4,1.523
HH00972,AQ0006,27.771669,85.389879,Kathmandu,4,1,1,0,dry,20.22,2,5.19,2.37,250.2,2.636
HH00973,AQ0207,27.629153,85.343152,Kathmandu,5,1,1,0,dry,36.3,2,21.43,1.66,842.2,4.954
HH00974,AQ0381,27.70003,85.385767,Kathmandu,4,1,0,0,dry,42.97,1,40.3,1.29,791.6,2.79
HH00975,AQ0176,27.72636,85.278868,Kathmandu,8,1,1,0,dry,41.55,2,22.26,1.16,714.5,6.191
HH00976,AQ0231,27.631195,85.376803,Kathmandu,6,1,0,1,dry,27.87,2,12.59,0.58,452.5,1.119
HH00977,AQ0365,27.776119,85.302559,Kathmandu,4,1,1,0,dry,24.35,2,13.45,1.31,251.0,4.236
HH00978,AQ0113,27.620282,85.279766,Kathmandu,3,0,1,0,wet,35.12,2,20.19,1.96,488.2,7.507
HH00979,AQ0458,27.774093,85.427901,Kathmandu,3,1,1,0,dry,14.05,1,1.0,1.29,714.9,6.011
HH00980,AQ0249,27.640059,85.238842,Bhaktapur,3,1,0,0,wet,15.44,1,20.26,0.59,172.5,7.761
HH00981,AQ0288,27.622855,85.396885,Kathmandu,2,0,1,0,dry,40.81,2,7.24,1.61,423.6,1.11
HH00982,AQ0471,27.794196,85.407857,Bhaktapur,5,1,0,0,wet,28.8,2,13.46,2.37,1315.1,2.018
HH00983,AQ0124,27.715491,85.231439,Lalitpur,4,1,1,0,dry,33.54,2,26.65,0.99,373.5,1.764
HH00984,AQ0436,27.781082,85.330127,Lalitpur,8,0,1,0,wet,33.15,1,21.95,0.88,790.0,3.089
HH00985,AQ0472,27.610036,85.347918,Kathmandu,8,1,1,0,wet,22.21,0,7.5,0.86,670.8,4.422
HH00986,AQ0142,27.709987,85.450034,Kathmandu,6,0,1,1,dry,40.48,2,6.43,1.97,398.8,3.905
HH00987,AQ0126,27.649138,85.421107,Kathmandu,5,0,1,0,dry,42.95,1,28.45,0.76,189.9,8.248
HH00988,AQ0212,27.787608,85.278761,Kathmandu,6,0,1,1,wet,28.22,2,0.58,0.53,804.7,3.055
HH00989,AQ0093,27.750691,85.39688,Kathmandu,3,0,0,0,wet,39.91,2,0.82,2.46,887.5,4.956
HH00990,AQ0272,27.759103,85.239675,Kathmandu,5,1,1,1,wet,14.23,2,7.22,1.65,95.5,1.256
HH00991,AQ0212,27.79456,85.276858,Kathmandu,3,0,1,1,wet,12.41,2,0.58,0.53,804.7,3.055
HH00992,AQ0373,27.603006,85.237592,Lalitpur,7,1,1,0,dry,31.17,2,16.64,1.71,418.6,8.724
HH00993,AQ0116,27.63841,85.335735,Lalitpur,6,1,0,1,dry,27.82,2,13.03,0.82,944.6,1.593
HH00994,AQ0408,27.685006,85.363389,Kathmandu,3,0,0,0,dry,46.45,2,17.03,2.36,645.2,2.775
HH00995,AQ0146,27.667383,85.261837,Kathmandu,3,0,1,0,dry,61.52,1,42.87,2.16,143.8,1.366
HH00996,AQ0487,27.721361,85.226051,Bhaktapur,6,1,1,1,dry,38.26,1,22.39,1.71,308.6,0.811
HH00997,AQ0274,27.713599,85.430337,Kathmandu,5,0,1,1,dry,62.02,1,31.82,0.8,1318.8,6.851
HH00998,AQ0035,27.660832,85.29212,Lalitpur,4,1,1,1,dry,17.87,2,19.48,1.2,280.3,6.136
HH00999,AQ0104,27.596693,85.376705,Kathmandu,6,1,1,0,wet,15.73,2,11.2,1.24,461.8,4.144
HH01000,AQ0446,27.761281,85.438928,Bhaktapur,7,1,0,0,dry,33.49,2,4.84,1.76,800.3,7.349
HH01001,AQ0376,27.641331,85.220962,Kathmandu,4,1,1,0,wet,13.68,2,1.0,0.33,476.8,3.725
HH01002,AQ0167,27.648275,85.325459,Kathmandu,4,0,1,1,dry,66.43,1,55.81,1.42,518.8,3.446
HH01003,AQ0036,27.805857,85.442105,Kathmandu,4,1,1,1,wet,26.79,0,13.23,1.92,308.9,2.742
HH01004,AQ0475,27.60871,85.267555,Kathmandu,7,1,1,0,dry,24.1,0,1.18,1.89,188.8,1.483
HH01005,AQ0256,27.770817,85.309128,Kathmandu,5,1,0,1,dry,88.66,1,76.26,1.8,1420.7,9.278
HH01006,AQ0107,27.759166,85.29405,Lalitpur,5,1,1,1,dry,25.6,0,2.44,2.05,305.8,6.054
HH01007,AQ0249,27.659072,85.238894,Bhaktapur,6,0,0,0,wet,30.78,1,20.26,0.59,172.5,7.761
HH01008,AQ0435,27.596548,85.271587,Bhaktapur,7,0,1,1,dry,49.16,1,30.14,0.67,331.1,8.064
HH01009,AQ0423,27.777812,85.215971,Kathmandu,4,1,1,0,wet,6.47,2,2.13,0.84,338.3,10.215
HH01010,AQ0061,27.73226,85.436712,Lalitpur,3,1,1,0,wet,16.59,2,21.65,0.45,377.8,2.419
HH01011,AQ0071,27.677654,85.355712,Kathmandu,4,0,0,0,wet,34.07,2,11.08,1.66,418.9,5.134
HH01012,AQ0191,27.664285,85.451306,Kathmandu,4,1,0,0,wet,10.45,2,14.12,0.44,149.6,6.501
HH01013,AQ0221,27.719911,85.279102,Bhaktapur,5,0,1,1,wet,24.38,2,0.5,1.07,508.1,2.634
HH01014,AQ0070,27.668572,85.308521,Kathmandu,5,1,0,0,dry,31.9,1,19.16,1.6,83.6,5.472
HH01015,AQ0110,27.622494,85.378588,Bhaktapur,3,0,0,0,dry,61.45,1,41.87,1.93,304.1,6.002
HH01016,AQ0491,27.64322,85.284063,Kathmandu,5,1,1,0,wet,13.8,2,2.71,2.03,248.9,2.969
HH01017,AQ0380,27.732785,85.308254,Kathmandu,5,1,0,0,dry,36.99,2,25.79,1.33,234.4,2.941
HH01018,AQ0389,27.645642,85.414778,Kathmandu,4,1,1,0,wet,27.22,2,19.29,2.38,182.2,1.172
HH01019,AQ0124,27.71365,85.239276,Lalitpur,5,1,0,1,dry,28.3,2,26.65,0.99,373.5,1.764
HH01020,AQ0365,27.775581,85.294086,Kathmandu,4,1,0,0,dry,20.22,2,13.45,1.31,251.0,4.236
HH01021,AQ0377,27.621616,85.404609,Bhaktapur,5,1,1,1,wet,18.88,1,18.16,0.52,100.4,5.144
HH01022,AQ0413,27.704924,85.206663,Kathmandu,6,1,1,1,dry,56.55,1,41.21,1.09,490.5,1.041
HH01023,AQ0334,27.778701,85.393332,Kathmandu,5,1,0,0,wet,16.27,2,6.98,1.52,283.4,8.797
HH01024,AQ0323,27.692072,85.26867,Kathmandu,5,0,0,0,dry,51.75,2,24.8,1.23,792.1,0.274
HH01025,AQ0165,27.776338,85.414595,Lalitpur,5,0,0,1,wet,33.53,2,11.54,1.08,427.8,5.577
HH01026,AQ0327,27.750216,85.37179,Kathmandu,5,1,0,1,dry,31.0,2,16.75,0.35,501.3,4.013
HH01027,AQ0346,27.794858,85.234142,Kathmandu,5,0,1,0,wet,34.52,2,13.5,1.56,152.3,3.128
HH01028,AQ0474,27.656875,85.268643,Kathmandu,2,1,1,0,wet,18.74,1,8.47,0.69,234.8,0.71
HH01029,AQ0245,27.760117,85.289908,Kathmandu,3,0,0,0,dry,32.88,2,6.81,0.53,138.2,5.28
HH01030,AQ0232,27.797279,85.252338,Kathmandu,8,1,0,0,dry,40.67,1,25.77,0.97,436.2,5.218
HH01031,AQ0099,27.644251,85.39164,Kathmandu,3,1,1,0,wet,15.55,2,4.12,1.92,201.6,4.951
HH01032,AQ0145,27.692178,85.412777,Lalitpur,6,1,1,0,wet,15.72,2,0.5,1.43,287.7,9.015
HH01033,AQ0365,27.800149,85.310619,Kathmandu,4,1,1,0,dry,19.7,2,13.45,1.31,251.0,4.236
HH01034,AQ0242,27.775756,85.408293,Lalitpur,5,1,0,0,wet,19.94,2,7.61,1.43,248.0,5.972
HH01035,AQ0057,27.623644,85.46985,Kathmandu,6,1,0,1,dry,58.62,1,47.39,1.97,558.2,1.884
HH01036,AQ0075,27.790302,85.212181,Bhaktapur,4,1,0,0,dry,36.98,2,20.63,1.26,816.6,0.159
HH01037,AQ0196,27.67983,85.400219,Kathmandu,7,0,0,0,dry,36.25,2,10.86,0.47,407.3,6.584
HH01038,AQ0476,27.753665,85.406917,Lalitpur,8,0,0,1,wet,41.94,2,4.44,0.36,1277.4,1.12
HH01039,AQ0265,27.748561,85.310145,Kathmandu,4,1,1,0,dry,33.13,2,11.57,2.1,313.3,4.823
HH01040,AQ0271,27.701199,85.378169,Bhaktapur,5,1,1,1,dry,18.85,2,4.37,0.47,150.4,7.971
HH01041,AQ0045,27.682776,85.311765,Lalitpur,5,1,0,0,dry,19.62,0,10.02,0.53,460.5,7.873
HH01042,AQ0053,27.659359,85.438745,Bhaktapur,5,0,0,0,dry,40.06,2,11.06,2.16,209.1,3.58
HH01043,AQ0284,27.768108,85.434456,Kathmandu,4,1,1,0,wet,18.56,2,8.12,1.07,529.9,3.975
HH01044,AQ0078,27.691278,85.253928,Kathmandu,4,1,1,0,dry,18.81,2,2.86,2.19,243.3,3.845
HH01045,AQ0068,27.603754,85.25235,Kathmandu,6,1,0,0,dry,33.09,2,21.86,1.49,563.5,3.303
HH01046,AQ0420,27.79116,85.260676,Kathmandu,6,1,1,0,dry,23.16,2,12.66,0.81,168.3,4.489
HH01047,AQ0323,27.709381,85.27978,Kathmandu,4,1,0,1,dry,31.12,2,24.8,1.23,792.1,0.274
HH01048,AQ0208,27.713254,85.418958,Kathmandu,4,1,1,0,dry,37.23,1,28.88,1.79,568.6,2.599
HH01049,AQ0181,27.588497,85.269736,Kathmandu,7,0,1,1,wet,23.36,1,14.94,2.06,269.3,2.92
HH01050,AQ0067,27.734629,85.373542,Lalitpur,4,1,0,1,dry,37.74,2,16.36,1.3,684.4,7.934
HH01051,AQ0144,27.631008,85.441002,Bhaktapur,4,0,1,1,dry,55.88,2,23.38,2.45,441.0,6.921
HH01052,AQ0231,27.624524,85.384563,Kathmandu,5,1,0,0,dry,21.65,2,12.59,0.58,452.5,1.119
HH01053,AQ0409,27.792528,85.37817,Kathmandu,3,1,0,1,wet,24.09,2,16.59,2.02,280.0,1.076
HH01054,AQ0052,27.606234,85.426622,Kathmandu,3,1,1,0,wet,16.03,2,3.32,2.29,605.7,6.826
HH01055,AQ0493,27.684591,85.393622,Kathmandu,7,0,0,0,dry,39.4,2,14.84,1.36,480.5,2.497
HH01056,AQ0439,27.71891,85.437207,Kathmandu,4,1,1,0,dry,29.65,2,7.29,2.25,225.6,3.616
HH01057,AQ0151,27.653608,85.358018,Kathmandu,7,0,1,0,dry,43.42,2,11.73,1.83,551.2,3.331
HH01058,AQ0176,27.744465,85.239234,Kathmandu,5,0,1,0,dry,45.69,2,22.26,1.16,714.5,6.191
HH01059,AQ0076,27.669778,85.277418,Lalitpur,4,1,1,1,dry,47.87,1,33.05,1.97,110.0,8.381
HH01060,AQ0430,27.625483,85.244816,Kathmandu,6,1,1,0,wet,14.39,2,7.23,1.85,246.1,2.282
HH01061,AQ0296,27.633111,85.41802,Bhaktapur,7,0,0,0,dry,57.45,1,30.31,1.99,364.9,0.875
HH01062,AQ0064,27.643535,85.423875,Lalitpur,5,1,1,0,dry,20.1,2,0.5,0.84,544.4,2.357
HH01063,AQ0432,27.675708,85.242972,Lalitpur,5,0,0,0,wet,39.5,2,8.71,1.77,395.0,0.939
HH01064,AQ0286,27.771092,85.280422,Kathmandu,4,1,1,1,wet,16.54,1,14.56,0.33,210.9,6.04
HH01065,AQ0448,27.756518,85.326708,Bhaktapur,4,1,0,1,wet,25.63,0,10.65,0.86,945.4,5.52
HH01066,AQ0051,27.734387,85.444454,Lalitpur,5,1,0,1,dry,36.67,2,8.04,2.1,391.7,4.656
HH01067,AQ0044,27.591094,85.431418,Kathmandu,6,1,1,1,dry,14.17,2,6.34,0.96,391.2,7.878
HH01068,AQ0075,27.804333,85.222613,Bhaktapur,8,1,1,0,dry,32.15,2,20.63,1.26,816.6,0.159
HH01069,AQ0443,27.646943,85.247981,Kathmandu,8,0,0,0,dry,50.86,2,14.7,1.53,360.2,4.198
HH01070,AQ0360,27.77307,85.21705,Bhaktapur,5,1,1,0,wet,21.47,0,7.96,1.7,618.0,4.717
HH01071,AQ0052,27.591439,85.454154,Kathmandu,8,0,1,1,wet,46.53,2,3.32,2.29,605.7,6.826
HH01072,AQ0500,27.651936,85.265816,Bhaktapur,3,1,0,0,dry,20.53,2,9.56,1.32,556.2,2.476
HH01073,AQ0207,27.628954,85.347925,Kathmandu,6,0,1,0,dry,41.9,2,21.43,1.66,842.2,4.954
HH01074,AQ0086,27.735306,85.240787,Kathmandu,4,1,1,0,wet,28.92,2,10.43,2.4,122.7,1.673
HH01075,AQ0382,27.727087,85.297507,Lalitpur,7,0,1,0,dry,29.93,0,0.5,0.87,720.8,4.843
HH01076,AQ0219,27.659282,85.243781,Lalitpur,3,1,1,0,dry,25.04,2,14.33,0.63,328.3,4.644
HH01077,AQ0066,27.77289,85.381976,Lalitpur,5,0,0,0,dry,28.09,2,2.06,1.01,415.3,1.159
HH01078,AQ0435,27.591144,85.259302,Bhaktapur,4,0,1,1,dry,50.9,1,30.14,0.67,331.1,8.064
HH01079,AQ0152,27.757694,85.280546,Kathmandu,2,1,1,1,wet,18.77,2,3.88,2.05,129.4,7.575
HH01080,AQ0100,27.756532,85.269016,Kathmandu,4,0,1,0,wet,31.56,2,8.66,2.02,543.8,4.443
HH01081,AQ0448,27.739271,85.318466,Bhaktapur,5,1,0,0,wet,21.98,0,10.65,0.86,945.4,5.52
HH01082,AQ0188,27.727359,85.373097,Kathmandu,7,1,1,0,dry,21.48,2,2.65,0.77,617.2,5.305
HH01083,AQ0430,27.642044,85.249335,Kathmandu,3,0,0,0,wet,34.79,2,7.23,1.85,246.1,2.282
HH01084,AQ0157,27.71196,85.265633,Kathmandu,4,1,0,1,dry,32.44,2,17.59,1.64,983.0,4.455
HH01085,AQ0034,27.748036,85.252075,Kathmandu,2,1,1,1,dry,29.85,1,8.6,1.54,334.5,9.812
HH01086,AQ0196,27.667436,85.394492,Kathmandu,4,1,0,1,dry,22.44,2,10.86,0.47,407.3,6.584
HH01087,AQ0495,27.767089,85.328991,Kathmandu,5,1,0,0,wet,14.18,2,6.82,1.02,327.0,6.032
HH01088,AQ0071,27.679084,85.353339,Kathmandu,4,1,1,0,wet,25.74,2,11.08,1.66,418.9,5.134
HH01089,AQ0074,27.677012,85.369436,Bhaktapur,4,1,1,1,wet,23.72,2,9.5,1.07,579.6,2.212
HH01090,AQ0467,27.798578,85.34018,Kathmandu,5,0,1,1,wet,26.4,2,1.07,0.89,524.0,8.489
HH01091,AQ0132,27.69877,85.282057,Kathmandu,4,1,0,1,dry,40.92,2,23.97,2.29,252.1,0.59
HH01092,AQ0179,27.740879,85.385952,Lalitpur,5,1,1,0,dry,28.04,1,28.52,0.37,504.3,5.454
HH01093,AQ0219,27.66427,85.256394,Lalitpur,3,1,1,0,dry,22.16,2,14.33,0.63,328.3,4.644
HH01094,AQ0184,27.707256,85.339555,Kathmandu,4,1,1,1,wet,30.26,2,10.92,1.92,696.9,2.048
HH01095,AQ0147,27.637754,85.424542,Kathmandu,5,0,1,1,wet,42.55,0,8.27,2.02,1055.5,4.598
HH01096,AQ0292,27.796439,85.28678,Kathmandu,3,0,1,0,wet,41.11,2,11.72,1.79,605.3,8.224
HH01097,AQ0093,27.721144,85.399756,Kathmandu,7,1,1,0,wet,28.27,2,0.82,2.46,887.5,4.956
HH01098,AQ0459,27.800742,85.403918,Lalitpur,4,0,1,0,dry,30.47,0,4.51,0.88,256.1,3.793
HH01099,AQ0116,27.629728,85.350336,Lalitpur,5,0,1,1,dry,44.43,2,13.03,0.82,944.6,1.593
HH01100,AQ0136,27.790038,85.390259,Bhaktapur,5,0,1,0,wet,29.85,2,5.01,1.11,400.1,5.919
HH01101,AQ0258,27.721348,85.393781,Kathmandu,5,1,0,0,dry,33.63,2,30.08,1.02,446.8,4.502
HH01102,AQ0242,27.770827,85.419232,Lalitpur,7,1,1,1,wet,26.72,2,7.61,1.43,248.0,5.972
HH01103,AQ0334,27.756472,85.39492,Kathmandu,3,0,1,0,wet,32.15,2,6.98,1.52,283.4,8.797
HH01104,AQ0327,27.756929,85.362862,Kathmandu,5,0,1,0,dry,27.77,2,16.75,0.35,501.3,4.013
HH01105,AQ0027,27.790549,85.432034,Lalitpur,3,0,1,0,wet,26.85,0,6.39,1.14,811.7,1.296
HH01106,AQ0252,27.621562,85.419212,Lalitpur,5,0,1,1,wet,31.76,2,17.27,0.88,366.8,3.172
HH01107,AQ0080,27.67001,85.431984,Lalitpur,4,1,1,0,wet,9.69,2,2.74,1.48,284.5,4.931
HH01108,AQ0243,27.76068,85.248942,Kathmandu,5,1,1,1,dry,33.06,2,10.04,2.07,942.7,0.01
HH01109,AQ0229,27.715149,85.337688,Kathmandu,2,1,1,0,dry,40.95,2,29.45,1.74,694.6,9.249
HH01110,AQ0479,27.733602,85.444718,Kathmandu,2,1,1,0,wet,29.35,2,20.77,0.66,331.6,0.806
HH01111,AQ0380,27.709824,85.303797,Kathmandu,3,1,0,0,dry,40.33,2,25.79,1.33,234.4,2.941
HH01112,AQ0368,27.741873,85.268202,Bhaktapur,6,1,0,1,dry,27.6,0,12.89,0.62,313.9,3.934
HH01113,AQ0462,27.606778,85.228719,Lalitpur,7,1,1,0,wet,22.88,2,6.03,1.86,772.3,4.964
HH01114,AQ0234,27.714674,85.365693,Lalitpur,4,1,1,0,dry,29.89,1,21.86,2.31,171.8,4.88
HH01115,AQ0076,27.658163,85.284634,Lalitpur,5,0,0,0,dry,55.33,1,33.05,1.97,110.0,8.381
HH01116,AQ0475,27.610331,85.268762,Kathmandu,6,1,0,1,dry,31.39,0,1.18,1.89,188.8,1.483
HH01117,AQ0298,27.733878,85.368939,Lalitpur,6,0,0,0,dry,44.04,2,0.2,2.19,400.1,9.379
HH01118,AQ0327,27.747015,85.365278,Kathmandu,4,1,0,0,dry,16.25,2,16.75,0.35,501.3,4.013
HH01119,AQ0155,27.651634,85.38974,Kathmandu,4,1,1,0,dry,23.07,0,13.48,0.74,553.4,1.77
HH01120,AQ0399,27.624449,85.401624,Kathmandu,6,1,1,0,dry,23.49,2,3.6,1.05,299.1,1.983
HH01121,AQ0343,27.729497,85.197753,Kathmandu,3,0,1,0,wet,26.02,2,10.17,0.95,1056.5,2.624
HH01122,AQ0231,27.613652,85.369767,Kathmandu,6,1,1,0,dry,19.15,2,12.59,0.58,452.5,1.119
HH01123,AQ0292,27.794642,85.27638,Kathmandu,5,0,0,0,wet,41.13,2,11.72,1.79,605.3,8.224
HH01124,AQ0008,27.705136,85.330802,Lalitpur,4,1,1,1,dry,20.22,0,4.63,1.06,240.8,3.615
HH01125,AQ0219,27.662532,85.253594,Lalitpur,3,1,1,1,dry,15.4,2,14.33,0.63,328.3,4.644
HH01126,AQ0406,27.801531,85.21254,Lalitpur,3,1,1,0,dry,34.86,2,13.21,1.87,643.2,1.448
HH01127,AQ0068,27.616775,85.237152,Kathmandu,2,1,1,1,dry,34.43,2,21.86,1.49,563.5,3.303
HH01128,AQ0143,27.792368,85.434207,Lalitpur,5,1,1,0,dry,59.07,1,58.25,1.75,708.9,1.933
HH01129,AQ0389,27.641341,85.442065,Kathmandu,5,0,0,1,wet,42.54,2,19.29,2.38,182.2,1.172
HH01130,AQ0083,27.661489,85.381904,Bhaktapur,6,1,1,0,dry,38.4,2,19.43,1.96,552.6,4.066
HH01131,AQ0151,27.680235,85.331165,Kathmandu,3,1,1,0,dry,28.43,2,11.73,1.83,551.2,3.331
HH01132,AQ0135,27.622366,85.342897,Bhaktapur,6,1,1,1,wet,35.49,2,0.5,2.23,622.9,4.87
HH01133,AQ0094,27.69321,85.410482,Kathmandu,3,1,1,0,dry,13.11,2,8.07,0.33,294.3,0.859
HH01134,AQ0420,27.793887,85.248244,Kathmandu,4,0,0,0,dry,33.19,2,12.66,0.81,168.3,4.489
HH01135,AQ0377,27.628247,85.376146,Bhaktapur,4,1,1,0,wet,8.49,1,18.16,0.52,100.4,5.144
HH01136,AQ0006,27.752302,85.376732,Kathmandu,5,1,1,1,dry,27.36,2,5.19,2.37,250.2,2.636
HH01137,AQ0375,27.737464,85.449221,Lalitpur,6,1,1,1,dry,41.39,0,5.15,1.57,569.9,3.142
HH01138,AQ0010,27.66443,85.263866,Lalitpur,4,1,0,0,wet,14.52,2,11.92,0.68,806.7,6.788
HH01139,AQ0118,27.676091,85.352876,Kathmandu,3,1,1,1,dry,31.0,1,30.6,1.56,282.3,3.281
HH01140,AQ0347,27.659776,85.27409,Kathmandu,2,1,0,0,wet,28.2,2,2.04,2.48,489.5,7.386
HH01141,AQ0032,27.639216,85.269374,Kathmandu,4,0,0,1,dry,41.45,2,2.85,2.07,262.9,6.004
HH01142,AQ0045,27.676414,85.299327,Lalitpur,4,1,1,0,dry,20.23,0,10.02,0.53,460.5,7.873
HH01143,AQ0145,27.678661,85.418431,Lalitpur,5,1,1,1,wet,23.25,2,0.5,1.43,287.7,9.015
HH01144,AQ0414,27.652387,85.319033,Kathmandu,3,1,0,0,dry,36.52,2,16.94,1.64,1028.3,1.136
HH01145,AQ0261,27.613235,85.219284,Lalitpur,6,1,1,1,wet,13.52,2,0.2,1.29,381.5,2.181
HH01146,AQ0448,27.749522,85.324728,Bhaktapur,5,1,0,1,wet,28.29,0,10.65,0.86,945.4,5.52
HH01147,AQ0300,27.78183,85.368482,Kathmandu,2,1,0,1,wet,10.82,2,0.55,0.42,256.5,8.588
HH01148,AQ0242,27.797355,85.420084,Lalitpur,3,1,1,1,wet,15.59,2,7.61,1.43,248.0,5.972
HH01149,AQ0366,27.71625,85.392331,Kathmandu,7,1,1,0,wet,39.62,1,30.1,0.97,957.1,4.144
HH01150,AQ0073,27.662021,85.327453,Kathmandu,6,1,0,0,dry,33.4,0,8.98,2.21,777.7,4.644
HH01151,AQ0313,27.696414,85.252776,Lalitpur,6,1,1,1,dry,22.53,2,17.92,0.47,246.0,3.871
HH01152,AQ0145,27.687427,85.414282,Lalitpur,7,0,0,0,wet,36.08,2,0.5,1.43,287.7,9.015
HH01153,AQ0430,27.63994,85.234667,Kathmandu,4,0,1,0,wet,31.25,2,7.23,1.85,246.1,2.282
HH01154,AQ0082,27.756741,85.271469,Lalitpur,6,1,0,0,dry,17.36,0,0.5,0.81,292.6,3.393
HH01155,AQ0291,27.748702,85.235273,Lalitpur,5,1,1,0,wet,27.23,2,5.42,2.34,443.5,8.458
HH01156,AQ0080,27.675629,85.426544,Lalitpur,5,1,0,0,wet,19.27,2,2.74,1.48,284.5,4.931
HH01157,AQ0116,27.63019,85.323074,Lalitpur,4,1,1,0,dry,32.61,2,13.03,0.82,944.6,1.593
HH01158,AQ0492,27.588636,85.367022,Lalitpur,7,0,1,0,wet,30.4,2,8.34,1.27,515.0,3.212
HH01159,AQ0218,27.678697,85.315289,Kathmandu,7,0,1,0,wet,21.76,2,7.76,1.18,508.6,5.322
HH01160,AQ0087,27.61282,85.290921,Kathmandu,2,1,1,1,dry,22.28,2,9.39,0.43,474.1,4.718
HH01161,AQ0418,27.679315,85.309335,Kathmandu,3,1,1,0,dry,26.1,0,16.97,1.4,213.8,2.889
HH01162,AQ0411,27.667643,85.212636,Lalitpur,5,1,1,0,wet,17.06,2,5.05,0.75,151.9,0.805
HH01163,AQ0101,27.669988,85.298018,Bhaktapur,3,1,1,0,dry,27.45,1,11.03,1.64,393.5,9.171
HH01164,AQ0263,27.620465,85.297452,Kathmandu,4,1,0,0,dry,26.6,2,8.98,2.19,468.4,1.376
HH01165,AQ0217,27.749214,85.287484,Lalitpur,2,0,1,1,dry,50.27,2,31.45,2.5,280.1,5.034
HH01166,AQ0172,27.725463,85.393258,Kathmandu,6,1,1,0,dry,45.39,2,31.03,0.59,508.2,2.983
HH01167,AQ0500,27.662336,85.257166,Bhaktapur,3,1,1,1,dry,22.23,2,9.56,1.32,556.2,2.476
HH01168,AQ0180,27.639001,85.449209,Lalitpur,2,0,0,0,dry,40.69,2,20.07,2.37,343.4,5.825
HH01169,AQ0119,27.708279,85.373583,Bhaktapur,6,1,0,1,dry,22.16,2,0.75,0.87,154.9,7.163
HH01170,AQ0269,27.625264,85.418789,Kathmandu,8,1,0,0,wet,14.64,2,0.5,1.82,305.4,5.778
HH01171,AQ0039,27.76017,85.306244,Kathmandu,4,1,0,1,dry,23.77,2,7.38,0.61,683.3,2.143
HH01172,AQ0325,27.594265,85.243792,Lalitpur,4,1,1,0,wet,13.68,2,5.06,1.69,422.7,3.345
HH01173,AQ0160,27.60786,85.421876,Kathmandu,4,1,1,1,dry,24.93,2,23.13,0.92,164.8,0.303
HH01174,AQ0491,27.631006,85.311401,Kathmandu,4,1,1,0,wet,12.89,2,2.71,2.03,248.9,2.969
HH01175,AQ0275,27.617825,85.253966,Kathmandu,8,1,1,0,wet,18.82,2,0.5,0.48,245.0,5.412
HH01176,AQ0496,27.748551,85.226722,Bhaktapur,8,1,0,0,dry,24.14,2,11.72,1.18,772.0,6.338
HH01177,AQ0307,27.736201,85.232166,Bhaktapur,3,1,0,1,dry,26.97,2,9.79,1.5,62.3,2.193
HH01178,AQ0312,27.795765,85.4229,Kathmandu,5,1,1,0,dry,33.4,0,23.92,1.01,222.4,2.412
HH01179,AQ0090,27.747029,85.260654,Lalitpur,4,0,1,0,dry,49.07,2,22.29,1.73,140.6,3.192
HH01180,AQ0223,27.672222,85.199782,Kathmandu,4,0,1,0,dry,30.3,2,3.54,0.33,539.6,10.122
HH01181,AQ0030,27.72705,85.387882,Kathmandu,3,0,1,0,dry,37.59,2,17.4,1.31,298.7,4.002
HH01182,AQ0470,27.610374,85.257532,Kathmandu,6,1,0,1,wet,27.63,2,11.79,0.8,304.1,5.56
HH01183,AQ0480,27.763633,85.260166,Kathmandu,5,0,0,1,dry,48.43,2,17.09,1.54,215.5,5.137
HH01184,AQ0118,27.703064,85.343549,Kathmandu,4,0,0,0,dry,47.44,1,30.6,1.56,282.3,3.281
HH01185,AQ0052,27.607411,85.427648,Kathmandu,7,0,1,0,wet,40.63,2,3.32,2.29,605.7,6.826
HH01186,AQ0155,27.66369,85.381664,Kathmandu,8,0,1,0,dry,38.27,0,13.48,0.74,553.4,1.77
HH01187,AQ0082,27.751008,85.285697,Lalitpur,4,1,1,0,dry,10.29,0,0.5,0.81,292.6,3.393
HH01188,AQ0116,27.620953,85.338409,Lalitpur,5,1,1,1,dry,37.55,2,13.03,0.82,944.6,1.593
HH01189,AQ0124,27.721134,85.210915,Lalitpur,4,1,1,0,dry,27.2,2,26.65,0.99,373.5,1.764
HH01190,AQ0416,27.765312,85.388502,Kathmandu,6,1,0,0,wet,12.16,2,6.69,1.61,396.7,6.002
HH01191,AQ0375,27.733629,85.418332,Lalitpur,5,1,1,0,dry,15.28,0,5.15,1.57,569.9,3.142
HH01192,AQ0160,27.597712,85.440231,Kathmandu,3,0,0,1,dry,44.14,2,23.13,0.92,164.8,0.303
HH01193,AQ0371,27.660506,85.422947,Kathmandu,3,0,1,1,wet,41.32,2,6.69,2.34,2000.0,1.943
HH01194,AQ0396,27.624977,85.359293,Kathmandu,4,1,1,0,dry,13.52,2,9.38,0.7,374.4,1.062
HH01195,AQ0202,27.745117,85.434675,Kathmandu,4,0,1,0,dry,36.23,2,8.49,1.82,304.6,5.442
HH01196,AQ0215,27.742324,85.263645,Kathmandu,7,1,1,0,wet,16.42,2,1.17,0.81,387.3,4.348
HH01197,AQ0318,27.676233,85.208364,Kathmandu,5,1,0,1,dry,28.46,1,13.81,1.76,486.2,4.328
HH01198,AQ0186,27.790408,85.424374,Kathmandu,5,1,1,0,wet,17.23,0,19.21,0.81,598.0,4.049
HH01199,AQ0051,27.728864,85.443111,Lalitpur,7,0,1,0,dry,43.2,2,8.04,2.1,391.7,4.656
HH01200,AQ0060,27.641603,85.240375,Kathmandu,2,1,0,0,dry,24.73,2,11.31,0.72,289.0,2.958
HH01201,AQ0429,27.782033,85.299421,Kathmandu,4,1,1,0,dry,44.08,1,46.11,1.33,261.3,6.166
HH01202,AQ0063,27.704311,85.250583,Lalitpur,5,1,1,1,dry,35.0,2,29.73,0.81,191.5,10.402
HH01203,AQ0094,27.699184,85.434868,Kathmandu,6,0,1,1,dry,24.88,2,8.07,0.33,294.3,0.859
HH01204,AQ0251,27.658401,85.206324,Lalitpur,5,1,0,0,dry,20.41,2,7.29,2.25,398.3,3.869
HH01205,AQ0485,27.655564,85.302753,Bhaktapur,2,0,0,0,dry,36.48,0,3.66,2.32,406.4,9.158
HH01206,AQ0495,27.747688,85.335867,Kathmandu,4,1,1,0,wet,13.12,2,6.82,1.02,327.0,6.032
HH01207,AQ0362,27.695713,85.269364,Kathmandu,4,1,1,1,dry,33.51,1,1.0,1.45,1323.0,4.493
HH01208,AQ0500,27.632838,85.258164,Bhaktapur,5,1,1,0,dry,30.96,2,9.56,1.32,556.2,2.476
HH01209,AQ0143,27.787446,85.438431,Lalitpur,4,1,0,1,dry,63.5,1,58.25,1.75,708.9,1.933
HH01210,AQ0089,27.73373,85.330672,Kathmandu,6,1,0,1,dry,31.08,2,13.77,0.87,677.7,5.932
HH01211,AQ0099,27.647761,85.409199,Kathmandu,3,1,0,0,wet,15.58,2,4.12,1.92,201.6,4.951
HH01212,AQ0118,27.700417,85.336041,Kathmandu,6,1,1,0,dry,37.53,1,30.6,1.56,282.3,3.281
HH01213,AQ0496,27.751424,85.222623,Bhaktapur,6,1,0,1,dry,28.2,2,11.72,1.18,772.0,6.338
HH01214,AQ0241,27.706534,85.444129,Kathmandu,4,0,0,0,dry,32.62,2,0.5,2.03,358.7,4.222
HH01215,AQ0089,27.740691,85.337188,Kathmandu,3,1,1,0,dry,29.83,2,13.77,0.87,677.7,5.932
HH01216,AQ0497,27.631695,85.323007,Lalitpur,6,1,1,0,wet,23.14,0,12.82,1.91,581.3,1.522
HH01217,AQ0102,27.683329,85.431218,Kathmandu,6,1,1,0,wet,11.29,2,1.24,1.06,260.0,1.459
HH01218,AQ0492,27.596256,85.361652,Lalitpur,6,0,1,1,wet,27.07,2,8.34,1.27,515.0,3.212
HH01219,AQ0113,27.626528,85.314896,Kathmandu,4,1,1,0,wet,33.02,2,20.19,1.96,488.2,7.507
HH01220,AQ0469,27.629854,85.32453,Kathmandu,4,0,1,0,wet,24.95,2,7.99,0.68,274.4,3.93
HH01221,AQ0092,27.692224,85.433853,Kathmandu,7,1,1,0,dry,30.98,1,25.96,1.21,92.9,8.232
HH01222,AQ0076,27.673198,85.275394,Lalitpur,6,0,1,0,dry,44.76,1,33.05,1.97,110.0,8.381
HH01223,AQ0334,27.78299,85.396216,Kathmandu,4,1,1,1,wet,21.07,2,6.98,1.52,283.4,8.797
HH01224,AQ0405,27.780115,85.320653,Kathmandu,2,1,1,1,wet,23.1,1,14.86,1.35,164.2,1.629
HH01225,AQ0311,27.604731,85.301761,Kathmandu,6,1,0,1,wet,19.23,2,0.5,1.05,1033.8,6.099
HH01226,AQ0275,27.606364,85.267143,Kathmandu,4,1,1,0,wet,6.29,2,0.5,0.48,245.0,5.412
HH01227,AQ0134,27.746425,85.343636,Kathmandu,4,1,0,0,dry,8.9,2,13.64,0.52,274.7,6.411
HH01228,AQ0348,27.633886,85.313735,Kathmandu,5,1,1,0,wet,6.28,0,0.5,1.1,206.0,10.042
HH01229,AQ0105,27.792406,85.425319,Lalitpur,4,1,0,0,dry,21.72,2,4.71,1.03,271.3,2.717
HH01230,AQ0430,27.644153,85.26868,Kathmandu,4,0,1,0,wet,28.77,2,7.23,1.85,246.1,2.282
HH01231,AQ0007,27.639979,85.257776,Bhaktapur,6,1,0,0,wet,20.85,1,21.44,0.32,262.5,4.358
HH01232,AQ0021,27.766947,85.266353,Kathmandu,4,0,1,0,wet,34.58,2,2.04,2.12,1015.5,1.753
HH01233,AQ0232,27.768379,85.267198,Kathmandu,5,1,0,0,dry,36.92,1,25.77,0.97,436.2,5.218
HH01234,AQ0412,27.774657,85.407026,Kathmandu,4,1,1,1,dry,24.35,2,8.33,2.18,185.3,7.945
HH01235,AQ0070,27.672341,85.28743,Kathmandu,4,0,1,0,dry,43.49,1,19.16,1.6,83.6,5.472
HH01236,AQ0260,27.666187,85.382934,Lalitpur,2,1,0,1,dry,29.67,1,17.45,1.35,812.6,1.689
HH01237,AQ0193,27.680906,85.297496,Bhaktapur,4,1,0,1,wet,25.93,1,15.2,1.47,242.2,0.01
HH01238,AQ0466,27.630728,85.35385,Bhaktapur,8,0,1,0,wet,24.72,2,5.98,1.38,291.9,0.354
HH01239,AQ0039,27.76114,85.303338,Kathmandu,5,1,1,0,dry,14.48,2,7.38,0.61,683.3,2.143
HH01240,AQ0093,27.736175,85.414347,Kathmandu,7,1,1,0,wet,29.17,2,0.82,2.46,887.5,4.956
HH01241,AQ0357,27.654519,85.29202,Kathmandu,3,0,0,1,wet,47.91,2,11.84,1.13,1226.5,3.513
HH01242,AQ0465,27.742197,85.400268,Lalitpur,6,0,1,0,dry,36.21,2,6.9,1.25,336.6,0.454
HH01243,AQ0234,27.721753,85.376586,Lalitpur,3,0,0,0,dry,45.33,1,21.86,2.31,171.8,4.88
HH01244,AQ0395,27.686338,85.425596,Bhaktapur,6,1,1,0,dry,28.38,2,22.48,1.58,323.5,4.274
HH01245,AQ0429,27.772594,85.330015,Kathmandu,4,1,1,0,dry,42.39,1,46.11,1.33,261.3,6.166
HH01246,AQ0359,27.753699,85.25429,Lalitpur,4,1,1,0,dry,15.35,2,7.51,0.35,201.2,4.62
HH01247,AQ0389,27.628854,85.43296,Kathmandu,3,0,1,0,wet,38.16,2,19.29,2.38,182.2,1.172
HH01248,AQ0384,27.768805,85.296278,Kathmandu,4,1,1,0,dry,16.66,0,0.2,0.47,850.7,6.642
HH01249,AQ0123,27.713625,85.268297,Lalitpur,3,1,0,1,dry,34.5,2,27.06,0.46,224.3,5.407
HH01250,AQ0023,27.628252,85.329447,Kathmandu,4,1,1,1,dry,30.32,0,21.31,0.49,463.3,6.26
HH01251,AQ0475,27.605227,85.289765,Kathmandu,6,1,0,1,dry,29.78,0,1.18,1.89,188.8,1.483
HH01252,AQ0360,27.784962,85.235061,Bhaktapur,3,1,0,0,wet,15.64,0,7.96,1.7,618.0,4.717
HH01253,AQ0223,27.690896,85.205355,Kathmandu,4,1,1,1,dry,22.68,2,3.54,0.33,539.6,10.122
HH01254,AQ0204,27.791253,85.404522,Kathmandu,7,1,1,0,dry,24.4,2,19.9,0.79,409.6,1.355
HH01255,AQ0072,27.640052,85.290658,Kathmandu,2,1,0,0,wet,19.07,0,0.5,0.7,1034.7,11.88
HH01256,AQ0376,27.642164,85.207466,Kathmandu,7,1,1,1,wet,13.88,2,1.0,0.33,476.8,3.725
HH01257,AQ0090,27.743741,85.249109,Lalitpur,5,1,1,0,dry,27.35,2,22.29,1.73,140.6,3.192
HH01258,AQ0407,27.61659,85.447173,Kathmandu,5,1,1,0,dry,35.06,1,34.08,1.35,191.7,4.044
HH01259,AQ0309,27.755692,85.392803,Kathmandu,5,1,0,0,dry,33.74,0,14.35,2.05,373.6,2.401
HH01260,AQ0027,27.80195,85.441489,Lalitpur,6,1,1,0,wet,11.91,0,6.39,1.14,811.7,1.296
HH01261,AQ0340,27.641205,85.390654,Lalitpur,7,1,0,0,dry,44.54,0,32.44,2.05,600.3,2.566
HH01262,AQ0350,27.788077,85.2692,Bhaktapur,5,1,0,0,dry,25.35,2,10.96,1.03,596.5,3.991
HH01263,AQ0487,27.724452,85.225879,Bhaktapur,4,1,0,0,dry,35.95,1,22.39,1.71,308.6,0.811
HH01264,AQ0369,27.718021,85.33269,Kathmandu,8,1,1,0,dry,28.25,2,11.23,1.19,365.8,6.114
HH01265,AQ0230,27.696978,85.341118,Kathmandu,5,1,0,0,wet,21.9,2,2.98,0.87,913.6,4.91
HH01266,AQ0147,27.636777,85.422838,Kathmandu,6,1,1,0,wet,35.02,0,8.27,2.02,1055.5,4.598
HH01267,AQ0391,27.680699,85.212769,Lalitpur,7,1,0,1,dry,29.07,2,2.09,2.25,219.2,4.888
HH01268,AQ0239,27.687887,85.394285,Kathmandu,4,0,1,1,dry,50.11,0,16.47,2.15,859.8,1.772
HH01269,AQ0234,27.695816,85.392855,Lalitpur,3,1,1,1,dry,36.62,1,21.86,2.31,171.8,4.88
HH01270,AQ0094,27.699602,85.428052,Kathmandu,6,1,1,0,dry,11.71,2,8.07,0.33,294.3,0.859
HH01271,AQ0151,27.648906,85.352133,Kathmandu,5,0,1,0,dry,35.68,2,11.73,1.83,551.2,3.331
HH01272,AQ0167,27.628694,85.332871,Kathmandu,2,1,0,0,dry,51.37,1,55.81,1.42,518.8,3.446
HH01273,AQ0212,27.793308,85.271041,Kathmandu,6,0,0,1,wet,38.98,2,0.58,0.53,804.7,3.055
HH01274,AQ0017,27.614816,85.208977,Bhaktapur,3,1,1,0,dry,44.48,1,48.68,1.65,705.3,9.651
HH01275,AQ0377,27.640959,85.405192,Bhaktapur,5,1,0,1,wet,15.6,1,18.16,0.52,100.4,5.144
HH01276,AQ0495,27.746594,85.342999,Kathmandu,4,1,1,0,wet,22.49,2,6.82,1.02,327.0,6.032
HH01277,AQ0351,27.660206,85.334846,Kathmandu,5,1,1,0,wet,21.45,2,1.0,1.87,170.5,12.681
HH01278,AQ0322,27.657142,85.396862,Kathmandu,4,0,1,1,dry,63.19,2,24.41,2.35,294.4,7.9
HH01279,AQ0408,27.706408,85.364653,Kathmandu,3,1,1,1,dry,38.61,2,17.03,2.36,645.2,2.775
HH01280,AQ0243,27.750828,85.256305,Kathmandu,3,1,0,0,dry,38.65,2,10.04,2.07,942.7,0.01
HH01281,AQ0488,27.702495,85.289901,Kathmandu,3,1,0,0,dry,27.02,2,21.96,0.37,735.9,4.32
HH01282,AQ0177,27.72377,85.421553,Kathmandu,5,1,0,1,dry,50.11,2,27.76,2.2,609.5,7.628
HH01283,AQ0200,27.651943,85.289796,Lalitpur,6,1,0,1,dry,23.23,2,4.52,1.99,198.7,1.458
HH01284,AQ0080,27.679282,85.428928,Lalitpur,3,1,1,0,wet,15.36,2,2.74,1.48,284.5,4.931
HH01285,AQ0492,27.609502,85.360099,Lalitpur,4,1,1,0,wet,4.72,2,8.34,1.27,515.0,3.212
HH01286,AQ0272,27.749748,85.249354,Kathmandu,7,0,0,0,wet,26.89,2,7.22,1.65,95.5,1.256
HH01287,AQ0013,27.664047,85.440272,Lalitpur,4,1,1,0,dry,40.4,2,17.5,2.43,410.2,7.467
HH01288,AQ0047,27.612328,85.273112,Lalitpur,3,1,1,0,wet,23.53,1,21.3,0.87,486.5,5.533
HH01289,AQ0036,27.782992,85.423896,Kathmandu,5,1,0,0,wet,21.1,0,13.23,1.92,308.9,2.742
HH01290,AQ0460,27.731818,85.373766,Kathmandu,7,0,1,0,wet,40.79,0,10.47,2.45,279.6,2.467
HH01291,AQ0424,27.634684,85.249726,Kathmandu,6,0,1,1,dry,28.99,2,2.47,0.37,899.6,8.837
HH01292,AQ0274,27.741703,85.420211,Kathmandu,6,1,1,1,dry,42.9,1,31.82,0.8,1318.8,6.851
HH01293,AQ0367,27.621339,85.434571,Bhaktapur,6,1,1,0,dry,41.41,2,30.09,2.19,1158.7,0.167
HH01294,AQ0340,27.62028,85.395402,Lalitpur,5,1,1,0,dry,43.65,0,32.44,2.05,600.3,2.566
HH01295,AQ0041,27.714654,85.332531,Kathmandu,5,1,1,0,dry,27.78,0,15.44,2.31,374.0,5.319
HH01296,AQ0352,27.629143,85.338426,Bhaktapur,6,0,1,1,dry,40.45,0,7.26,1.32,568.8,5.708
HH01297,AQ0327,27.745154,85.369853,Kathmandu,5,0,0,0,dry,40.97,2,16.75,0.35,501.3,4.013
HH01298,AQ0004,27.71403,85.329706,Bhaktapur,5,1,1,0,dry,41.08,1,50.65,0.33,241.1,4.059
HH01299,AQ0216,27.663756,85.443605,Kathmandu,4,1,1,0,wet,14.45,2,0.5,2.45,262.9,5.863
HH01300,AQ0397,27.597616,85.391075,Kathmandu,5,1,0,0,wet,21.98,2,10.66,0.65,1626.5,5.288
HH01301,AQ0124,27.710287,85.240921,Lalitpur,2,1,1,1,dry,36.91,2,26.65,0.99,373.5,1.764
HH01302,AQ0483,27.657569,85.323828,Kathmandu,4,1,1,1,dry,53.1,1,48.0,0.95,508.8,6.968
HH01303,AQ0333,27.66572,85.297558,Bhaktapur,3,0,0,1,wet,27.53,2,1.49,0.75,422.3,6.298
HH01304,AQ0054,27.70089,85.362793,Lalitpur,4,1,1,1,wet,39.34,0,18.13,1.24,890.5,6.616
HH01305,AQ0035,27.653456,85.293611,Lalitpur,5,0,0,1,dry,39.19,2,19.48,1.2,280.3,6.136
HH01306,AQ0296,27.621098,85.425754,Bhaktapur,8,1,1,0,dry,34.44,1,30.31,1.99,364.9,0.875
HH01307,AQ0058,27.797547,85.417016,Kathmandu,5,0,1,0,dry,20.69,2,4.7,0.31,383.8,4.659
HH01308,AQ0042,27.697987,85.3448,Kathmandu,5,1,1,1,wet,39.33,1,20.63,2.47,1237.3,8.569
HH01309,AQ0357,27.671185,85.326073,Kathmandu,4,1,1,0,wet,18.18,2,11.84,1.13,1226.5,3.513
HH01310,AQ0166,27.708357,85.227382,Kathmandu,3,1,1,0,dry,25.03,2,11.39,1.21,390.7,2.334
HH01311,AQ0342,27.674803,85.413981,Kathmandu,5,1,1,0,wet,24.21,2,8.06,0.34,1280.8,9.241
HH01312,AQ0413,27.679151,85.201947,Kathmandu,5,1,0,0,dry,35.78,1,41.21,1.09,490.5,1.041
HH01313,AQ0429,27.78182,85.316447,Kathmandu,4,0,1,1,dry,60.33,1,46.11,1.33,261.3,6.166
HH01314,AQ0202,27.75607,85.451339,Kathmandu,2,1,0,0,dry,23.57,2,8.49,1.82,304.6,5.442
HH01315,AQ0031,27.71588,85.279937,Kathmandu,7,1,1,1,dry,17.21,0,0.5,0.79,559.8,8.001
HH01316,AQ0266,27.61159,85.337997,Bhaktapur,2,1,1,0,wet,18.56,2,6.22,1.92,231.5,0.172
HH01317,AQ0018,27.612228,85.329698,Kathmandu,7,1,1,0,dry,27.35,2,8.12,0.33,1421.3,6.973
HH01318,AQ0312,27.780403,85.420137,Kathmandu,8,1,1,0,dry,29.25,0,23.92,1.01,222.4,2.412
HH01319,AQ0195,27.6564,85.205413,Lalitpur,6,1,0,0,dry,37.41,1,15.47,2.36,515.7,6.57
HH01320,AQ0072,27.651991,85.287885,Kathmandu,4,1,1,0,wet,20.49,0,0.5,0.7,1034.7,11.88
HH01321,AQ0043,27.630482,85.416145,Kathmandu,7,0,1,0,dry,41.8,2,0.5,2.32,231.0,11.31
HH01322,AQ0484,27.729758,85.2312,Kathmandu,7,1,1,0,dry,24.46,0,10.15,1.08,506.1,1.298
HH01323,AQ0454,27.725963,85.306057,Kathmandu,7,1,1,1,dry,43.5,2,11.96,1.82,511.8,0.62
HH01324,AQ0030,27.706469,85.361564,Kathmandu,7,1,0,1,dry,27.61,2,17.4,1.31,298.7,4.002
HH01325,AQ0355,27.797025,85.245317,Bhaktapur,4,1,0,0,dry,43.55,1,38.13,1.55,441.0,6.036
HH01326,AQ0421,27.663528,85.381519,Kathmandu,7,1,0,0,dry,20.42,0,10.59,1.41,365.0,2.938
HH01327,AQ0098,27.637792,85.240747,Lalitpur,5,0,0,0,dry,38.32,2,7.51,1.62,289.7,6.821
HH01328,AQ0440,27.768087,85.233314,Lalitpur,7,1,1,1,dry,42.2,0,20.4,2.11,358.4,1.614
HH01329,AQ0352,27.657222,85.345981,Bhaktapur,5,0,1,0,dry,36.94,0,7.26,1.32,568.8,5.708
HH01330,AQ0293,27.691832,85.228362,Lalitpur,4,0,1,1,dry,46.73,1,41.47,0.57,617.1,3.722
HH01331,AQ0065,27.637703,85.332209,Kathmandu,6,1,0,1,dry,26.26,2,7.78,2.19,304.9,0.01
HH01332,AQ0300,27.781045,85.36733,Kathmandu,7,1,1,0,wet,12.21,2,0.55,0.42,256.5,8.588
HH01333,AQ0095,27.664489,85.408268,Bhaktapur,7,1,1,0,wet,35.29,1,20.37,2.1,595.4,7.258
HH01334,AQ0043,27.631028,85.399675,Kathmandu,2,1,1,0,dry,23.07,2,0.5,2.32,231.0,11.31
HH01335,AQ0318,27.661076,85.214911,Kathmandu,7,1,0,0,dry,28.86,1,13.81,1.76,486.2,4.328
HH01336,AQ0224,27.635914,85.254813,Kathmandu,7,1,1,1,dry,29.82,2,0.2,2.41,258.5,7.935
HH01337,AQ0208,27.710031,85.404732,Kathmandu,3,0,1,1,dry,54.64,1,28.88,1.79,568.6,2.599
HH01338,AQ0259,27.730385,85.326452,Kathmandu,5,1,1,0,dry,34.22,2,0.5,2.33,1268.4,5.093
HH01339,AQ0139,27.696305,85.278972,Kathmandu,5,1,1,1,dry,23.56,2,14.06,1.56,128.9,5.477
HH01340,AQ0292,27.784392,85.281431,Kathmandu,8,1,1,1,wet,29.5,2,11.72,1.79,605.3,8.224
HH01341,AQ0374,27.800868,85.239679,Kathmandu,5,0,1,0,dry,37.91,2,19.82,1.1,714.4,6.803
HH01342,AQ0179,27.719341,85.392255,Lalitpur,4,0,0,0,dry,47.58,1,28.52,0.37,504.3,5.454
HH01343,AQ0009,27.649781,85.249044,Kathmandu,5,1,1,0,wet,10.23,1,4.93,0.39,929.4,8.426
HH01344,AQ0401,27.619892,85.390199,Bhaktapur,7,1,1,1,dry,24.58,2,11.6,2.38,181.8,0.01
HH01345,AQ0244,27.754264,85.372371,Lalitpur,3,0,0,0,dry,68.23,1,39.75,2.2,589.8,4.016
HH01346,AQ0014,27.792398,85.218091,Kathmandu,5,1,1,1,dry,12.27,2,0.2,0.95,200.9,7.499
HH01347,AQ0253,27.701711,85.312762,Kathmandu,5,0,1,1,wet,49.15,1,13.42,2.07,818.6,1.167
HH01348,AQ0363,27.669149,85.35194,Kathmandu,5,1,1,1,wet,14.19,2,4.46,0.98,318.1,8.397
HH01349,AQ0399,27.620961,85.365889,Kathmandu,4,1,0,1,dry,21.33,2,3.6,1.05,299.1,1.983
HH01350,AQ0168,27.755689,85.338969,Bhaktapur,3,1,1,0,dry,21.04,2,14.35,0.93,751.5,8.539
HH01351,AQ0022,27.644644,85.226997,Kathmandu,5,1,1,0,wet,37.11,0,21.45,2.35,784.9,10.919
HH01352,AQ0155,27.672316,85.375637,Kathmandu,3,1,1,0,dry,18.17,0,13.48,0.74,553.4,1.77
HH01353,AQ0153,27.812545,85.320284,Kathmandu,4,1,1,0,wet,16.76,2,15.94,0.59,346.8,2.404
HH01354,AQ0250,27.792613,85.356697,Kathmandu,8,0,1,1,wet,41.41,1,33.29,0.46,100.7,3.994
HH01355,AQ0359,27.768901,85.256918,Lalitpur,4,0,1,1,dry,38.1,2,7.51,0.35,201.2,4.62
HH01356,AQ0109,27.792653,85.355977,Lalitpur,2,0,1,1,dry,46.26,2,14.95,2.1,566.4,7.012
HH01357,AQ0492,27.608439,85.356476,Lalitpur,5,1,0,0,wet,15.43,2,8.34,1.27,515.0,3.212
HH01358,AQ0157,27.69794,85.288431,Kathmandu,5,0,1,1,dry,40.12,2,17.59,1.64,983.0,4.455
HH01359,AQ0416,27.755285,85.392817,Kathmandu,2,0,1,1,wet,34.79,2,6.69,1.61,396.7,6.002
HH01360,AQ0431,27.657209,85.275343,Lalitpur,4,0,1,0,wet,37.55,2,7.91,2.4,262.3,5.193
HH01361,AQ0450,27.597023,85.235581,Kathmandu,6,1,0,0,dry,28.06,0,7.01,1.05,400.1,2.715
HH01362,AQ0093,27.741896,85.387914,Kathmandu,6,0,1,0,wet,41.29,2,0.82,2.46,887.5,4.956
HH01363,AQ0018,27.611816,85.330605,Kathmandu,5,1,0,1,dry,31.5,2,8.12,0.33,1421.3,6.973
HH01364,AQ0327,27.747428,85.35768,Kathmandu,6,1,0,0,dry,21.51,2,16.75,0.35,501.3,4.013
HH01365,AQ0201,27.651854,85.408239,Kathmandu,3,1,0,0,dry,21.12,2,0.5,0.89,876.8,4.019
HH01366,AQ0146,27.647389,85.254986,Kathmandu,3,1,1,1,dry,50.52,1,42.87,2.16,143.8,1.366
HH01367,AQ0078,27.67687,85.247398,Kathmandu,4,1,0,1,dry,25.66,2,2.86,2.19,243.3,3.845
HH01368,AQ0482,27.749615,85.337382,Kathmandu,4,1,1,1,wet,24.99,2,5.0,1.71,465.9,2.045
HH01369,AQ0256,27.766874,85.282544,Kathmandu,5,1,0,1,dry,82.49,1,76.26,1.8,1420.7,9.278
HH01370,AQ0275,27.630131,85.262042,Kathmandu,3,1,1,0,wet,10.24,2,0.5,0.48,245.0,5.412
HH01371,AQ0051,27.743416,85.443821,Lalitpur,3,0,1,0,dry,41.22,2,8.04,2.1,391.7,4.656
HH01372,AQ0082,27.760541,85.253338,Lalitpur,4,1,1,0,dry,7.02,0,0.5,0.81,292.6,3.393
HH01373,AQ0239,27.701343,85.416738,Kathmandu,5,0,1,0,dry,42.33,0,16.47,2.15,859.8,1.772
HH01374,AQ0115,27.679644,85.386443,Kathmandu,5,1,0,0,dry,35.4,1,37.97,0.44,420.5,1.299
HH01375,AQ0098,27.639771,85.245686,Lalitpur,2,1,1,1,dry,23.38,2,7.51,1.62,289.7,6.821
HH01376,AQ0446,27.745743,85.435117,Bhaktapur,5,1,0,1,dry,21.81,2,4.84,1.76,800.3,7.349
HH01377,AQ0441,27.691184,85.284208,Lalitpur,8,0,0,1,dry,44.78,2,10.69,0.92,822.7,5.838
HH01378,AQ0487,27.73265,85.227961,Bhaktapur,5,0,1,1,dry,42.53,1,22.39,1.71,308.6,0.811
HH01379,AQ0392,27.745377,85.228577,Kathmandu,5,0,1,0,dry,31.51,2,7.32,1.88,169.9,5.859
HH01380,AQ0482,27.746659,85.347829,Kathmandu,6,1,0,1,wet,25.03,2,5.0,1.71,465.9,2.045
HH01381,AQ0431,27.660597,85.256638,Lalitpur,3,1,0,0,wet,14.88,2,7.91,2.4,262.3,5.193
HH01382,AQ0343,27.719262,85.192194,Kathmandu,3,1,0,0,wet,16.25,2,10.17,0.95,1056.5,2.624
HH01383,AQ0188,27.745325,85.392183,Kathmandu,8,1,1,1,dry,20.61,2,2.65,0.77,617.2,5.305
HH01384,AQ0073,27.65826,85.332553,Kathmandu,4,1,1,0,dry,31.74,0,8.98,2.21,777.7,4.644
HH01385,AQ0285,27.618029,85.405787,Lalitpur,7,1,1,0,wet,15.44,0,2.46,1.33,765.5,3.153
HH01386,AQ0157,27.689156,85.255062,Kathmandu,4,1,0,1,dry,38.88,2,17.59,1.64,983.0,4.455
HH01387,AQ0270,27.794241,85.333314,Kathmandu,4,1,1,1,dry,26.51,0,13.39,0.72,403.1,5.801
HH01388,AQ0010,27.677283,85.243659,Lalitpur,6,1,1,0,wet,17.2,2,11.92,0.68,806.7,6.788
HH01389,AQ0261,27.608443,85.225144,Lalitpur,7,1,0,0,wet,12.27,2,0.2,1.29,381.5,2.181
HH01390,AQ0297,27.609147,85.440113,Bhaktapur,4,1,0,1,dry,15.93,0,6.76,0.45,197.4,10.655
HH01391,AQ0086,27.751111,85.227286,Kathmandu,5,1,0,1,wet,26.94,2,10.43,2.4,122.7,1.673
HH01392,AQ0157,27.688439,85.277937,Kathmandu,2,1,0,1,dry,35.02,2,17.59,1.64,983.0,4.455
HH01393,AQ0394,27.712209,85.344954,Lalitpur,2,1,0,0,wet,28.26,1,16.1,2.36,242.3,8.754
HH01394,AQ0129,27.774251,85.449544,Kathmandu,7,1,1,0,wet,38.53,1,26.33,1.68,805.1,1.693
HH01395,AQ0193,27.688429,85.307828,Bhaktapur,6,1,0,0,wet,18.52,1,15.2,1.47,242.2,0.01
HH01396,AQ0287,27.77842,85.421992,Kathmandu,5,0,1,0,wet,16.28,2,3.46,1.05,326.1,4.716
HH01397,AQ0430,27.636837,85.26669,Kathmandu,6,1,1,1,wet,31.1,2,7.23,1.85,246.1,2.282
HH01398,AQ0004,27.720679,85.320555,Bhaktapur,5,0,1,0,dry,47.86,1,50.65,0.33,241.1,4.059
HH01399,AQ0325,27.603271,85.214203,Lalitpur,4,1,1,0,wet,15.31,2,5.06,1.69,422.7,3.345
HH01400,AQ0020,27.6377,85.282727,Kathmandu,6,1,1,1,dry,25.52,0,7.81,0.39,190.3,5.074
HH01401,AQ0273,27.781721,85.218828,Kathmandu,3,1,0,1,dry,23.77,0,1.0,1.16,213.5,0.207
HH01402,AQ0360,27.772744,85.221289,Bhaktapur,5,1,0,0,wet,22.87,0,7.96,1.7,618.0,4.717
HH01403,AQ0394,27.690831,85.347394,Lalitpur,8,0,1,0,wet,42.85,1,16.1,2.36,242.3,8.754
HH01404,AQ0091,27.659828,85.301831,Kathmandu,6,1,1,1,wet,29.65,2,10.24,1.65,1459.5,1.091
HH01405,AQ0036,27.808923,85.422406,Kathmandu,2,1,0,0,wet,24.43,0,13.23,1.92,308.9,2.742
HH01406,AQ0354,27.616114,85.355605,Kathmandu,7,1,1,0,wet,16.87,2,0.2,1.21,278.7,4.018
HH01407,AQ0143,27.783892,85.430718,Lalitpur,3,0,1,0,dry,62.19,1,58.25,1.75,708.9,1.933
HH01408,AQ0416,27.764239,85.392607,Kathmandu,3,1,1,0,wet,13.57,2,6.69,1.61,396.7,6.002
HH01409,AQ0087,27.632449,85.294403,Kathmandu,5,1,1,1,dry,22.77,2,9.39,0.43,474.1,4.718
HH01410,AQ0339,27.757612,85.408788,Kathmandu,6,1,1,0,wet,20.05,2,7.38,1.99,178.6,4.864
HH01411,AQ0388,27.710674,85.259931,Kathmandu,4,1,1,0,dry,29.58,1,16.24,0.96,291.7,3.164
HH01412,AQ0342,27.673383,85.395007,Kathmandu,4,0,0,1,wet,30.01,2,8.06,0.34,1280.8,9.241
HH01413,AQ0111,27.742657,85.352824,Lalitpur,7,0,1,0,wet,39.02,2,13.09,2.14,819.2,1.78
HH01414,AQ0209,27.781972,85.402688,Kathmandu,3,0,1,0,dry,38.92,2,7.62,1.84,841.1,8.044
HH01415,AQ0275,27.607975,85.253851,Kathmandu,6,1,1,1,wet,16.73,2,0.5,0.48,245.0,5.412
HH01416,AQ0274,27.712847,85.437587,Kathmandu,3,1,0,0,dry,49.97,1,31.82,0.8,1318.8,6.851
HH01417,AQ0305,27.772302,85.411892,Kathmandu,4,1,1,0,dry,41.97,1,18.21,1.72,511.4,8.273
HH01418,AQ0075,27.803013,85.208655,Bhaktapur,2,1,1,1,dry,34.92,2,20.63,1.26,816.6,0.159
HH01419,AQ0380,27.722448,85.285187,Kathmandu,7,0,1,0,dry,43.45,2,25.79,1.33,234.4,2.941
HH01420,AQ0171,27.749195,85.392126,Lalitpur,5,1,0,1,wet,21.9,2,1.03,2.26,477.9,5.73
HH01421,AQ0035,27.660463,85.303446,Lalitpur,4,1,1,0,dry,22.08,2,19.48,1.2,280.3,6.136
HH01422,AQ0312,27.793699,85.430085,Kathmandu,4,1,0,1,dry,33.16,0,23.92,1.01,222.4,2.412
HH01423,AQ0442,27.697004,85.249389,Bhaktapur,5,1,1,0,dry,23.21,2,15.04,1.59,861.5,1.862
HH01424,AQ0007,27.670059,85.240082,Bhaktapur,2,1,1,0,wet,12.7,1,21.44,0.32,262.5,4.358
HH01425,AQ0314,27.73165,85.339,Lalitpur,4,1,1,1,dry,27.95,2,16.43,0.68,382.2,1.441
HH01426,AQ0209,27.785127,85.415718,Kathmandu,5,1,0,1,dry,30.92,2,7.62,1.84,841.1,8.044
HH01427,AQ0036,27.796488,85.419126,Kathmandu,5,1,0,0,wet,14.61,0,13.23,1.92,308.9,2.742
HH01428,AQ0154,27.75998,85.357377,Lalitpur,8,1,0,1,dry,36.42,2,29.59,1.21,406.5,3.548
HH01429,AQ0198,27.657366,85.272795,Lalitpur,4,0,1,0,wet,28.12,2,4.93,1.26,742.9,12.027
HH01430,AQ0395,27.682969,85.405594,Bhaktapur,7,1,0,0,dry,34.48,2,22.48,1.58,323.5,4.274
HH01431,AQ0392,27.737012,85.215603,Kathmandu,4,1,0,1,dry,23.64,2,7.32,1.88,169.9,5.859
HH01432,AQ0492,27.599635,85.365881,Lalitpur,2,1,1,0,wet,17.63,2,8.34,1.27,515.0,3.212
HH01433,AQ0025,27.625242,85.204068,Lalitpur,5,1,1,0,dry,37.95,2,17.61,2.43,417.1,3.475
HH01434,AQ0139,27.690695,85.275944,Kathmandu,5,1,1,0,dry,21.31,2,14.06,1.56,128.9,5.477
HH01435,AQ0334,27.761246,85.384122,Kathmandu,5,0,1,0,wet,24.13,2,6.98,1.52,283.4,8.797
HH01436,AQ0340,27.632954,85.404429,Lalitpur,5,1,1,0,dry,43.14,0,32.44,2.05,600.3,2.566
HH01437,AQ0025,27.628311,85.234896,Lalitpur,3,1,1,0,dry,23.35,2,17.61,2.43,417.1,3.475
HH01438,AQ0263,27.623069,85.270586,Kathmandu,5,0,1,0,dry,41.86,2,8.98,2.19,468.4,1.376
HH01439,AQ0129,27.770367,85.444897,Kathmandu,5,1,1,0,wet,33.85,1,26.33,1.68,805.1,1.693
HH01440,AQ0101,27.651257,85.292906,Bhaktapur,6,0,1,0,dry,36.37,1,11.03,1.64,393.5,9.171
HH01441,AQ0279,27.611345,85.395603,Kathmandu,5,0,0,1,wet,42.86,2,7.61,1.94,766.4,2.497
HH01442,AQ0406,27.807523,85.241823,Lalitpur,5,0,0,1,dry,57.78,2,13.21,1.87,643.2,1.448
HH01443,AQ0476,27.77854,85.405789,Lalitpur,4,0,0,0,wet,31.9,2,4.44,0.36,1277.4,1.12
HH01444,AQ0075,27.796016,85.229813,Bhaktapur,5,0,0,0,dry,48.39,2,20.63,1.26,816.6,0.159
HH01445,AQ0320,27.637636,85.228289,Bhaktapur,4,1,1,0,dry,33.73,2,9.99,2.16,1502.3,3.799
HH01446,AQ0073,27.671397,85.332901,Kathmandu,5,0,1,0,dry,33.58,0,8.98,2.21,777.7,4.644
HH01447,AQ0339,27.753449,85.391847,Kathmandu,6,1,0,1,wet,22.55,2,7.38,1.99,178.6,4.864
HH01448,AQ0167,27.64537,85.326514,Kathmandu,5,0,0,1,dry,70.14,1,55.81,1.42,518.8,3.446
HH01449,AQ0392,27.738103,85.213799,Kathmandu,3,1,1,0,dry,29.15,2,7.32,1.88,169.9,5.859
HH01450,AQ0254,27.765046,85.309136,Kathmandu,4,1,1,0,dry,21.65,0,0.2,1.47,326.0,4.902
HH01451,AQ0408,27.709527,85.381073,Kathmandu,3,1,0,0,dry,35.78,2,17.03,2.36,645.2,2.775
HH01452,AQ0268,27.736709,85.257058,Kathmandu,5,0,0,1,dry,42.1,2,12.5,0.32,1098.9,7.856
HH01453,AQ0387,27.755397,85.290483,Kathmandu,8,0,1,1,dry,48.88,2,17.01,1.29,371.5,2.904
HH01454,AQ0362,27.702014,85.236658,Kathmandu,4,1,1,0,dry,29.53,1,1.0,1.45,1323.0,4.493
HH01455,AQ0396,27.621474,85.361682,Kathmandu,6,1,0,1,dry,23.73,2,9.38,0.7,374.4,1.062
HH01456,AQ0267,27.676951,85.249799,Kathmandu,6,1,1,1,dry,20.3,2,2.44,0.59,477.3,5.594
HH01457,AQ0429,27.77049,85.316883,Kathmandu,6,0,0,1,dry,54.33,1,46.11,1.33,261.3,6.166
HH01458,AQ0011,27.701932,85.260776,Bhaktapur,7,1,1,0,dry,33.06,1,30.3,1.58,337.0,3.598
HH01459,AQ0005,27.743497,85.378713,Lalitpur,6,0,1,1,wet,28.58,0,2.18,0.56,206.0,2.756
HH01460,AQ0356,27.688978,85.284156,Lalitpur,4,0,1,0,dry,41.71,1,23.87,1.49,361.2,4.994
HH01461,AQ0158,27.693058,85.265408,Kathmandu,7,1,1,1,wet,19.51,0,0.2,1.93,174.5,6.479
HH01462,AQ0279,27.610298,85.39362,Kathmandu,3,1,1,0,wet,21.0,2,7.61,1.94,766.4,2.497
HH01463,AQ0210,27.735793,85.293195,Kathmandu,5,1,1,0,dry,11.86,2,1.0,0.41,210.4,7.511
HH01464,AQ0395,27.694696,85.407857,Bhaktapur,5,1,0,1,dry,29.11,2,22.48,1.58,323.5,4.274
HH01465,AQ0193,27.663009,85.299838,Bhaktapur,5,1,1,1,wet,19.5,1,15.2,1.47,242.2,0.01
HH01466,AQ0416,27.753396,85.409887,Kathmandu,6,1,0,1,wet,21.0,2,6.69,1.61,396.7,6.002
HH01467,AQ0445,27.663173,85.191037,Kathmandu,8,1,1,0,dry,20.74,2,3.91,0.82,422.7,10.08
HH01468,AQ0111,27.745112,85.373174,Lalitpur,6,1,1,0,wet,19.78,2,13.09,2.14,819.2,1.78
HH01469,AQ0175,27.696907,85.358766,Kathmandu,5,1,1,0,wet,8.1,2,19.49,0.33,443.5,1.898
HH01470,AQ0225,27.791467,85.411391,Lalitpur,8,1,1,0,dry,44.47,0,41.0,0.4,589.1,3.117
HH01471,AQ0447,27.668275,85.280846,Kathmandu,3,1,1,1,dry,23.4,2,0.5,1.41,445.7,5.308
HH01472,AQ0378,27.655095,85.262688,Kathmandu,7,0,1,0,wet,37.53,2,5.14,1.89,1219.1,9.29
HH01473,AQ0094,27.686525,85.424578,Kathmandu,6,1,1,0,dry,5.42,2,8.07,0.33,294.3,0.859
HH01474,AQ0424,27.614936,85.256507,Kathmandu,4,1,1,1,dry,26.6,2,2.47,0.37,899.6,8.837
HH01475,AQ0382,27.726696,85.289668,Lalitpur,5,1,1,0,dry,15.26,0,0.5,0.87,720.8,4.843
HH01476,AQ0335,27.620946,85.277194,Kathmandu,7,1,1,0,dry,46.46,1,45.06,0.83,125.4,8.931
HH01477,AQ0473,27.690432,85.221253,Bhaktapur,6,0,1,1,dry,57.41,2,28.66,2.31,846.7,0.415
HH01478,AQ0228,27.681307,85.318216,Bhaktapur,5,1,0,0,wet,30.37,2,10.39,1.51,490.4,6.729
HH01479,AQ0157,27.68873,85.244696,Kathmandu,3,1,1,1,dry,37.2,2,17.59,1.64,983.0,4.455
HH01480,AQ0362,27.718145,85.274485,Kathmandu,4,1,1,1,dry,29.1,1,1.0,1.45,1323.0,4.493
HH01481,AQ0145,27.667351,85.413412,Lalitpur,6,1,1,0,wet,9.13,2,0.5,1.43,287.7,9.015
HH01482,AQ0349,27.688752,85.399931,Lalitpur,4,1,0,0,wet,15.21,0,0.97,0.77,518.2,10.372
HH01483,AQ0275,27.607358,85.263614,Kathmandu,7,1,0,0,wet,13.83,2,0.5,0.48,245.0,5.412
HH01484,AQ0256,27.781098,85.307756,Kathmandu,8,1,0,0,dry,75.67,1,76.26,1.8,1420.7,9.278
HH01485,AQ0462,27.622514,85.21131,Lalitpur,5,1,1,0,wet,18.96,2,6.03,1.86,772.3,4.964
HH01486,AQ0181,27.602482,85.278808,Kathmandu,5,1,0,0,wet,38.97,1,14.94,2.06,269.3,2.92
HH01487,AQ0332,27.608892,85.322239,Kathmandu,4,1,1,0,dry,28.33,2,11.56,1.2,190.8,0.01
HH01488,AQ0467,27.789624,85.338119,Kathmandu,4,0,1,0,wet,28.97,2,1.07,0.89,524.0,8.489
HH01489,AQ0317,27.786531,85.272389,Kathmandu,6,1,1,0,dry,16.04,2,4.2,0.72,308.7,5.726
HH01490,AQ0125,27.705639,85.266684,Bhaktapur,4,0,1,0,wet,22.43,2,6.8,1.49,158.8,3.248
HH01491,AQ0272,27.741483,85.212689,Kathmandu,7,1,0,0,wet,10.92,2,7.22,1.65,95.5,1.256
HH01492,AQ0301,27.618802,85.364262,Kathmandu,5,1,0,1,dry,34.74,2,1.0,1.47,173.4,7.46
HH01493,AQ0262,27.677184,85.363065,Kathmandu,3,0,1,0,dry,35.71,0,20.9,0.88,821.6,2.089
HH01494,AQ0156,27.747074,85.335851,Bhaktapur,6,1,0,0,wet,24.4,2,6.68,1.63,179.3,3.983
HH01495,AQ0344,27.626298,85.202103,Kathmandu,2,1,1,0,dry,21.63,2,17.38,1.33,70.4,3.09
HH01496,AQ0468,27.712252,85.407532,Kathmandu,5,1,1,0,dry,17.39,2,12.23,0.71,204.7,5.625
HH01497,AQ0478,27.648621,85.372333,Kathmandu,5,1,0,0,wet,11.86,2,10.79,1.11,198.8,0.01
HH01498,AQ0343,27.740481,85.198796,Kathmandu,3,1,1,0,wet,27.64,2,10.17,0.95,1056.5,2.624
HH01499,AQ0198,27.663234,85.253236,Lalitpur,6,0,1,1,wet,27.83,2,4.93,1.26,742.9,12.027
HH01500,AQ0093,27.743923,85.413085,Kathmandu,7,1,1,0,wet,30.65,2,0.82,2.46,887.5,4.956
HH01501,AQ0201,27.651688,85.411097,Kathmandu,6,1,1,0,dry,21.89,2,0.5,0.89,876.8,4.019
HH01502,AQ0430,27.645304,85.273137,Kathmandu,7,1,0,0,wet,20.14,2,7.23,1.85,246.1,2.282
HH01503,AQ0321,27.713084,85.394389,Kathmandu,6,0,1,0,dry,34.98,2,0.2,1.84,756.4,3.588
HH01504,AQ0070,27.686431,85.298288,Kathmandu,4,1,0,0,dry,24.6,1,19.16,1.6,83.6,5.472
HH01505,AQ0111,27.769462,85.352402,Lalitpur,3,1,1,0,wet,25.4,2,13.09,2.14,819.2,1.78
HH01506,AQ0333,27.694575,85.300268,Bhaktapur,3,0,1,0,wet,14.2,2,1.49,0.75,422.3,6.298
HH01507,AQ0036,27.819532,85.4355,Kathmandu,5,0,1,1,wet,35.2,0,13.23,1.92,308.9,2.742
HH01508,AQ0161,27.627924,85.336587,Lalitpur,4,1,1,0,dry,24.96,2,15.76,1.3,249.6,0.01
HH01509,AQ0168,27.741483,85.336717,Bhaktapur,5,1,0,0,dry,27.45,2,14.35,0.93,751.5,8.539
HH01510,AQ0022,27.648399,85.227676,Kathmandu,7,0,1,0,wet,46.7,0,21.45,2.35,784.9,10.919
HH01511,AQ0426,27.76579,85.398103,Bhaktapur,3,1,0,0,dry,18.01,2,0.5,0.47,539.8,6.45
HH01512,AQ0272,27.766338,85.233286,Kathmandu,5,1,1,0,wet,12.61,2,7.22,1.65,95.5,1.256
HH01513,AQ0245,27.752306,85.286075,Kathmandu,7,1,0,0,dry,5.71,2,6.81,0.53,138.2,5.28
HH01514,AQ0057,27.617517,85.445698,Kathmandu,3,1,1,0,dry,53.53,1,47.39,1.97,558.2,1.884
HH01515,AQ0113,27.586788,85.32623,Kathmandu,3,1,1,1,wet,27.14,2,20.19,1.96,488.2,7.507
HH01516,AQ0208,27.716543,85.402652,Kathmandu,4,1,1,1,dry,40.42,1,28.88,1.79,568.6,2.599
HH01517,AQ0447,27.673081,85.280416,Kathmandu,8,0,1,0,dry,34.97,2,0.5,1.41,445.7,5.308
HH01518,AQ0155,27.694241,85.379683,Kathmandu,8,1,1,0,dry,18.53,0,13.48,0.74,553.4,1.77
HH01519,AQ0320,27.643022,85.254437,Bhaktapur,4,1,1,0,dry,37.2,2,9.99,2.16,1502.3,3.799
HH01520,AQ0168,27.754614,85.339597,Bhaktapur,8,1,1,1,dry,35.2,2,14.35,0.93,751.5,8.539
HH01521,AQ0319,27.628949,85.329698,Lalitpur,3,1,0,0,wet,22.59,2,9.07,1.76,296.0,3.191
HH01522,AQ0058,27.792166,85.405838,Kathmandu,7,1,1,0,dry,10.03,2,4.7,0.31,383.8,4.659
HH01523,AQ0040,27.687633,85.387403,Kathmandu,4,1,0,0,wet,33.95,1,21.09,1.63,1071.4,5.392
HH01524,AQ0259,27.730074,85.362922,Kathmandu,5,1,1,0,dry,25.63,2,0.5,2.33,1268.4,5.093
HH01525,AQ0369,27.720432,85.351936,Kathmandu,5,1,1,0,dry,18.97,2,11.23,1.19,365.8,6.114
HH01526,AQ0216,27.65826,85.433964,Kathmandu,5,1,1,1,wet,21.67,2,0.5,2.45,262.9,5.863
HH01527,AQ0195,27.666922,85.205258,Lalitpur,5,0,1,1,dry,52.04,1,15.47,2.36,515.7,6.57
HH01528,AQ0107,27.754524,85.293844,Lalitpur,4,0,0,1,dry,42.95,0,2.44,2.05,305.8,6.054
HH01529,AQ0320,27.636454,85.244813,Bhaktapur,3,1,0,0,dry,30.45,2,9.99,2.16,1502.3,3.799
HH01530,AQ0282,27.701264,85.267833,Kathmandu,6,1,0,0,dry,27.12,2,0.27,2.11,399.9,2.21
HH01531,AQ0087,27.62562,85.287802,Kathmandu,3,1,1,1,dry,25.98,2,9.39,0.43,474.1,4.718
HH01532,AQ0082,27.730029,85.280798,Lalitpur,4,1,1,0,dry,17.53,0,0.5,0.81,292.6,3.393
HH01533,AQ0111,27.767741,85.361223,Lalitpur,7,1,1,0,wet,34.78,2,13.09,2.14,819.2,1.78
HH01534,AQ0236,27.66686,85.220734,Kathmandu,4,1,1,1,dry,38.82,2,33.7,1.71,534.9,7.509
HH01535,AQ0346,27.788413,85.253537,Kathmandu,5,0,1,1,wet,33.35,2,13.5,1.56,152.3,3.128
HH01536,AQ0444,27.646323,85.372729,Kathmandu,5,1,0,0,dry,22.01,2,2.44,1.81,657.1,5.638
HH01537,AQ0316,27.765572,85.190005,Bhaktapur,5,1,1,0,dry,15.26,2,3.32,0.88,260.3,3.046
HH01538,AQ0373,27.60751,85.201052,Lalitpur,4,1,0,0,dry,28.81,2,16.64,1.71,418.6,8.724
HH01539,AQ0309,27.754403,85.400551,Kathmandu,5,0,1,0,dry,44.35,0,14.35,2.05,373.6,2.401
HH01540,AQ0044,27.621495,85.408354,Kathmandu,8,0,0,0,dry,35.32,2,6.34,0.96,391.2,7.878
HH01541,AQ0013,27.678801,85.408508,Lalitpur,6,1,0,0,dry,39.17,2,17.5,2.43,410.2,7.467
HH01542,AQ0430,27.630776,85.26602,Kathmandu,5,1,0,0,wet,12.06,2,7.23,1.85,246.1,2.282
HH01543,AQ0352,27.636013,85.336796,Bhaktapur,5,1,1,0,dry,25.92,0,7.26,1.32,568.8,5.708
HH01544,AQ0449,27.636099,85.415446,Lalitpur,3,1,1,0,dry,22.7,2,7.24,1.55,265.0,8.963
HH01545,AQ0106,27.749616,85.194288,Kathmandu,5,0,0,1,wet,36.9,2,7.83,1.12,234.8,4.226
HH01546,AQ0389,27.633366,85.429745,Kathmandu,4,0,1,0,wet,40.76,2,19.29,2.38,182.2,1.172
HH01547,AQ0240,27.783302,85.225389,Kathmandu,8,1,1,0,dry,34.86,2,14.18,2.49,630.8,0.443
HH01548,AQ0018,27.614537,85.350435,Kathmandu,5,0,1,1,dry,43.88,2,8.12,0.33,1421.3,6.973
HH01549,AQ0133,27.726063,85.398674,Kathmandu,6,1,0,1,dry,21.24,2,6.81,0.82,456.2,3.934
HH01550,AQ0383,27.753409,85.370735,Kathmandu,6,1,1,1,wet,17.67,1,16.47,0.61,188.1,4.09
HH01551,AQ0171,27.760062,85.390735,Lalitpur,6,1,0,1,wet,28.02,2,1.03,2.26,477.9,5.73
HH01552,AQ0064,27.638279,85.432237,Lalitpur,4,1,1,0,dry,10.84,2,0.5,0.84,544.4,2.357
HH01553,AQ0210,27.735111,85.280185,Kathmandu,4,0,1,1,dry,24.45,2,1.0,0.41,210.4,7.511
HH01554,AQ0412,27.766106,85.400991,Kathmandu,3,1,1,0,dry,18.79,2,8.33,2.18,185.3,7.945
HH01555,AQ0183,27.706154,85.225998,Kathmandu,4,0,0,0,wet,19.51,2,0.5,0.73,312.0,12.287
HH01556,AQ0123,27.715292,85.311264,Lalitpur,5,0,1,1,dry,45.76,2,27.06,0.46,224.3,5.407
HH01557,AQ0120,27.610977,85.410896,Kathmandu,5,1,1,1,dry,35.0,0,28.69,1.72,146.5,0.656
HH01558,AQ0093,27.717672,85.391339,Kathmandu,5,1,1,0,wet,19.32,2,0.82,2.46,887.5,4.956
HH01559,AQ0255,27.794813,85.308713,Kathmandu,7,1,1,0,dry,28.38,1,23.44,1.91,711.7,4.036
HH01560,AQ0436,27.789267,85.338523,Lalitpur,6,1,1,1,wet,28.19,1,21.95,0.88,790.0,3.089
HH01561,AQ0059,27.734683,85.336099,Kathmandu,3,0,0,0,wet,36.26,2,2.12,2.05,298.2,5.829
HH01562,AQ0016,27.754405,85.426677,Kathmandu,4,0,1,1,dry,30.63,2,0.2,1.25,826.9,7.334
HH01563,AQ0070,27.669516,85.295735,Kathmandu,6,0,0,1,dry,57.55,1,19.16,1.6,83.6,5.472
HH01564,AQ0179,27.723801,85.381163,Lalitpur,3,1,0,0,dry,30.21,1,28.52,0.37,504.3,5.454
HH01565,AQ0132,27.679876,85.255852,Kathmandu,5,1,0,0,dry,40.51,2,23.97,2.29,252.1,0.59
HH01566,AQ0127,27.815389,85.437593,Lalitpur,8,0,1,0,dry,27.16,2,19.89,0.57,465.8,7.986
HH01567,AQ0217,27.735507,85.296303,Lalitpur,4,1,0,1,dry,42.03,2,31.45,2.5,280.1,5.034
HH01568,AQ0179,27.724787,85.358853,Lalitpur,3,1,1,0,dry,29.14,1,28.52,0.37,504.3,5.454
HH01569,AQ0118,27.691174,85.334741,Kathmandu,5,1,0,0,dry,28.62,1,30.6,1.56,282.3,3.281
HH01570,AQ0211,27.730669,85.24188,Kathmandu,5,0,0,0,dry,45.87,2,17.61,2.14,678.7,3.053
HH01571,AQ0053,27.632201,85.436302,Bhaktapur,3,1,1,0,dry,26.34,2,11.06,2.16,209.1,3.58
HH01572,AQ0049,27.65288,85.238518,Lalitpur,5,0,1,0,dry,58.53,1,26.4,1.62,1332.5,3.076
HH01573,AQ0201,27.661103,85.420496,Kathmandu,8,1,1,0,dry,24.74,2,0.5,0.89,876.8,4.019
HH01574,AQ0043,27.650484,85.399453,Kathmandu,7,1,0,1,dry,28.92,2,0.5,2.32,231.0,11.31
HH01575,AQ0269,27.618379,85.407202,Kathmandu,5,0,0,0,wet,32.98,2,0.5,1.82,305.4,5.778
HH01576,AQ0417,27.790054,85.366153,Bhaktapur,6,1,1,0,dry,27.02,2,9.83,1.19,962.3,4.022
HH01577,AQ0076,27.673559,85.26699,Lalitpur,4,1,1,0,dry,41.14,1,33.05,1.97,110.0,8.381
HH01578,AQ0222,27.729486,85.289301,Kathmandu,5,0,1,0,dry,42.97,2,21.56,1.69,486.4,8.711
HH01579,AQ0409,27.789815,85.340847,Kathmandu,3,1,1,0,wet,22.01,2,16.59,2.02,280.0,1.076
HH01580,AQ0181,27.614427,85.265726,Kathmandu,5,1,1,0,wet,18.09,1,14.94,2.06,269.3,2.92
HH01581,AQ0280,27.654906,85.362918,Kathmandu,5,1,1,0,wet,20.47,2,0.74,2.31,302.5,2.09
HH01582,AQ0001,27.684502,85.426947,Lalitpur,3,1,0,0,dry,17.52,2,13.36,1.25,301.8,4.323
HH01583,AQ0199,27.64883,85.207847,Kathmandu,4,0,0,0,dry,46.62,2,24.86,1.41,194.7,1.562
HH01584,AQ0495,27.762757,85.347625,Kathmandu,4,1,0,0,wet,12.0,2,6.82,1.02,327.0,6.032
HH01585,AQ0231,27.627943,85.380526,Kathmandu,8,1,0,1,dry,30.09,2,12.59,0.58,452.5,1.119
HH01586,AQ0037,27.631988,85.342011,Kathmandu,4,1,0,0,dry,21.38,2,2.52,1.21,731.6,8.424
HH01587,AQ0266,27.629444,85.330854,Bhaktapur,3,1,0,0,wet,14.02,2,6.22,1.92,231.5,0.172
HH01588,AQ0240,27.782076,85.236888,Kathmandu,3,0,1,0,dry,44.86,2,14.18,2.49,630.8,0.443
HH01589,AQ0076,27.692445,85.275396,Lalitpur,3,0,1,0,dry,39.75,1,33.05,1.97,110.0,8.381
HH01590,AQ0351,27.664275,85.330916,Kathmandu,7,0,1,0,wet,28.91,2,1.0,1.87,170.5,12.681
HH01591,AQ0134,27.754788,85.341853,Kathmandu,4,0,0,1,dry,43.25,2,13.64,0.52,274.7,6.411
HH01592,AQ0489,27.626399,85.259556,Kathmandu,6,1,1,0,dry,25.23,0,0.5,0.85,178.9,11.626
HH01593,AQ0444,27.642204,85.370275,Kathmandu,5,0,1,1,dry,41.58,2,2.44,1.81,657.1,5.638
HH01594,AQ0089,27.715381,85.329933,Kathmandu,7,1,1,0,dry,34.13,2,13.77,0.87,677.7,5.932
HH01595,AQ0072,27.667603,85.297565,Kathmandu,3,1,1,0,wet,13.76,0,0.5,0.7,1034.7,11.88
HH01596,AQ0148,27.774873,85.331065,Kathmandu,7,0,1,1,dry,25.33,0,0.5,1.08,374.7,8.789
HH01597,AQ0030,27.728241,85.367422,Kathmandu,4,1,1,0,dry,27.34,2,17.4,1.31,298.7,4.002
HH01598,AQ0248,27.765726,85.349115,Kathmandu,5,0,0,0,dry,42.9,2,6.62,1.05,558.8,6.498
HH01599,AQ0038,27.610247,85.394873,Lalitpur,6,1,1,0,wet,23.37,2,2.0,1.59,545.2,7.045
HH01600,AQ0244,27.746999,85.367252,Lalitpur,5,1,0,0,dry,47.3,1,39.75,2.2,589.8,4.016
HH01601,AQ0475,27.61744,85.265832,Kathmandu,3,1,1,1,dry,25.48,0,1.18,1.89,188.8,1.483
HH01602,AQ0396,27.637799,85.370678,Kathmandu,3,1,1,0,dry,26.76,2,9.38,0.7,374.4,1.062
HH01603,AQ0456,27.74686,85.34366,Bhaktapur,6,1,1,0,dry,32.28,2,18.17,2.12,351.8,7.278
HH01604,AQ0271,27.697192,85.395789,Bhaktapur,3,1,0,0,dry,12.91,2,4.37,0.47,150.4,7.971
HH01605,AQ0403,27.617856,85.199465,Kathmandu,3,1,1,0,dry,25.15,2,20.09,1.09,334.3,3.052
HH01606,AQ0075,27.811001,85.218629,Bhaktapur,3,1,0,0,dry,26.92,2,20.63,1.26,816.6,0.159
HH01607,AQ0461,27.707789,85.198087,Kathmandu,8,1,1,0,dry,21.93,2,13.51,2.31,483.6,1.305
HH01608,AQ0384,27.785511,85.315825,Kathmandu,2,1,1,1,dry,18.11,0,0.2,0.47,850.7,6.642
HH01609,AQ0437,27.642643,85.316114,Lalitpur,6,1,1,0,wet,23.15,2,0.5,2.1,168.3,1.494
HH01610,AQ0498,27.639966,85.366157,Lalitpur,4,1,1,1,dry,35.95,2,22.62,1.81,511.5,5.911
HH01611,AQ0373,27.603338,85.234775,Lalitpur,5,1,0,0,dry,32.63,2,16.64,1.71,418.6,8.724
HH01612,AQ0417,27.790897,85.367258,Bhaktapur,5,1,0,1,dry,41.52,2,9.83,1.19,962.3,4.022
HH01613,AQ0162,27.769482,85.345517,Lalitpur,4,1,1,0,wet,14.18,2,8.69,0.76,184.3,5.383
HH01614,AQ0195,27.65862,85.205246,Lalitpur,6,0,0,1,dry,48.17,1,15.47,2.36,515.7,6.57
HH01615,AQ0396,27.611648,85.382031,Kathmandu,5,1,1,0,dry,10.3,2,9.38,0.7,374.4,1.062
HH01616,AQ0114,27.758881,85.440371,Lalitpur,5,0,1,0,wet,26.2,2,17.73,0.46,372.2,5.292
HH01617,AQ0089,27.72638,85.324175,Kathmandu,3,1,0,1,dry,26.03,2,13.77,0.87,677.7,5.932
HH01618,AQ0355,27.753744,85.224641,Bhaktapur,3,1,1,0,dry,49.95,1,38.13,1.55,441.0,6.036
HH01619,AQ0380,27.726295,85.308788,Kathmandu,3,1,1,0,dry,30.16,2,25.79,1.33,234.4,2.941
HH01620,AQ0477,27.708034,85.418323,Kathmandu,7,0,0,0,wet,36.52,2,3.26,1.73,885.5,4.522
HH01621,AQ0041,27.707002,85.311688,Kathmandu,3,1,0,0,dry,33.44,0,15.44,2.31,374.0,5.319
HH01622,AQ0014,27.782353,85.220013,Kathmandu,7,0,1,0,dry,29.31,2,0.2,0.95,200.9,7.499
HH01623,AQ0452,27.6204,85.412111,Kathmandu,5,1,0,0,dry,19.18,2,0.5,0.83,605.5,7.631
HH01624,AQ0370,27.767688,85.331712,Kathmandu,6,1,0,1,wet,28.46,2,12.46,1.27,288.7,6.858
HH01625,AQ0229,27.746146,85.339862,Kathmandu,2,0,0,0,dry,50.1,2,29.45,1.74,694.6,9.249
HH01626,AQ0259,27.712991,85.348408,Kathmandu,7,1,1,0,dry,40.68,2,0.5,2.33,1268.4,5.093
HH01627,AQ0227,27.698999,85.240498,Kathmandu,3,0,0,1,dry,51.8,2,4.32,1.91,964.2,5.205
HH01628,AQ0098,27.656498,85.264759,Lalitpur,4,1,0,1,dry,23.18,2,7.51,1.62,289.7,6.821
HH01629,AQ0187,27.703562,85.302347,Kathmandu,4,1,1,1,dry,32.25,2,8.15,2.12,277.9,5.551
HH01630,AQ0491,27.630793,85.295587,Kathmandu,5,1,1,0,wet,17.25,2,2.71,2.03,248.9,2.969
HH01631,AQ0280,27.673659,85.374275,Kathmandu,6,0,0,0,wet,38.11,2,0.74,2.31,302.5,2.09
HH01632,AQ0198,27.644811,85.252442,Lalitpur,4,0,0,0,wet,36.92,2,4.93,1.26,742.9,12.027
HH01633,AQ0013,27.663471,85.426858,Lalitpur,2,0,1,0,dry,40.35,2,17.5,2.43,410.2,7.467
HH01634,AQ0489,27.618654,85.252027,Kathmandu,6,1,1,1,dry,18.01,0,0.5,0.85,178.9,11.626
HH01635,AQ0404,27.703885,85.393362,Lalitpur,6,0,1,1,dry,45.57,2,14.22,1.91,1000.7,4.538
HH01636,AQ0385,27.709579,85.433242,Bhaktapur,7,1,0,0,dry,36.4,2,13.46,2.42,543.4,3.031
HH01637,AQ0013,27.679342,85.436336,Lalitpur,4,1,1,0,dry,30.73,2,17.5,2.43,410.2,7.467
HH01638,AQ0353,27.60493,85.432733,Kathmandu,3,1,0,1,dry,37.42,1,25.39,1.8,219.2,6.844
HH01639,AQ0489,27.642316,85.247921,Kathmandu,4,0,1,1,dry,28.66,0,0.5,0.85,178.9,11.626
HH01640,AQ0009,27.648879,85.228647,Kathmandu,6,1,1,1,wet,14.23,1,4.93,0.39,929.4,8.426
HH01641,AQ0010,27.647542,85.246599,Lalitpur,5,1,1,1,wet,20.94,2,11.92,0.68,806.7,6.788
HH01642,AQ0419,27.690606,85.302972,Lalitpur,5,1,1,0,dry,28.11,2,1.81,1.7,274.3,12.942
HH01643,AQ0394,27.686535,85.341486,Lalitpur,4,0,0,0,wet,41.89,1,16.1,2.36,242.3,8.754
HH01644,AQ0453,27.625143,85.238301,Kathmandu,4,0,0,0,dry,44.07,2,8.13,2.11,238.6,4.166
HH01645,AQ0304,27.788864,85.362455,Kathmandu,3,0,1,0,dry,43.51,2,11.83,2.28,476.8,1.916
HH01646,AQ0453,27.615972,85.241055,Kathmandu,4,0,1,1,dry,37.42,2,8.13,2.11,238.6,4.166
HH01647,AQ0183,27.707274,85.214181,Kathmandu,8,1,1,1,wet,21.09,2,0.5,0.73,312.0,12.287
HH01648,AQ0413,27.715896,85.216061,Kathmandu,4,1,1,1,dry,43.5,1,41.21,1.09,490.5,1.041
HH01649,AQ0012,27.788468,85.436791,Kathmandu,5,1,1,1,wet,19.78,2,0.5,1.6,673.0,8.957
HH01650,AQ0046,27.78757,85.416414,Kathmandu,2,1,1,0,dry,44.77,2,33.74,1.74,616.8,1.379
HH01651,AQ0324,27.743424,85.256431,Kathmandu,4,1,1,0,wet,14.17,2,5.64,0.32,360.5,1.51
HH01652,AQ0351,27.681093,85.352043,Kathmandu,4,1,1,0,wet,13.17,2,1.0,1.87,170.5,12.681
HH01653,AQ0143,27.79356,85.438804,Lalitpur,3,1,1,0,dry,63.1,1,58.25,1.75,708.9,1.933
HH01654,AQ0434,27.750629,85.375214,Lalitpur,4,1,1,0,dry,29.07,2,18.62,0.64,467.8,2.721
HH01655,AQ0060,27.660833,85.237634,Kathmandu,4,1,0,0,dry,20.49,2,11.31,0.72,289.0,2.958
HH01656,AQ0289,27.814772,85.303765,Kathmandu,3,1,0,1,wet,22.47,1,19.19,1.06,753.2,0.815
HH01657,AQ0171,27.769247,85.375889,Lalitpur,8,1,1,0,wet,25.18,2,1.03,2.26,477.9,5.73
HH01658,AQ0437,27.616462,85.342892,Lalitpur,6,0,0,1,wet,31.94,2,0.5,2.1,168.3,1.494
HH01659,AQ0449,27.623677,85.401438,Lalitpur,8,1,1,0,dry,25.81,2,7.24,1.55,265.0,8.963
HH01660,AQ0097,27.671525,85.400024,Kathmandu,5,1,0,0,dry,38.75,1,32.46,1.89,167.6,2.521
HH01661,AQ0340,27.659533,85.403307,Lalitpur,2,0,0,0,dry,47.19,0,32.44,2.05,600.3,2.566
HH01662,AQ0414,27.650533,85.321051,Kathmandu,5,1,1,0,dry,34.27,2,16.94,1.64,1028.3,1.136
HH01663,AQ0441,27.68685,85.30151,Lalitpur,5,1,0,0,dry,15.73,2,10.69,0.92,822.7,5.838
HH01664,AQ0081,27.583717,85.363629,Lalitpur,4,1,1,0,dry,19.64,2,2.09,1.57,247.0,11.675
HH01665,AQ0419,27.698271,85.293125,Lalitpur,5,0,1,0,dry,31.88,2,1.81,1.7,274.3,12.942
HH01666,AQ0083,27.671363,85.370907,Bhaktapur,7,1,1,1,dry,41.01,2,19.43,1.96,552.6,4.066
HH01667,AQ0033,27.72206,85.446271,Kathmandu,5,1,0,0,dry,26.91,1,10.5,1.17,508.6,0.823
HH01668,AQ0246,27.608896,85.27896,Kathmandu,6,1,0,1,dry,25.05,2,7.27,0.67,445.9,9.71
HH01669,AQ0247,27.697967,85.267605,Kathmandu,4,0,1,1,wet,43.73,1,13.03,2.13,326.5,8.725
HH01670,AQ0495,27.766861,85.345564,Kathmandu,4,1,1,0,wet,14.37,2,6.82,1.02,327.0,6.032
HH01671,AQ0212,27.772289,85.268186,Kathmandu,5,1,0,1,wet,9.67,2,0.58,0.53,804.7,3.055
HH01672,AQ0269,27.61937,85.399831,Kathmandu,4,1,1,0,wet,24.73,2,0.5,1.82,305.4,5.778
HH01673,AQ0420,27.800906,85.249927,Kathmandu,5,1,1,1,dry,23.17,2,12.66,0.81,168.3,4.489
HH01674,AQ0148,27.779978,85.335541,Kathmandu,3,1,1,1,dry,24.12,0,0.5,1.08,374.7,8.789
HH01675,AQ0185,27.695025,85.346566,Kathmandu,8,1,1,0,dry,14.5,2,0.5,1.12,277.8,2.334
HH01676,AQ0005,27.731224,85.371662,Lalitpur,4,1,0,0,wet,7.86,0,2.18,0.56,206.0,2.756
HH01677,AQ0149,27.62325,85.417271,Kathmandu,4,1,1,0,dry,35.02,2,15.91,1.93,208.3,0.879
HH01678,AQ0442,27.687975,85.250682,Bhaktapur,6,1,1,0,dry,31.39,2,15.04,1.59,861.5,1.862
HH01679,AQ0379,27.62706,85.336523,Kathmandu,4,0,0,0,dry,45.09,2,14.41,1.03,375.6,3.939
HH01680,AQ0027,27.797812,85.435667,Lalitpur,3,1,1,0,wet,14.4,0,6.39,1.14,811.7,1.296
HH01681,AQ0386,27.71815,85.403522,Kathmandu,4,0,1,0,dry,41.04,2,0.2,2.15,844.0,6.385
HH01682,AQ0026,27.622411,85.248574,Kathmandu,4,0,1,0,wet,32.62,1,26.87,0.89,221.2,1.263
HH01683,AQ0424,27.635123,85.234064,Kathmandu,4,1,0,0,dry,28.03,2,2.47,0.37,899.6,8.837
HH01684,AQ0300,27.794847,85.370828,Kathmandu,6,1,1,1,wet,8.43,2,0.55,0.42,256.5,8.588
HH01685,AQ0191,27.657503,85.42867,Kathmandu,3,1,1,1,wet,19.09,2,14.12,0.44,149.6,6.501
HH01686,AQ0124,27.714491,85.236602,Lalitpur,3,1,0,0,dry,17.93,2,26.65,0.99,373.5,1.764
HH01687,AQ0142,27.700205,85.413277,Kathmandu,5,1,1,0,dry,25.36,2,6.43,1.97,398.8,3.905
HH01688,AQ0461,27.71698,85.206058,Kathmandu,3,0,1,0,dry,47.99,2,13.51,2.31,483.6,1.305
HH01689,AQ0294,27.714408,85.380554,Lalitpur,6,1,1,0,dry,29.04,2,15.15,2.3,207.9,3.191
HH01690,AQ0172,27.707803,85.381709,Kathmandu,4,1,0,0,dry,27.92,2,31.03,0.59,508.2,2.983
HH01691,AQ0110,27.617009,85.399385,Bhaktapur,4,1,1,1,dry,53.22,1,41.87,1.93,304.1,6.002
HH01692,AQ0217,27.723317,85.270523,Lalitpur,3,1,1,0,dry,39.91,2,31.45,2.5,280.1,5.034
HH01693,AQ0279,27.612729,85.373042,Kathmandu,2,1,1,0,wet,19.21,2,7.61,1.94,766.4,2.497
HH01694,AQ0449,27.642566,85.412299,Lalitpur,4,1,1,0,dry,25.13,2,7.24,1.55,265.0,8.963
HH01695,AQ0469,27.643951,85.319687,Kathmandu,5,1,1,0,wet,20.63,2,7.99,0.68,274.4,3.93
HH01696,AQ0103,27.697074,85.273696,Bhaktapur,5,1,0,1,dry,19.55,2,7.96,1.07,205.5,5.902
HH01697,AQ0432,27.660804,85.25441,Lalitpur,5,1,0,0,wet,28.77,2,8.71,1.77,395.0,0.939
HH01698,AQ0029,27.656802,85.369899,Lalitpur,5,0,1,0,dry,37.8,0,7.8,0.36,1377.3,4.633
HH01699,AQ0188,27.735679,85.379499,Kathmandu,5,1,1,1,dry,15.73,2,2.65,0.77,617.2,5.305
HH01700,AQ0265,27.743218,85.318088,Kathmandu,2,1,1,0,dry,26.89,2,11.57,2.1,313.3,4.823
HH01701,AQ0173,27.773297,85.362492,Lalitpur,5,1,0,0,wet,24.1,0,9.79,2.09,572.4,4.352
HH01702,AQ0433,27.74448,85.230452,Kathmandu,5,0,0,0,wet,42.32,2,8.72,2.16,471.1,3.191
HH01703,AQ0336,27.688002,85.284807,Kathmandu,2,0,1,0,dry,44.22,2,27.13,1.22,200.8,6.718
HH01704,AQ0028,27.775808,85.354577,Kathmandu,8,1,0,0,dry,20.47,2,6.41,0.9,696.4,5.045
HH01705,AQ0469,27.614914,85.32825,Kathmandu,5,1,1,0,wet,6.24,2,7.99,0.68,274.4,3.93
HH01706,AQ0438,27.757666,85.377853,Kathmandu,4,1,0,1,dry,37.95,2,27.61,0.68,1097.0,4.44
HH01707,AQ0090,27.717986,85.250332,Lalitpur,5,0,1,0,dry,41.72,2,22.29,1.73,140.6,3.192
HH01708,AQ0036,27.800105,85.413085,Kathmandu,2,1,0,0,wet,21.42,0,13.23,1.92,308.9,2.742
HH01709,AQ0267,27.66677,85.249937,Kathmandu,4,1,0,1,dry,9.2,2,2.44,0.59,477.3,5.594
HH01710,AQ0071,27.660493,85.351427,Kathmandu,5,0,1,0,wet,30.07,2,11.08,1.66,418.9,5.134
HH01711,AQ0442,27.713128,85.248081,Bhaktapur,5,1,0,0,dry,37.21,2,15.04,1.59,861.5,1.862
HH01712,AQ0476,27.789067,85.416867,Lalitpur,3,0,0,0,wet,27.79,2,4.44,0.36,1277.4,1.12
HH01713,AQ0456,27.728716,85.347818,Bhaktapur,4,1,1,0,dry,32.31,2,18.17,2.12,351.8,7.278
HH01714,AQ0154,27.750737,85.362294,Lalitpur,8,1,0,0,dry,34.44,2,29.59,1.21,406.5,3.548
HH01715,AQ0450,27.580658,85.235043,Kathmandu,4,0,1,0,dry,26.4,0,7.01,1.05,400.1,2.715
HH01716,AQ0421,27.658339,85.369906,Kathmandu,4,0,0,1,dry,48.82,0,10.59,1.41,365.0,2.938
HH01717,AQ0019,27.696822,85.415799,Lalitpur,6,1,1,1,dry,38.63,2,6.05,2.41,1036.0,3.644
HH01718,AQ0362,27.689216,85.269585,Kathmandu,2,0,1,0,dry,44.87,1,1.0,1.45,1323.0,4.493
HH01719,AQ0421,27.665057,85.363547,Kathmandu,3,0,0,1,dry,42.82,0,10.59,1.41,365.0,2.938
HH01720,AQ0203,27.617443,85.213129,Lalitpur,3,1,1,0,dry,16.87,2,7.94,0.36,367.9,3.826
HH01721,AQ0245,27.739404,85.272347,Kathmandu,4,1,1,1,dry,22.11,2,6.81,0.53,138.2,5.28
HH01722,AQ0203,27.620338,85.205366,Lalitpur,5,1,0,0,dry,21.29,2,7.94,0.36,367.9,3.826
HH01723,AQ0193,27.689803,85.306677,Bhaktapur,5,0,1,1,wet,33.02,1,15.2,1.47,242.2,0.01
HH01724,AQ0052,27.584146,85.432989,Kathmandu,4,1,0,1,wet,21.56,2,3.32,2.29,605.7,6.826
HH01725,AQ0121,27.728584,85.188549,Lalitpur,5,1,0,0,wet,16.69,1,15.79,0.57,392.1,4.861
HH01726,AQ0383,27.768634,85.35525,Kathmandu,3,1,0,0,wet,7.08,1,16.47,0.61,188.1,4.09
HH01727,AQ0308,27.666104,85.278933,Kathmandu,5,1,1,0,dry,27.27,1,23.18,0.9,519.9,2.165
HH01728,AQ0447,27.666517,85.267759,Kathmandu,5,1,1,1,dry,26.68,2,0.5,1.41,445.7,5.308
HH01729,AQ0026,27.625784,85.265814,Kathmandu,5,0,1,0,wet,30.29,1,26.87,0.89,221.2,1.263
HH01730,AQ0027,27.79578,85.447797,Lalitpur,3,1,1,1,wet,19.88,0,6.39,1.14,811.7,1.296
HH01731,AQ0217,27.762469,85.27774,Lalitpur,7,1,1,1,dry,36.62,2,31.45,2.5,280.1,5.034
HH01732,AQ0281,27.68202,85.312254,Kathmandu,3,0,1,1,wet,17.48,2,0.2,0.42,307.3,7.772
HH01733,AQ0452,27.618812,85.429594,Kathmandu,5,1,1,0,dry,17.93,2,0.5,0.83,605.5,7.631
HH01734,AQ0225,27.788655,85.40785,Lalitpur,5,0,1,0,dry,53.23,0,41.0,0.4,589.1,3.117
HH01735,AQ0092,27.688127,85.437706,Kathmandu,5,0,1,0,dry,51.99,1,25.96,1.21,92.9,8.232
HH01736,AQ0121,27.736962,85.199542,Lalitpur,3,1,1,0,wet,14.09,1,15.79,0.57,392.1,4.861
HH01737,AQ0380,27.727156,85.301812,Kathmandu,5,0,1,0,dry,39.88,2,25.79,1.33,234.4,2.941
HH01738,AQ0318,27.663026,85.217927,Kathmandu,6,0,0,1,dry,45.91,1,13.81,1.76,486.2,4.328
HH01739,AQ0223,27.682699,85.224494,Kathmandu,5,1,0,0,dry,28.31,2,3.54,0.33,539.6,10.122
HH01740,AQ0146,27.673238,85.250225,Kathmandu,7,0,1,0,dry,54.33,1,42.87,2.16,143.8,1.366
HH01741,AQ0418,27.687831,85.311716,Kathmandu,5,0,1,0,dry,27.68,0,16.97,1.4,213.8,2.889
HH01742,AQ0359,27.771193,85.25668,Lalitpur,2,1,1,0,dry,17.66,2,7.51,0.35,201.2,4.62
HH01743,AQ0173,27.770419,85.356196,Lalitpur,3,1,0,0,wet,22.76,0,9.79,2.09,572.4,4.352
HH01744,AQ0145,27.694833,85.426197,Lalitpur,5,0,1,0,wet,24.28,2,0.5,1.43,287.7,9.015
HH01745,AQ0142,27.690121,85.409189,Kathmandu,4,1,0,0,dry,23.08,2,6.43,1.97,398.8,3.905
HH01746,AQ0244,27.752099,85.375481,Lalitpur,3,1,0,0,dry,48.69,1,39.75,2.2,589.8,4.016
HH01747,AQ0415,27.683069,85.324665,Kathmandu,2,1,0,0,wet,25.38,2,4.52,1.59,360.8,11.645
HH01748,AQ0320,27.645239,85.221511,Bhaktapur,5,1,1,0,dry,31.52,2,9.99,2.16,1502.3,3.799
HH01749,AQ0162,27.766463,85.362642,Lalitpur,3,1,1,0,wet,11.02,2,8.69,0.76,184.3,5.383
HH01750,AQ0098,27.632279,85.233593,Lalitpur,5,1,1,0,dry,23.3,2,7.51,1.62,289.7,6.821
HH01751,AQ0305,27.742378,85.410116,Kathmandu,4,1,1,1,dry,40.49,1,18.21,1.72,511.4,8.273
HH01752,AQ0018,27.601979,85.347969,Kathmandu,5,1,1,1,dry,33.31,2,8.12,0.33,1421.3,6.973
HH01753,AQ0459,27.786181,85.39784,Lalitpur,3,1,1,0,dry,20.51,0,4.51,0.88,256.1,3.793
HH01754,AQ0109,27.820792,85.37826,Lalitpur,6,1,0,0,dry,30.64,2,14.95,2.1,566.4,7.012
HH01755,AQ0198,27.674007,85.265172,Lalitpur,4,0,1,1,wet,35.85,2,4.93,1.26,742.9,12.027
HH01756,AQ0333,27.694269,85.30859,Bhaktapur,3,1,1,0,wet,13.18,2,1.49,0.75,422.3,6.298
HH01757,AQ0030,27.731906,85.383148,Kathmandu,5,1,1,1,dry,33.51,2,17.4,1.31,298.7,4.002
HH01758,AQ0315,27.621263,85.242742,Kathmandu,4,1,1,0,wet,21.6,2,9.3,2.14,176.3,3.675
HH01759,AQ0123,27.715598,85.291357,Lalitpur,6,1,1,1,dry,31.25,2,27.06,0.46,224.3,5.407
HH01760,AQ0089,27.728247,85.322953,Kathmandu,6,0,1,0,dry,40.29,2,13.77,0.87,677.7,5.932
HH01761,AQ0123,27.725056,85.299728,Lalitpur,5,0,0,1,dry,41.53,2,27.06,0.46,224.3,5.407
HH01762,AQ0091,27.682118,85.310775,Kathmandu,8,1,1,0,wet,30.65,2,10.24,1.65,1459.5,1.091
HH01763,AQ0161,27.625121,85.348162,Lalitpur,2,0,0,0,dry,37.3,2,15.76,1.3,249.6,0.01
HH01764,AQ0361,27.702737,85.421634,Kathmandu,6,1,1,0,wet,22.18,2,14.91,1.46,360.6,2.958
HH01765,AQ0452,27.601107,85.435893,Kathmandu,2,1,1,0,dry,18.39,2,0.5,0.83,605.5,7.631
HH01766,AQ0121,27.697795,85.211996,Lalitpur,6,0,0,0,wet,36.93,1,15.79,0.57,392.1,4.861
HH01767,AQ0345,27.794339,85.417729,Lalitpur,6,1,0,1,dry,28.98,2,12.33,2.25,202.1,1.587
HH01768,AQ0020,27.632924,85.271588,Kathmandu,5,1,1,1,dry,22.35,0,7.81,0.39,190.3,5.074
HH01769,AQ0078,27.681762,85.24258,Kathmandu,4,1,1,0,dry,24.92,2,2.86,2.19,243.3,3.845
HH01770,AQ0343,27.736693,85.203437,Kathmandu,5,0,1,0,wet,40.85,2,10.17,0.95,1056.5,2.624
HH01771,AQ0307,27.709418,85.249672,Bhaktapur,4,1,0,0,dry,27.04,2,9.79,1.5,62.3,2.193
HH01772,AQ0222,27.723634,85.302676,Kathmandu,4,1,1,0,dry,30.8,2,21.56,1.69,486.4,8.711
HH01773,AQ0484,27.75083,85.239925,Kathmandu,5,1,0,0,dry,33.33,0,10.15,1.08,506.1,1.298
HH01774,AQ0003,27.609787,85.370067,Kathmandu,6,1,1,1,wet,34.65,2,5.6,2.33,2000.0,9.623
HH01775,AQ0043,27.632934,85.422448,Kathmandu,5,1,0,0,dry,28.18,2,0.5,2.32,231.0,11.31
HH01776,AQ0011,27.715594,85.252522,Bhaktapur,6,1,1,0,dry,36.51,1,30.3,1.58,337.0,3.598
HH01777,AQ0224,27.646923,85.252891,Kathmandu,4,1,1,0,dry,23.5,2,0.2,2.41,258.5,7.935
HH01778,AQ0232,27.776847,85.260168,Kathmandu,5,1,1,0,dry,35.07,1,25.77,0.97,436.2,5.218
HH01779,AQ0149,27.630371,85.413058,Kathmandu,3,1,1,0,dry,22.8,2,15.91,1.93,208.3,0.879
HH01780,AQ0373,27.616751,85.226364,Lalitpur,7,1,0,1,dry,38.67,2,16.64,1.71,418.6,8.724
HH01781,AQ0430,27.650996,85.256839,Kathmandu,5,0,1,0,wet,34.53,2,7.23,1.85,246.1,2.282
HH01782,AQ0102,27.680264,85.428441,Kathmandu,3,0,1,0,wet,19.37,2,1.24,1.06,260.0,1.459
HH01783,AQ0196,27.687219,85.380686,Kathmandu,5,1,1,0,dry,19.96,2,10.86,0.47,407.3,6.584
HH01784,AQ0387,27.755696,85.294456,Kathmandu,5,1,1,1,dry,23.74,2,17.01,1.29,371.5,2.904
HH01785,AQ0003,27.605792,85.370276,Kathmandu,7,0,1,1,wet,47.61,2,5.6,2.33,2000.0,9.623
HH01786,AQ0035,27.65452,85.27717,Lalitpur,5,1,1,0,dry,28.54,2,19.48,1.2,280.3,6.136
HH01787,AQ0101,27.653875,85.296142,Bhaktapur,8,1,1,1,dry,31.05,1,11.03,1.64,393.5,9.171
HH01788,AQ0465,27.751003,85.400101,Lalitpur,5,0,1,0,dry,25.19,2,6.9,1.25,336.6,0.454
HH01789,AQ0263,27.6216,85.32458,Kathmandu,5,1,0,1,dry,34.47,2,8.98,2.19,468.4,1.376
HH01790,AQ0172,27.70001,85.379962,Kathmandu,7,0,1,0,dry,51.34,2,31.03,0.59,508.2,2.983
HH01791,AQ0235,27.754533,85.280683,Kathmandu,5,1,1,1,wet,7.64,2,6.21,0.75,221.4,1.574
HH01792,AQ0368,27.752789,85.264354,Bhaktapur,3,1,1,1,dry,26.21,0,12.89,0.62,313.9,3.934
HH01793,AQ0466,27.636589,85.360836,Bhaktapur,3,1,1,1,wet,12.38,2,5.98,1.38,291.9,0.354
HH01794,AQ0443,27.662255,85.260289,Kathmandu,3,1,1,1,dry,32.44,2,14.7,1.53,360.2,4.198
HH01795,AQ0406,27.79652,85.24819,Lalitpur,5,1,1,1,dry,34.36,2,13.21,1.87,643.2,1.448
HH01796,AQ0118,27.70956,85.331206,Kathmandu,4,0,0,1,dry,56.13,1,30.6,1.56,282.3,3.281
HH01797,AQ0111,27.749382,85.358425,Lalitpur,3,1,1,0,wet,29.23,2,13.09,2.14,819.2,1.78
HH01798,AQ0094,27.67263,85.431348,Kathmandu,2,1,0,1,dry,10.34,2,8.07,0.33,294.3,0.859
HH01799,AQ0438,27.761317,85.359395,Kathmandu,4,0,1,0,dry,50.69,2,27.61,0.68,1097.0,4.44
HH01800,AQ0300,27.781978,85.367071,Kathmandu,2,1,1,1,wet,17.13,2,0.55,0.42,256.5,8.588
HH01801,AQ0231,27.604219,85.385403,Kathmandu,6,1,0,0,dry,23.63,2,12.59,0.58,452.5,1.119
HH01802,AQ0215,27.721032,85.245186,Kathmandu,4,0,1,1,wet,24.61,2,1.17,0.81,387.3,4.348
HH01803,AQ0241,27.71717,85.433994,Kathmandu,6,1,0,1,dry,30.37,2,0.5,2.03,358.7,4.222
HH01804,AQ0372,27.667741,85.33519,Kathmandu,5,1,1,0,dry,39.95,2,19.9,1.71,305.7,2.63
HH01805,AQ0078,27.668193,85.252099,Kathmandu,2,1,1,0,dry,25.09,2,2.86,2.19,243.3,3.845
HH01806,AQ0235,27.74721,85.285146,Kathmandu,5,1,1,1,wet,10.43,2,6.21,0.75,221.4,1.574
HH01807,AQ0190,27.753613,85.298022,Kathmandu,7,0,1,1,dry,34.09,0,11.45,1.07,277.6,0.625
HH01808,AQ0167,27.660828,85.308381,Kathmandu,4,1,0,0,dry,53.4,1,55.81,1.42,518.8,3.446
HH01809,AQ0271,27.712485,85.380351,Bhaktapur,5,0,0,0,dry,39.52,2,4.37,0.47,150.4,7.971
HH01810,AQ0447,27.676355,85.272048,Kathmandu,4,1,0,0,dry,14.65,2,0.5,1.41,445.7,5.308
HH01811,AQ0328,27.721209,85.431496,Kathmandu,4,1,0,0,dry,31.0,2,20.71,0.88,407.6,4.411
HH01812,AQ0112,27.604777,85.297012,Bhaktapur,5,1,0,0,wet,16.37,2,5.57,0.3,602.8,6.552
HH01813,AQ0369,27.703418,85.340259,Kathmandu,5,1,0,1,dry,30.43,2,11.23,1.19,365.8,6.114
HH01814,AQ0479,27.727225,85.444439,Kathmandu,5,1,0,1,wet,28.13,2,20.77,0.66,331.6,0.806
HH01815,AQ0463,27.702034,85.22137,Kathmandu,6,0,1,0,wet,33.19,2,7.31,2.15,369.8,8.038
HH01816,AQ0410,27.686197,85.406368,Lalitpur,3,1,0,0,dry,31.8,2,5.07,2.33,678.6,6.317
HH01817,AQ0131,27.589588,85.441273,Lalitpur,3,0,0,0,dry,48.42,1,40.9,0.31,530.4,0.01
HH01818,AQ0209,27.793692,85.407331,Kathmandu,5,0,1,0,dry,43.89,2,7.62,1.84,841.1,8.044
HH01819,AQ0168,27.750642,85.337866,Bhaktapur,4,1,1,0,dry,27.24,2,14.35,0.93,751.5,8.539
HH01820,AQ0340,27.620217,85.404467,Lalitpur,8,0,1,0,dry,56.9,0,32.44,2.05,600.3,2.566
HH01821,AQ0103,27.688073,85.287936,Bhaktapur,5,1,0,1,dry,30.72,2,7.96,1.07,205.5,5.902
HH01822,AQ0182,27.716949,85.258303,Kathmandu,5,0,1,0,dry,28.17,2,4.0,0.31,666.5,10.505
HH01823,AQ0342,27.669842,85.401701,Kathmandu,6,0,1,1,wet,40.75,2,8.06,0.34,1280.8,9.241
HH01824,AQ0410,27.689454,85.404479,Lalitpur,3,0,0,0,dry,46.01,2,5.07,2.33,678.6,6.317
HH01825,AQ0234,27.698851,85.378754,Lalitpur,8,0,1,0,dry,42.51,1,21.86,2.31,171.8,4.88
HH01826,AQ0109,27.776422,85.358602,Lalitpur,6,1,1,1,dry,46.07,2,14.95,2.1,566.4,7.012
HH01827,AQ0292,27.806791,85.271869,Kathmandu,4,1,0,0,wet,17.69,2,11.72,1.79,605.3,8.224
HH01828,AQ0042,27.691808,85.332309,Kathmandu,4,1,0,0,wet,45.0,1,20.63,2.47,1237.3,8.569
HH01829,AQ0180,27.673516,85.425699,Lalitpur,4,1,1,0,dry,38.52,2,20.07,2.37,343.4,5.825
HH01830,AQ0437,27.640388,85.316986,Lalitpur,5,1,1,0,wet,21.43,2,0.5,2.1,168.3,1.494
HH01831,AQ0334,27.767791,85.396339,Kathmandu,6,1,1,1,wet,24.48,2,6.98,1.52,283.4,8.797
HH01832,AQ0407,27.616852,85.427492,Kathmandu,2,1,1,0,dry,28.98,1,34.08,1.35,191.7,4.044
HH01833,AQ0293,27.682721,85.219334,Lalitpur,7,1,1,1,dry,44.73,1,41.47,0.57,617.1,3.722
HH01834,AQ0493,27.676478,85.378348,Kathmandu,4,1,1,1,dry,40.0,2,14.84,1.36,480.5,2.497
HH01835,AQ0484,27.732179,85.250614,Kathmandu,4,1,0,1,dry,17.51,0,10.15,1.08,506.1,1.298
HH01836,AQ0329,27.617303,85.388641,Kathmandu,2,0,0,0,wet,52.55,2,7.67,1.87,1011.3,9.397
HH01837,AQ0316,27.784608,85.197726,Bhaktapur,3,1,0,1,dry,4.68,2,3.32,0.88,260.3,3.046
HH01838,AQ0040,27.705823,85.384154,Kathmandu,6,0,1,0,wet,40.48,1,21.09,1.63,1071.4,5.392
HH01839,AQ0349,27.684809,85.390869,Lalitpur,3,0,0,1,wet,22.18,0,0.97,0.77,518.2,10.372
HH01840,AQ0269,27.627987,85.384977,Kathmandu,5,1,1,1,wet,12.99,2,0.5,1.82,305.4,5.778
HH01841,AQ0485,27.661464,85.297359,Bhaktapur,3,1,0,1,dry,30.41,0,3.66,2.32,406.4,9.158
HH01842,AQ0077,27.679328,85.425094,Kathmandu,5,1,0,1,dry,22.46,2,4.37,0.84,571.5,3.353
HH01843,AQ0314,27.725515,85.362949,Lalitpur,6,1,1,0,dry,23.8,2,16.43,0.68,382.2,1.441
HH01844,AQ0325,27.592176,85.215846,Lalitpur,5,0,1,0,wet,26.99,2,5.06,1.69,422.7,3.345
HH01845,AQ0339,27.775224,85.384844,Kathmandu,7,1,1,0,wet,26.81,2,7.38,1.99,178.6,4.864
HH01846,AQ0038,27.621133,85.411051,Lalitpur,4,0,1,1,wet,34.27,2,2.0,1.59,545.2,7.045
HH01847,AQ0220,27.660223,85.231448,Kathmandu,5,0,1,0,wet,25.03,0,10.3,0.91,389.1,0.753
HH01848,AQ0464,27.723686,85.451785,Bhaktapur,7,0,0,0,wet,38.01,2,3.01,1.44,57.9,5.993
HH01849,AQ0066,27.78494,85.401544,Lalitpur,7,0,1,0,dry,32.22,2,2.06,1.01,415.3,1.159
HH01850,AQ0058,27.790377,85.426462,Kathmandu,4,1,1,0,dry,17.26,2,4.7,0.31,383.8,4.659
HH01851,AQ0424,27.616733,85.241533,Kathmandu,2,1,1,0,dry,18.16,2,2.47,0.37,899.6,8.837
HH01852,AQ0206,27.676711,85.300529,Kathmandu,6,1,1,1,dry,41.27,2,15.64,2.23,184.0,1.32
HH01853,AQ0468,27.716691,85.400927,Kathmandu,3,1,0,0,dry,19.09,2,12.23,0.71,204.7,5.625
HH01854,AQ0423,27.764247,85.217028,Kathmandu,2,1,1,1,wet,22.44,2,2.13,0.84,338.3,10.215
HH01855,AQ0393,27.752703,85.248534,Lalitpur,4,0,0,0,dry,55.71,2,23.08,2.44,334.7,3.763
HH01856,AQ0238,27.637684,85.254562,Kathmandu,3,1,1,0,wet,19.74,2,4.01,2.19,253.5,4.767
HH01857,AQ0202,27.76715,85.441308,Kathmandu,5,1,0,0,dry,19.8,2,8.49,1.82,304.6,5.442
HH01858,AQ0404,27.715854,85.393971,Lalitpur,6,0,0,0,dry,58.98,2,14.22,1.91,1000.7,4.538
HH01859,AQ0321,27.713048,85.413042,Kathmandu,4,1,0,1,dry,30.38,2,0.2,1.84,756.4,3.588
HH01860,AQ0125,27.702817,85.263865,Bhaktapur,4,1,1,0,wet,14.78,2,6.8,1.49,158.8,3.248
HH01861,AQ0484,27.749057,85.221897,Kathmandu,7,0,1,0,dry,36.93,0,10.15,1.08,506.1,1.298
HH01862,AQ0302,27.725885,85.425879,Kathmandu,5,0,0,0,dry,40.8,2,13.32,1.87,329.4,1.879
HH01863,AQ0022,27.665415,85.215429,Kathmandu,7,1,1,0,wet,41.45,0,21.45,2.35,784.9,10.919
HH01864,AQ0304,27.765188,85.357808,Kathmandu,6,0,1,0,dry,43.6,2,11.83,2.28,476.8,1.916
HH01865,AQ0379,27.627885,85.337573,Kathmandu,3,1,1,0,dry,26.58,2,14.41,1.03,375.6,3.939
HH01866,AQ0362,27.692191,85.262949,Kathmandu,4,1,1,0,dry,29.9,1,1.0,1.45,1323.0,4.493
HH01867,AQ0175,27.679095,85.356546,Kathmandu,3,1,0,0,wet,19.04,2,19.49,0.33,443.5,1.898
HH01868,AQ0163,27.758723,85.303843,Lalitpur,3,0,0,0,dry,46.42,2,13.56,1.43,563.3,5.543
HH01869,AQ0312,27.784696,85.421271,Kathmandu,3,0,0,1,dry,56.25,0,23.92,1.01,222.4,2.412
HH01870,AQ0100,27.75234,85.246101,Kathmandu,6,1,1,1,wet,24.03,2,8.66,2.02,543.8,4.443
HH01871,AQ0199,27.657109,85.248087,Kathmandu,5,1,0,0,dry,27.73,2,24.86,1.41,194.7,1.562
HH01872,AQ0318,27.680952,85.222605,Kathmandu,7,1,1,0,dry,25.36,1,13.81,1.76,486.2,4.328
HH01873,AQ0475,27.613797,85.263581,Kathmandu,6,0,1,0,dry,31.96,0,1.18,1.89,188.8,1.483
HH01874,AQ0113,27.604066,85.320652,Kathmandu,8,0,1,1,wet,49.95,2,20.19,1.96,488.2,7.507
HH01875,AQ0131,27.596454,85.443601,Lalitpur,6,1,1,0,dry,38.13,1,40.9,0.31,530.4,0.01
HH01876,AQ0463,27.717026,85.202558,Kathmandu,4,1,1,0,wet,27.75,2,7.31,2.15,369.8,8.038
HH01877,AQ0404,27.728568,85.383845,Lalitpur,6,1,0,0,dry,35.42,2,14.22,1.91,1000.7,4.538
HH01878,AQ0477,27.702809,85.433767,Kathmandu,3,1,1,0,wet,21.8,2,3.26,1.73,885.5,4.522
HH01879,AQ0297,27.621904,85.444593,Bhaktapur,4,0,0,0,dry,28.42,0,6.76,0.45,197.4,10.655
HH01880,AQ0381,27.71116,85.379629,Kathmandu,7,1,1,1,dry,42.29,1,40.3,1.29,791.6,2.79
HH01881,AQ0387,27.745594,85.297404,Kathmandu,5,1,1,1,dry,32.92,2,17.01,1.29,371.5,2.904
HH01882,AQ0130,27.610019,85.292489,Lalitpur,6,0,0,0,dry,47.6,2,21.93,1.93,708.6,3.348
HH01883,AQ0160,27.601879,85.424755,Kathmandu,7,1,0,0,dry,28.36,2,23.13,0.92,164.8,0.303
HH01884,AQ0315,27.615621,85.238152,Kathmandu,5,0,0,1,wet,48.3,2,9.3,2.14,176.3,3.675
HH01885,AQ0086,27.748788,85.230024,Kathmandu,6,0,1,0,wet,37.09,2,10.43,2.4,122.7,1.673
HH01886,AQ0186,27.792657,85.444944,Kathmandu,5,1,1,0,wet,20.62,0,19.21,0.81,598.0,4.049
HH01887,AQ0226,27.669052,85.320807,Kathmandu,6,0,1,0,dry,29.75,2,14.68,0.99,218.1,6.989
HH01888,AQ0155,27.673622,85.390255,Kathmandu,6,0,1,0,dry,28.97,0,13.48,0.74,553.4,1.77
HH01889,AQ0437,27.63068,85.332239,Lalitpur,3,1,1,0,wet,17.8,2,0.5,2.1,168.3,1.494
HH01890,AQ0081,27.615334,85.352515,Lalitpur,6,0,1,0,dry,29.55,2,2.09,1.57,247.0,11.675
HH01891,AQ0361,27.68636,85.422206,Kathmandu,4,1,1,0,wet,13.19,2,14.91,1.46,360.6,2.958
HH01892,AQ0126,27.663574,85.394768,Kathmandu,4,0,0,0,dry,41.16,1,28.45,0.76,189.9,8.248
HH01893,AQ0320,27.64607,85.227989,Bhaktapur,3,1,0,0,dry,33.14,2,9.99,2.16,1502.3,3.799
HH01894,AQ0004,27.71166,85.335137,Bhaktapur,4,0,1,0,dry,44.64,1,50.65,0.33,241.1,4.059
HH01895,AQ0004,27.724743,85.343297,Bhaktapur,5,0,0,0,dry,56.41,1,50.65,0.33,241.1,4.059
HH01896,AQ0006,27.77175,85.364818,Kathmandu,4,1,1,0,dry,22.38,2,5.19,2.37,250.2,2.636
HH01897,AQ0175,27.668144,85.360892,Kathmandu,6,1,1,0,wet,13.73,2,19.49,0.33,443.5,1.898
HH01898,AQ0198,27.650767,85.263449,Lalitpur,8,1,1,0,wet,33.56,2,4.93,1.26,742.9,12.027
HH01899,AQ0194,27.733334,85.432313,Kathmandu,3,1,1,0,dry,35.57,1,32.19,1.2,410.5,6.917
HH01900,AQ0034,27.74819,85.230573,Kathmandu,2,1,1,0,dry,25.2,1,8.6,1.54,334.5,9.812
HH01901,AQ0214,27.778848,85.316808,Kathmandu,6,1,1,0,wet,25.69,2,0.5,2.49,663.3,8.486
HH01902,AQ0172,27.705947,85.39238,Kathmandu,3,0,0,1,dry,49.06,2,31.03,0.59,508.2,2.983
HH01903,AQ0002,27.702745,85.28047,Kathmandu,2,0,1,0,wet,27.89,1,11.8,1.15,513.7,3.822
HH01904,AQ0046,27.761707,85.429831,Kathmandu,3,1,1,0,dry,44.31,2,33.74,1.74,616.8,1.379
HH01905,AQ0384,27.772575,85.326156,Kathmandu,6,1,0,0,dry,8.04,0,0.2,0.47,850.7,6.642
HH01906,AQ0424,27.605382,85.211344,Kathmandu,4,1,1,0,dry,20.41,2,2.47,0.37,899.6,8.837
HH01907,AQ0456,27.721704,85.32197,Bhaktapur,5,1,1,1,dry,38.31,2,18.17,2.12,351.8,7.278
HH01908,AQ0370,27.756747,85.322156,Kathmandu,8,1,1,0,wet,27.74,2,12.46,1.27,288.7,6.858
HH01909,AQ0106,27.750896,85.206529,Kathmandu,3,0,0,0,wet,26.39,2,7.83,1.12,234.8,4.226
HH01910,AQ0330,27.753582,85.209423,Kathmandu,4,1,1,1,dry,32.13,2,23.06,1.19,134.2,0.941
HH01911,AQ0221,27.750387,85.280128,Bhaktapur,6,0,0,1,wet,31.34,2,0.5,1.07,508.1,2.634
HH01912,AQ0048,27.676552,85.225708,Lalitpur,2,0,0,1,wet,40.23,2,14.62,1.84,395.3,5.667
HH01913,AQ0091,27.673749,85.293555,Kathmandu,7,1,1,0,wet,26.73,2,10.24,1.65,1459.5,1.091
HH01914,AQ0371,27.650752,85.421931,Kathmandu,8,0,1,0,wet,48.72,2,6.69,2.34,2000.0,1.943
HH01915,AQ0267,27.656485,85.267613,Kathmandu,5,1,0,0,dry,10.46,2,2.44,0.59,477.3,5.594
HH01916,AQ0127,27.785451,85.417205,Lalitpur,4,1,0,0,dry,24.89,2,19.89,0.57,465.8,7.986
HH01917,AQ0126,27.640738,85.419074,Kathmandu,7,0,0,0,dry,47.51,1,28.45,0.76,189.9,8.248
HH01918,AQ0301,27.630954,85.356495,Kathmandu,5,1,1,0,dry,26.01,2,1.0,1.47,173.4,7.46
HH01919,AQ0288,27.627071,85.373507,Kathmandu,6,1,0,1,dry,23.2,2,7.24,1.61,423.6,1.11
HH01920,AQ0273,27.793168,85.213978,Kathmandu,7,0,1,0,dry,31.77,0,1.0,1.16,213.5,0.207
HH01921,AQ0410,27.696519,85.397631,Lalitpur,7,1,0,0,dry,36.91,2,5.07,2.33,678.6,6.317
HH01922,AQ0355,27.769937,85.240934,Bhaktapur,4,0,1,0,dry,56.11,1,38.13,1.55,441.0,6.036
HH01923,AQ0036,27.8049,85.430912,Kathmandu,2,1,1,0,wet,29.13,0,13.23,1.92,308.9,2.742
HH01924,AQ0289,27.784786,85.306455,Kathmandu,6,0,1,0,wet,30.35,1,19.19,1.06,753.2,0.815
HH01925,AQ0419,27.672916,85.308344,Lalitpur,6,1,1,0,dry,18.17,2,1.81,1.7,274.3,12.942
HH01926,AQ0053,27.656334,85.480998,Bhaktapur,5,1,1,1,dry,29.79,2,11.06,2.16,209.1,3.58
HH01927,AQ0348,27.634444,85.3165,Kathmandu,5,1,1,0,wet,17.49,0,0.5,1.1,206.0,10.042
HH01928,AQ0157,27.684866,85.259474,Kathmandu,6,1,0,0,dry,38.55,2,17.59,1.64,983.0,4.455
HH01929,AQ0477,27.709582,85.404027,Kathmandu,7,1,1,0,wet,25.73,2,3.26,1.73,885.5,4.522
HH01930,AQ0056,27.588761,85.313829,Kathmandu,3,1,1,1,dry,49.92,1,48.84,2.29,560.8,0.01
HH01931,AQ0354,27.618955,85.362792,Kathmandu,5,1,1,1,wet,17.93,2,0.2,1.21,278.7,4.018
HH01932,AQ0013,27.682259,85.422064,Lalitpur,5,1,0,0,dry,27.87,2,17.5,2.43,410.2,7.467
HH01933,AQ0016,27.737948,85.396917,Kathmandu,4,1,1,1,dry,24.01,2,0.2,1.25,826.9,7.334
HH01934,AQ0346,27.781117,85.239556,Kathmandu,6,1,1,0,wet,19.47,2,13.5,1.56,152.3,3.128
HH01935,AQ0457,27.748579,85.197166,Kathmandu,3,1,1,1,dry,37.56,2,17.16,2.42,498.8,5.621
HH01936,AQ0204,27.806498,85.415537,Kathmandu,4,1,0,0,dry,23.25,2,19.9,0.79,409.6,1.355
HH01937,AQ0351,27.658951,85.33978,Kathmandu,4,1,0,1,wet,14.87,2,1.0,1.87,170.5,12.681
HH01938,AQ0372,27.66537,85.333767,Kathmandu,4,1,0,0,dry,26.46,2,19.9,1.71,305.7,2.63
HH01939,AQ0271,27.697739,85.386919,Bhaktapur,6,1,0,1,dry,25.65,2,4.37,0.47,150.4,7.971
HH01940,AQ0248,27.739203,85.371064,Kathmandu,8,1,1,1,dry,39.15,2,6.62,1.05,558.8,6.498
HH01941,AQ0131,27.600277,85.434795,Lalitpur,6,1,0,0,dry,35.58,1,40.9,0.31,530.4,0.01
HH01942,AQ0341,27.790505,85.265213,Kathmandu,6,1,1,1,wet,25.32,1,15.28,1.27,160.0,2.487
HH01943,AQ0092,27.702499,85.416824,Kathmandu,6,0,1,0,dry,40.82,1,25.96,1.21,92.9,8.232
HH01944,AQ0255,27.780824,85.294532,Kathmandu,4,1,0,0,dry,39.27,1,23.44,1.91,711.7,4.036
HH01945,AQ0209,27.775528,85.398219,Kathmandu,2,1,0,1,dry,26.09,2,7.62,1.84,841.1,8.044
HH01946,AQ0266,27.631932,85.335388,Bhaktapur,4,1,1,1,wet,20.23,2,6.22,1.92,231.5,0.172
HH01947,AQ0315,27.604482,85.244439,Kathmandu,3,1,0,1,wet,20.97,2,9.3,2.14,176.3,3.675
HH01948,AQ0467,27.789709,85.319771,Kathmandu,8,1,1,0,wet,13.12,2,1.07,0.89,524.0,8.489
HH01949,AQ0009,27.651111,85.246536,Kathmandu,5,1,0,0,wet,13.12,1,4.93,0.39,929.4,8.426
HH01950,AQ0298,27.758055,85.389934,Lalitpur,3,0,1,0,dry,37.67,2,0.2,2.19,400.1,9.379
HH01951,AQ0095,27.672548,85.396078,Bhaktapur,5,1,0,0,wet,39.85,1,20.37,2.1,595.4,7.258
HH01952,AQ0022,27.650098,85.243979,Kathmandu,4,1,1,0,wet,39.07,0,21.45,2.35,784.9,10.919
HH01953,AQ0229,27.723874,85.350758,Kathmandu,5,1,0,0,dry,35.96,2,29.45,1.74,694.6,9.249
HH01954,AQ0356,27.693108,85.285913,Lalitpur,5,1,1,0,dry,31.95,1,23.87,1.49,361.2,4.994
HH01955,AQ0409,27.801666,85.365232,Kathmandu,5,0,0,0,wet,42.85,2,16.59,2.02,280.0,1.076
HH01956,AQ0129,27.773198,85.435439,Kathmandu,5,1,1,0,wet,41.73,1,26.33,1.68,805.1,1.693
HH01957,AQ0025,27.61866,85.219595,Lalitpur,6,1,1,0,dry,36.28,2,17.61,2.43,417.1,3.475
HH01958,AQ0318,27.675717,85.232588,Kathmandu,5,1,1,1,dry,30.31,1,13.81,1.76,486.2,4.328
HH01959,AQ0387,27.762273,85.281191,Kathmandu,3,1,1,0,dry,27.82,2,17.01,1.29,371.5,2.904
HH01960,AQ0346,27.786247,85.256877,Kathmandu,2,1,1,0,wet,15.17,2,13.5,1.56,152.3,3.128
HH01961,AQ0489,27.614996,85.264243,Kathmandu,4,1,0,1,dry,15.06,0,0.5,0.85,178.9,11.626
HH01962,AQ0367,27.624703,85.450599,Bhaktapur,5,1,1,0,dry,43.29,2,30.09,2.19,1158.7,0.167
HH01963,AQ0429,27.776175,85.307792,Kathmandu,5,0,1,0,dry,48.87,1,46.11,1.33,261.3,6.166
HH01964,AQ0152,27.781408,85.29348,Kathmandu,6,1,1,0,wet,11.58,2,3.88,2.05,129.4,7.575
HH01965,AQ0084,27.656286,85.444328,Kathmandu,6,1,0,0,wet,17.73,2,12.14,1.14,478.3,4.879
HH01966,AQ0252,27.612289,85.431614,Lalitpur,4,1,1,0,wet,22.38,2,17.27,0.88,366.8,3.172
HH01967,AQ0393,27.748555,85.213319,Lalitpur,4,1,1,0,dry,42.06,2,23.08,2.44,334.7,3.763
HH01968,AQ0102,27.689164,85.42825,Kathmandu,3,1,1,1,wet,10.78,2,1.24,1.06,260.0,1.459
HH01969,AQ0284,27.768899,85.432026,Kathmandu,5,0,1,1,wet,27.24,2,8.12,1.07,529.9,3.975
HH01970,AQ0420,27.803661,85.228503,Kathmandu,5,1,0,0,dry,24.27,2,12.66,0.81,168.3,4.489
HH01971,AQ0037,27.624554,85.360673,Kathmandu,6,0,1,1,dry,42.21,2,2.52,1.21,731.6,8.424
HH01972,AQ0366,27.707994,85.398075,Kathmandu,3,1,1,0,wet,37.17,1,30.1,0.97,957.1,4.144
HH01973,AQ0150,27.760624,85.351938,Bhaktapur,6,1,1,1,dry,27.45,2,3.72,1.68,198.0,8.008
HH01974,AQ0448,27.757727,85.331904,Bhaktapur,7,1,0,1,wet,28.91,0,10.65,0.86,945.4,5.52
HH01975,AQ0334,27.778388,85.398806,Kathmandu,5,0,1,1,wet,34.45,2,6.98,1.52,283.4,8.797
HH01976,AQ0096,27.637892,85.307534,Kathmandu,6,0,1,1,dry,43.22,1,31.86,0.91,452.7,0.192
HH01977,AQ0170,27.736675,85.340153,Lalitpur,4,0,1,0,dry,36.48,2,13.24,1.24,316.6,3.578
HH01978,AQ0032,27.637546,85.264263,Kathmandu,5,1,0,0,dry,30.75,2,2.85,2.07,262.9,6.004
HH01979,AQ0008,27.693802,85.30963,Lalitpur,5,1,1,1,dry,18.52,0,4.63,1.06,240.8,3.615
HH01980,AQ0380,27.719855,85.301445,Kathmandu,5,0,1,0,dry,45.7,2,25.79,1.33,234.4,2.941
HH01981,AQ0046,27.762291,85.430553,Kathmandu,5,0,0,0,dry,68.29,2,33.74,1.74,616.8,1.379
HH01982,AQ0104,27.599993,85.359501,Kathmandu,6,1,0,0,wet,27.07,2,11.2,1.24,461.8,4.144
HH01983,AQ0452,27.627314,85.420587,Kathmandu,6,1,1,0,dry,23.13,2,0.5,0.83,605.5,7.631
HH01984,AQ0369,27.733123,85.339316,Kathmandu,4,1,1,1,dry,21.63,2,11.23,1.19,365.8,6.114
HH01985,AQ0256,27.768434,85.317098,Kathmandu,4,1,1,0,dry,78.66,1,76.26,1.8,1420.7,9.278
HH01986,AQ0249,27.6472,85.243816,Bhaktapur,6,0,1,1,wet,30.24,1,20.26,0.59,172.5,7.761
HH01987,AQ0389,27.636764,85.422409,Kathmandu,4,1,1,0,wet,23.02,2,19.29,2.38,182.2,1.172
HH01988,AQ0331,27.747775,85.437556,Lalitpur,5,1,0,1,wet,30.99,1,17.55,1.96,340.6,0.01
HH01989,AQ0146,27.654576,85.248799,Kathmandu,6,1,1,0,dry,41.42,1,42.87,2.16,143.8,1.366
HH01990,AQ0484,27.748035,85.23882,Kathmandu,4,1,0,0,dry,28.09,0,10.15,1.08,506.1,1.298
HH01991,AQ0125,27.704249,85.26591,Bhaktapur,4,1,0,0,wet,14.21,2,6.8,1.49,158.8,3.248
HH01992,AQ0060,27.646097,85.236577,Kathmandu,7,1,0,0,dry,27.0,2,11.31,0.72,289.0,2.958
HH01993,AQ0126,27.651651,85.401744,Kathmandu,5,1,1,1,dry,40.24,1,28.45,0.76,189.9,8.248
HH01994,AQ0060,27.646357,85.225136,Kathmandu,4,1,1,0,dry,13.8,2,11.31,0.72,289.0,2.958
HH01995,AQ0405,27.802465,85.302628,Kathmandu,4,1,0,0,wet,19.9,1,14.86,1.35,164.2,1.629
HH01996,AQ0100,27.73572,85.270104,Kathmandu,4,1,1,1,wet,24.1,2,8.66,2.02,543.8,4.443
HH01997,AQ0117,27.700741,85.357772,Bhaktapur,4,0,1,0,wet,36.46,2,17.91,1.64,277.1,3.967
HH01998,AQ0315,27.628861,85.26261,Kathmandu,5,0,0,0,wet,34.4,2,9.3,2.14,176.3,3.675
HH01999,AQ0411,27.68622,85.217325,Lalitpur,4,1,0,0,wet,8.17,2,5.05,0.75,151.9,0.805
HH02000,AQ0045,27.67212,85.313511,Lalitpur,5,1,0,1,dry,31.68,0,10.02,0.53,460.5,7.873
