id,lat,lon,district,well_type,well_depth_m,water_table_depth_m,transmissivity_m2_per_day,hydraulic_conductivity_m_per_day,aquifer_thickness_m,specific_capacity_m3_per_day_per_m,pump_capacity_lpm,pumping_rate_m3_per_day,TDS_mg_per_L,nitrate_mg_per_L,fluoride_mg_per_L,pH,land_use,season,household_water_insecurity_index
1,27.674908023769472,85.43767857660248,Lalitpur,shallow_tube,36.49,13.36,744.9,20.207,36.86,1.6125,26.76,38.541,291.9,5.239,0.01,7.61,urban,dry,6.8
2,27.62789877213041,85.2730361621338,Kathmandu,shallow_tube,30.56,19.62,331.5,10.2505,32.34,1.1152,25.97,37.403,335.8,0.468,0.568,6.93,peri-urban,dry,24.16
3,27.781864080415758,85.2646949954,Lalitpur,shallow_tube,81.67,28.78,350.03,38.9693,8.98,1.2489,45.37,65.339,333.9,5.623,0.42,7.37,urban,dry,16.11
4,27.628184844994955,85.40054924518851,Kathmandu,deep_tube,109.38,36.12,666.98,17.6424,37.81,5.4493,327.49,471.588,275.2,4.817,1.057,7.11,urban,dry,22.87
5,27.66503666440535,85.38240154458452,Lalitpur,deep_tube,87.73,13.52,1197.53,30.1694,39.69,7.1257,50.0,72.0,655.0,3.169,1.137,7.09,urban,wet,19.58
6,27.682076584607128,85.38888778463577,Kathmandu,dug,4.38,3.5,850.78,19.2415,44.22,7.1715,9.12,13.126,444.4,1.859,0.554,7.84,agriculture,wet,17.0
7,27.77214611665127,85.2017380326328,Kathmandu,shallow_tube,34.07,11.71,431.57,15.2253,28.35,3.2904,60.3,86.835,382.5,1.972,0.01,6.66,green,dry,5.12
8,27.60737738947091,85.35239108349498,Kathmandu,dug,6.96,7.41,104.79,2.1233,49.35,0.4125,8.43,12.137,628.1,4.775,1.164,7.49,urban,dry,41.73
9,27.618057954010883,85.40882562389731,Kathmandu,dug,6.2,3.0,215.9,14.2109,15.19,1.5461,6.61,9.517,231.1,9.92,0.493,7.61,urban,wet,11.07
10,27.763444440040242,85.33880020289986,Kathmandu,dug,6.52,14.99,137.46,3.0298,45.37,1.2505,6.85,9.868,830.2,2.967,0.328,7.29,urban,dry,35.17
11,27.73837903953854,85.36299031487566,Kathmandu,shallow_tube,28.73,3.63,434.97,12.5742,34.59,2.8475,40.18,57.866,254.5,10.469,0.548,8.57,urban,wet,4.05
12,27.698503538763774,85.24881074694952,Lalitpur,shallow_tube,40.63,13.07,570.43,100.1529,5.7,5.3771,68.93,99.258,382.9,1.321,0.968,7.72,green,dry,9.86
13,27.663384401031255,85.24237318667153,Kathmandu,deep_tube,187.8,52.44,107.24,2.411,44.48,0.85,779.07,1121.858,752.8,8.313,0.369,7.46,urban,dry,67.29
14,27.759659035793355,85.36249098269444,Lalitpur,shallow_tube,35.27,23.0,138.86,20.9836,6.62,0.7949,5.0,7.2,495.6,2.491,1.049,7.98,urban,dry,46.52
15,27.64316420549937,85.35572261895476,Kathmandu,dug,10.78,9.41,354.81,8.6999,40.78,1.4784,2.62,3.776,373.4,2.295,1.3,6.96,urban,wet,31.22
16,27.709845332941224,85.37864898067502,Lalitpur,shallow_tube,71.83,23.5,94.81,2.4246,39.1,0.2005,40.5,58.326,1229.9,0.01,0.2,6.2,urban,dry,29.94
17,27.723170019610443,85.35877341271691,Kathmandu,shallow_tube,40.88,19.63,454.72,55.6189,8.18,3.2464,52.79,76.021,317.4,0.01,1.158,6.89,green,wet,29.37
18,27.709123357863188,85.43536620219413,Kathmandu,deep_tube,120.81,24.96,644.47,62.464,10.32,4.8811,714.86,1029.398,481.0,1.055,1.015,7.48,peri-urban,dry,17.07
19,27.761366947853453,85.44762628550018,Kathmandu,shallow_tube,29.96,14.43,806.48,20.7914,38.79,6.4812,102.22,147.196,405.1,2.201,1.022,7.36,urban,wet,12.27
20,27.79012142938751,85.34335947203083,Lalitpur,shallow_tube,24.91,2.64,546.83,13.491,40.53,1.4926,22.03,31.729,397.9,6.361,0.596,7.41,urban,wet,3.46
21,27.723643612663253,85.2252806690307,Kathmandu,shallow_tube,32.93,20.21,195.22,4.0991,47.63,1.9304,23.43,33.74,904.6,5.3,1.21,7.05,urban,dry,35.68
22,27.693732128398825,85.21407581892046,Kathmandu,dug,8.54,13.52,430.66,24.1172,17.86,3.8539,5.67,8.168,403.0,6.087,0.665,7.93,urban,dry,41.05
23,27.690908212953556,85.35688952002101,Kathmandu,deep_tube,281.39,10.44,88.61,4.2395,20.9,0.591,50.0,72.0,497.2,0.652,0.806,6.54,peri-urban,dry,23.35
24,27.786545696670803,85.41651597237511,Kathmandu,dug,8.36,3.41,111.74,5.0469,22.14,1.0905,5.83,8.391,472.8,3.877,0.371,7.2,urban,wet,24.82
25,27.753797483036102,85.43619143247061,Lalitpur,dug,3.86,2.92,485.77,13.7898,35.23,3.3737,2.52,3.624,333.3,6.407,0.695,7.28,peri-urban,wet,35.32
26,27.71218759430708,85.41916340066459,Kathmandu,dug,8.98,15.33,61.62,2.7202,22.65,0.3389,4.19,6.036,615.2,5.191,1.14,6.35,urban,dry,41.88
27,27.691827151247654,85.44500814382137,Kathmandu,shallow_tube,20.43,18.94,465.3,22.6369,20.56,4.2688,132.2,190.373,330.2,2.678,0.329,6.48,urban,dry,13.66
28,27.672853972209616,85.32585431771372,Lalitpur,dug,7.03,16.12,245.9,5.9569,41.28,1.9637,3.41,4.908,283.1,8.09,0.5,8.02,urban,dry,36.74
29,27.607336640578122,85.26310923608601,Lalitpur,deep_tube,334.73,48.01,32.87,2.0662,15.91,0.1366,334.58,481.8,388.7,2.189,0.171,7.31,urban,dry,40.61
30,27.735820463828897,85.39729280965184,Kathmandu,dug,10.75,7.42,252.77,14.2246,17.77,1.2397,7.78,11.201,1257.8,3.846,0.676,6.87,urban,wet,37.08
31,27.637313404810264,85.27127379217346,Kathmandu,deep_tube,152.91,12.27,277.93,6.3241,43.95,2.3726,146.6,211.103,290.6,2.149,0.928,6.37,peri-urban,dry,12.95
32,27.75389858663839,85.24676093713938,Kathmandu,shallow_tube,15.59,11.67,615.08,19.742,31.16,1.9897,161.35,232.346,152.1,1.558,0.508,6.9,urban,dry,11.54
33,27.736300544444788,85.39005696497243,Kathmandu,shallow_tube,13.45,2.73,174.2,3.6887,47.23,0.601,53.46,76.988,364.3,7.501,0.663,7.04,urban,wet,2.66
34,27.762914944046276,85.36629930517405,Kathmandu,shallow_tube,35.95,8.59,121.09,4.6895,25.82,0.5341,50.74,73.061,1093.7,5.131,0.941,7.32,urban,wet,25.5
35,27.623379608141676,85.43495803090337,Lalitpur,shallow_tube,45.08,7.92,322.99,7.9777,40.49,1.0379,6.34,9.136,245.0,2.107,0.441,7.44,peri-urban,wet,27.84
36,27.668416349743183,85.40531432616801,Kathmandu,deep_tube,133.81,1.69,182.44,4.8648,37.5,1.4158,885.07,1274.495,732.6,5.972,0.12,6.31,urban,wet,18.98
37,27.692401160728828,85.43682083490296,Kathmandu,shallow_tube,76.69,20.75,510.32,10.9716,46.51,3.908,60.01,86.414,201.9,4.39,0.447,6.71,peri-urban,dry,14.29
38,27.796968239792466,85.40972452161148,Kathmandu,deep_tube,153.34,39.15,266.06,13.2474,20.08,2.241,698.29,1005.532,99.4,0.065,0.109,7.03,agriculture,dry,34.44
39,27.644920964587996,85.31310987903318,Kathmandu,dug,1.5,5.68,57.02,1.7045,33.45,0.12,1.95,2.806,545.4,1.597,0.163,8.49,green,wet,36.19
40,27.613415295477687,85.3874901175998,Kathmandu,deep_tube,115.58,25.53,110.76,13.9203,7.96,0.9087,886.0,1275.845,81.1,5.223,0.01,7.34,urban,dry,13.51
41,27.789223092426727,85.29332732906994,Kathmandu,shallow_tube,34.57,16.64,942.17,151.4903,6.22,3.5574,78.87,113.568,203.2,3.63,0.642,6.59,urban,dry,15.59
42,27.61988827855187,85.26079304774987,Lalitpur,deep_tube,128.34,21.3,129.05,2.8465,45.34,0.2715,50.0,72.0,1153.2,1.216,1.033,6.85,agriculture,wet,24.0
43,27.718058988502964,85.26701591020573,Lalitpur,shallow_tube,8.77,34.39,291.76,7.1171,40.99,1.576,136.21,196.142,598.7,8.171,0.556,6.56,urban,dry,30.31
44,27.654461465303875,85.20459766913687,Bhaktapur,dug,2.74,13.34,459.03,32.125,14.29,0.9584,5.77,8.306,721.3,0.494,0.85,7.12,peri-urban,dry,45.16
45,27.6766277056499,85.32972942632071,Kathmandu,dug,5.3,4.9,84.59,4.7016,17.99,0.4099,2.07,2.984,752.7,13.705,0.487,7.5,urban,wet,29.22
46,27.61028516269685,85.32409156180032,Kathmandu,shallow_tube,34.72,17.34,1476.61,41.0419,35.98,8.0898,78.31,112.767,285.4,0.368,1.119,6.32,peri-urban,dry,20.04
47,27.61831641466533,85.42932839386556,Kathmandu,deep_tube,70.84,21.9,519.73,12.5857,41.3,3.7786,691.87,996.297,526.9,5.642,0.629,7.41,urban,dry,21.29
48,27.636115069025468,85.34198630763817,Bhaktapur,dug,3.84,9.72,279.05,6.4889,43.0,1.2705,1.0,1.44,540.3,4.703,0.436,7.07,urban,wet,41.44
49,27.663058067566123,85.33487282309383,Lalitpur,shallow_tube,53.02,9.9,782.67,16.5617,47.26,6.5668,29.31,42.204,931.8,9.292,0.804,6.98,urban,wet,30.52
50,27.684271400455415,85.38439557539722,Kathmandu,dug,3.31,1.55,101.2,2.844,35.58,0.3791,4.5,6.484,243.7,4.379,0.88,7.78,agriculture,dry,30.36
51,27.7025377022033,85.25766745292944,Kathmandu,dug,7.11,6.68,179.49,4.9417,36.32,0.58,3.34,4.814,584.8,9.227,0.993,6.89,urban,dry,32.61
52,27.777749615973796,85.43891287455745,Bhaktapur,deep_tube,189.51,49.17,96.75,5.7975,16.69,0.7535,105.68,152.182,398.0,6.405,0.699,5.5,urban,dry,32.5
53,27.718481556931906,85.40617024148129,Kathmandu,shallow_tube,15.41,12.25,813.72,18.8029,43.28,7.2733,82.82,119.26,542.3,3.513,1.294,6.88,peri-urban,wet,16.79
54,27.776174151839786,85.41796088193631,Kathmandu,deep_tube,127.78,6.27,210.56,4.9607,42.45,1.2759,466.88,672.314,411.3,3.13,0.081,7.95,peri-urban,wet,8.99
55,27.621396127765394,85.3902569756255,Kathmandu,deep_tube,222.54,1.0,357.26,19.2662,18.54,2.7385,446.54,643.017,262.8,10.467,0.687,7.38,urban,wet,0.0
56,27.604917383291763,85.20553088788225,Kathmandu,shallow_tube,50.98,22.18,41.47,3.354,12.36,0.3466,9.15,13.177,611.8,5.686,1.128,7.53,urban,dry,42.75
57,27.683945463385225,85.35963148691603,Kathmandu,shallow_tube,39.32,7.68,164.28,25.6646,6.4,1.185,88.02,126.749,325.6,7.254,0.799,7.43,urban,wet,10.86
58,27.725244064326283,85.2328112194206,Kathmandu,deep_tube,224.95,29.16,1517.21,108.1897,14.02,9.0012,444.84,640.565,265.8,4.052,1.15,6.97,urban,dry,5.99
59,27.72000410962386,85.27291564467733,Lalitpur,deep_tube,91.98,32.84,293.96,8.0293,36.61,1.904,93.29,134.335,409.1,4.119,0.517,7.69,urban,dry,29.88
60,27.640030048848963,85.24187064556477,Kathmandu,shallow_tube,67.18,12.39,531.36,26.2072,20.28,4.5264,102.7,147.882,450.3,7.126,1.526,6.87,urban,wet,9.53
61,27.77435671331844,85.25480349683951,Bhaktapur,shallow_tube,47.84,11.97,275.01,7.3603,37.36,1.0526,5.0,7.2,561.2,1.614,0.01,7.4,peri-urban,wet,41.17
62,27.748541304239996,85.30637333361202,Kathmandu,shallow_tube,43.37,25.21,1490.0,33.6312,44.3,13.7163,5.0,7.2,283.7,8.747,1.301,7.4,urban,dry,39.85
63,27.78180650413313,85.24492077721756,Kathmandu,deep_tube,169.43,21.51,214.91,8.5832,25.04,1.3149,802.07,1154.978,140.8,4.481,0.587,6.55,urban,dry,20.32
64,27.754694625137322,85.23271841517959,Bhaktapur,shallow_tube,41.15,1.52,910.6,56.237,16.19,6.317,16.46,23.709,546.7,9.883,1.522,7.72,urban,dry,11.48
65,27.641168242007353,85.22797990484943,Kathmandu,dug,7.46,9.18,118.19,2.5135,47.02,0.5353,3.23,4.657,402.2,6.376,0.75,6.15,urban,dry,52.11
66,27.733372851509223,85.23491281368908,Kathmandu,shallow_tube,25.92,10.31,1679.77,38.119,44.07,5.7401,84.8,122.116,538.5,1.954,1.569,7.68,green,wet,14.37
67,27.714121949327765,85.20759676492422,Bhaktapur,shallow_tube,23.85,16.09,106.92,10.9138,9.8,0.7765,47.43,68.306,487.2,2.511,1.185,7.48,agriculture,wet,19.19
68,27.680828064330207,85.28175829039081,Lalitpur,deep_tube,193.29,33.57,335.9,11.3855,29.5,0.6873,50.0,72.0,168.6,3.64,1.255,6.88,urban,dry,19.41
69,27.64545392545263,85.21829898094211,Lalitpur,shallow_tube,29.68,37.67,826.57,31.1172,26.56,1.8227,5.0,7.2,159.5,7.377,1.659,7.54,urban,dry,54.76
70,27.7436246152453,85.43888092398873,Kathmandu,dug,5.49,5.46,233.03,8.6744,26.86,0.9448,2.03,2.929,206.3,0.01,0.782,7.96,peri-urban,wet,34.46
71,27.654524800146707,85.30338727538134,Kathmandu,dug,4.06,11.7,400.05,13.1039,30.53,1.6212,4.94,7.115,557.2,1.132,0.665,7.44,peri-urban,dry,37.88
72,27.72032236402927,85.4047972148567,Bhaktapur,dug,7.0,0.2,160.8,4.0076,40.12,0.6751,4.12,5.926,845.7,4.166,0.303,6.61,peri-urban,dry,31.27
73,27.747374748988836,85.41569926938581,Kathmandu,dug,6.09,2.73,381.75,16.8984,22.59,2.579,5.94,8.558,399.5,6.52,1.294,7.48,urban,wet,31.85
74,27.654832133311963,85.21985484224724,Kathmandu,deep_tube,115.1,5.42,251.14,8.8561,28.36,0.6381,182.36,262.604,609.3,5.928,0.959,6.61,urban,dry,3.03
75,27.73389739103964,85.4485348403053,Lalitpur,shallow_tube,36.09,33.66,321.24,24.9243,12.89,2.4157,56.77,81.755,171.3,6.787,0.509,7.75,urban,dry,29.77
76,27.78543556389589,85.25866052046386,Kathmandu,dug,8.43,9.1,367.45,9.4249,38.99,1.1103,6.51,9.376,567.3,0.821,0.104,6.28,peri-urban,dry,35.39
77,27.67939630341486,85.31180063512622,Lalitpur,shallow_tube,39.91,12.07,455.48,9.7166,46.88,1.335,32.46,46.737,805.3,2.401,0.774,6.87,agriculture,wet,27.1
78,27.616183856610252,85.3007450446913,Kathmandu,shallow_tube,40.42,7.38,358.38,8.184,43.79,3.3624,148.6,213.977,334.1,2.016,0.111,6.67,peri-urban,wet,5.32
79,27.67350688445831,85.21704307734637,Kathmandu,dug,6.11,4.9,167.65,6.0359,27.78,0.9248,5.85,8.424,248.5,5.878,1.104,7.09,urban,wet,31.82
80,27.611632759101095,85.44871657929245,Kathmandu,shallow_tube,30.8,6.22,155.7,3.1233,49.85,1.3253,5.0,7.2,691.5,0.01,0.989,6.52,peri-urban,wet,32.03
81,27.67355187017546,85.30353243813224,Lalitpur,shallow_tube,31.35,0.5,146.49,13.115,11.17,0.9203,10.24,14.739,392.6,6.787,0.551,6.98,urban,dry,5.71
82,27.747471415477563,85.31900453234219,Kathmandu,shallow_tube,62.07,9.6,109.4,4.4307,24.69,0.4417,46.47,66.911,695.3,3.113,0.731,7.85,peri-urban,wet,24.54
83,27.61333040811214,85.32960200548631,Kathmandu,shallow_tube,70.2,16.96,199.23,24.1669,8.24,0.512,17.9,25.776,872.0,7.938,0.357,6.97,urban,dry,32.46
84,27.619679129942682,85.36507567992534,Lalitpur,shallow_tube,49.11,27.3,239.38,7.3258,32.68,1.9622,68.24,98.259,1466.3,8.798,1.344,7.47,urban,dry,47.25
85,27.62561914927324,85.28456687649863,Bhaktapur,dug,3.91,0.2,342.65,21.6441,15.83,1.0184,5.63,8.109,362.4,6.736,0.401,7.62,peri-urban,dry,12.9
86,27.69210789945483,85.41049963822252,Lalitpur,shallow_tube,24.42,21.03,166.93,3.9935,41.8,0.619,99.53,143.325,405.1,5.451,1.047,6.25,peri-urban,dry,18.01
87,27.713004398571805,85.37222132551253,Bhaktapur,shallow_tube,30.66,19.26,139.53,3.403,41.0,0.5068,116.8,168.186,506.9,1.228,0.17,7.34,peri-urban,dry,26.7
88,27.601045922708582,85.39024769000703,Kathmandu,shallow_tube,18.25,5.74,214.48,4.3039,49.84,1.0609,119.08,171.473,314.7,0.01,1.204,8.04,agriculture,dry,1.24
89,27.60064365272086,85.35489733436496,Kathmandu,shallow_tube,42.72,5.23,354.21,11.3895,31.1,2.2995,132.46,190.743,825.9,1.063,0.967,7.2,peri-urban,dry,21.79
90,27.61541165582687,85.214637732311,Kathmandu,shallow_tube,54.22,18.97,252.02,12.7482,19.77,1.3791,46.69,67.238,371.8,5.102,0.856,7.81,urban,dry,21.3
91,27.62366723818468,85.30247622242408,Lalitpur,shallow_tube,68.27,26.91,104.25,16.8715,6.18,0.2287,28.89,41.6,635.4,4.411,0.551,7.72,urban,dry,34.4
92,27.768386713358364,85.24652535446157,Lalitpur,shallow_tube,23.33,14.41,1478.54,59.9611,24.66,11.5859,25.91,37.313,529.9,2.593,0.518,7.38,peri-urban,dry,22.25
93,27.613791603271284,85.21426368028781,Kathmandu,shallow_tube,45.33,15.07,145.61,5.7693,25.24,1.196,49.15,70.769,255.5,4.913,0.162,7.57,urban,dry,10.45
94,27.6043646793551,85.3659474215439,Bhaktapur,shallow_tube,16.56,2.05,499.76,16.418,30.44,2.8544,53.2,76.608,492.9,8.321,0.326,6.69,urban,wet,6.63
95,27.772027938669886,85.38070357580213,Kathmandu,shallow_tube,27.59,12.7,284.75,5.9875,47.56,2.5057,32.06,46.173,1336.0,3.771,1.451,7.9,urban,dry,31.1
96,27.691847975519394,85.21298914438857,Lalitpur,dug,4.58,6.06,1294.65,91.0463,14.22,11.6811,4.12,5.939,156.6,1.908,0.435,7.24,green,dry,31.06
97,27.69956250160686,85.22636842498916,Lalitpur,deep_tube,228.57,7.8,82.21,4.5876,17.92,0.6859,1055.65,1520.142,764.7,3.148,0.531,6.59,peri-urban,wet,15.32
98,27.739179823633762,85.39831533760956,Kathmandu,deep_tube,134.07,16.1,208.62,15.6971,13.29,1.9092,65.71,94.618,515.8,6.25,0.702,7.21,urban,wet,24.86
99,27.793425323051835,85.30444024481878,Bhaktapur,shallow_tube,24.06,7.6,238.43,42.8257,5.57,1.5445,121.72,175.272,457.5,2.292,0.483,7.37,agriculture,wet,7.58
100,27.76381270277233,85.33519843874639,Lalitpur,shallow_tube,59.76,13.59,39.95,0.9452,42.27,0.1871,71.83,103.439,241.7,1.642,0.457,7.0,peri-urban,dry,4.36
101,27.690070195781082,85.38720658424083,Lalitpur,shallow_tube,54.97,10.78,338.92,31.7287,10.68,2.5112,97.79,140.813,204.1,4.174,0.53,6.95,urban,dry,11.92
102,27.72857638201174,85.37353764337746,Kathmandu,shallow_tube,55.43,0.98,465.94,11.5103,40.48,3.4106,66.39,95.606,346.1,2.339,0.707,7.75,peri-urban,wet,2.36
103,27.70932964403756,85.2951001372426,Bhaktapur,dug,4.93,4.25,438.47,10.0509,43.63,1.902,5.59,8.047,483.8,3.914,1.078,7.53,peri-urban,wet,24.05
104,27.622516078082388,85.3759214943652,Kathmandu,dug,2.23,6.17,114.75,2.9849,38.44,0.2737,7.85,11.305,1116.4,3.101,0.352,7.24,agriculture,dry,33.06
105,27.799087503238262,85.41392402345939,Kathmandu,dug,6.7,16.96,470.96,10.5705,44.55,3.0962,1.0,1.44,600.8,8.022,0.506,7.13,urban,dry,52.59
106,27.721417915743753,85.357826888273,Kathmandu,shallow_tube,41.13,0.5,34.51,1.0047,34.35,0.3315,109.16,157.195,577.2,4.413,0.681,6.89,urban,dry,6.4
107,27.628004819510664,85.26920357694783,Bhaktapur,shallow_tube,18.91,5.27,164.24,5.8146,28.25,0.3357,93.38,134.466,282.9,4.812,0.662,6.81,urban,wet,3.73
108,27.723413303223563,85.22845959836916,Kathmandu,shallow_tube,39.72,12.69,76.82,3.2031,23.98,0.4062,60.69,87.386,542.8,3.382,0.391,7.27,peri-urban,wet,10.77
109,27.73731798269852,85.22862190951648,Kathmandu,shallow_tube,26.68,11.6,321.48,37.3467,8.61,1.5554,56.75,81.715,521.5,3.764,0.01,7.3,peri-urban,dry,17.96
110,27.77473971869327,85.38099326386653,Kathmandu,deep_tube,153.5,11.95,248.76,13.6105,18.28,1.4647,207.95,299.443,422.9,3.571,0.918,7.68,urban,dry,14.25
111,27.738498565333845,85.30748276934754,Lalitpur,shallow_tube,55.01,9.61,465.73,10.6842,43.59,4.3467,5.0,7.2,263.9,8.337,0.01,6.71,urban,dry,38.88
112,27.63337204033975,85.30763233461556,Kathmandu,deep_tube,92.14,22.36,1053.53,51.8284,20.33,2.7115,50.0,72.0,246.6,0.01,1.214,8.15,peri-urban,dry,15.52
113,27.628110593515675,85.32139742491485,Kathmandu,shallow_tube,38.47,18.87,215.03,17.6237,12.2,0.4702,39.65,57.093,1043.8,7.246,0.713,7.79,urban,dry,32.48
114,27.796802632642095,85.2721013594547,Bhaktapur,shallow_tube,16.44,4.19,103.7,3.5301,29.38,0.8395,41.23,59.377,835.6,3.005,0.362,6.21,urban,dry,18.05
115,27.71609352019874,85.23479917533642,Kathmandu,shallow_tube,8.0,7.01,674.05,22.0119,30.62,4.6949,32.08,46.2,186.0,7.719,0.066,7.33,urban,wet,16.41
116,27.773993831929538,85.23266308595586,Lalitpur,dug,4.67,8.32,292.2,10.9221,26.75,2.603,1.0,1.44,852.9,5.586,0.339,6.13,urban,wet,63.62
117,27.715455805846627,85.41639428640615,Bhaktapur,shallow_tube,47.82,24.37,249.58,5.523,45.19,0.6239,44.59,64.209,730.4,3.589,0.703,8.18,urban,dry,27.8
118,27.744541391539645,85.37313310788429,Kathmandu,shallow_tube,57.18,12.07,476.07,26.0746,18.26,1.0067,79.0,113.766,545.2,2.632,0.41,7.55,peri-urban,dry,20.94
119,27.75322318655912,85.41148035991944,Lalitpur,dug,4.36,8.18,263.41,12.7271,20.7,0.7607,1.0,1.44,454.6,8.572,0.628,6.4,urban,dry,33.47
120,27.64647686461121,85.27025112472718,Lalitpur,deep_tube,199.77,14.74,266.27,7.8729,33.82,2.6179,50.0,72.0,823.3,0.01,0.7,8.1,peri-urban,dry,28.68
121,27.614355161245303,85.37065430530585,Kathmandu,shallow_tube,47.15,17.17,318.15,7.9756,39.89,1.3271,5.0,7.2,393.3,5.831,0.693,6.89,urban,dry,39.3
122,27.65523391156418,85.37674412186394,Kathmandu,deep_tube,98.49,36.63,143.52,3.3437,42.92,0.6468,491.9,708.331,449.3,7.463,0.917,7.33,urban,dry,25.08
123,27.698762808091388,85.29691220136391,Lalitpur,shallow_tube,54.48,12.78,777.76,79.8405,9.74,6.4201,32.48,46.765,435.0,4.881,0.918,6.48,urban,wet,14.46
124,27.67374143417296,85.2924533139968,Kathmandu,shallow_tube,58.53,7.63,107.64,4.1003,26.25,0.9732,76.82,110.62,210.3,0.887,0.444,7.84,peri-urban,wet,10.13
125,27.66312546875267,85.36120815100558,Kathmandu,shallow_tube,42.88,12.16,259.11,25.8647,10.02,1.5876,79.63,114.671,294.0,0.318,0.172,7.09,urban,dry,3.75
126,27.69857291688949,85.30107243681373,Kathmandu,shallow_tube,39.71,11.47,364.48,19.1489,19.03,2.9858,54.83,78.956,1012.3,3.009,0.873,7.02,green,wet,18.1
127,27.603510472673328,85.27332715269515,Lalitpur,shallow_tube,21.41,2.8,88.9,1.8202,48.84,0.7802,76.81,110.605,600.4,1.373,0.277,7.15,urban,dry,0.0
128,27.74948888131934,85.31845245709948,Kathmandu,deep_tube,151.25,14.19,167.13,11.0373,15.14,0.5961,518.59,746.763,220.3,0.333,0.715,7.45,peri-urban,wet,16.64
129,27.6776331412254,85.36853257388402,Kathmandu,shallow_tube,36.49,20.49,524.12,67.2019,7.8,1.6659,6.44,9.269,364.3,0.01,0.726,8.21,green,dry,40.2
130,27.615247843594716,85.26867595376197,Lalitpur,shallow_tube,8.0,29.83,98.97,6.8668,14.41,0.2375,67.91,97.797,499.8,2.506,0.795,6.84,urban,dry,27.75
131,27.72446865292345,85.44529445919058,Kathmandu,shallow_tube,40.4,9.83,465.39,17.588,26.46,3.6052,78.79,113.458,184.1,2.348,0.165,7.2,peri-urban,wet,15.68
132,27.602420623355222,85.20225961726983,Kathmandu,deep_tube,187.72,7.22,199.72,5.2837,37.8,0.5519,247.15,355.893,384.4,2.895,0.756,7.57,urban,dry,6.8
133,27.798651003084593,85.2112278247489,Lalitpur,shallow_tube,61.29,4.65,509.15,24.1641,21.07,4.2261,66.26,95.413,155.0,5.41,0.943,7.21,urban,wet,0.0
134,27.644170556592602,85.20973249083141,Kathmandu,dug,5.19,5.73,1787.96,57.4833,31.1,10.9666,2.58,3.722,710.7,6.508,1.147,7.02,urban,wet,16.62
135,27.64093602181146,85.34778257581463,Kathmandu,shallow_tube,34.51,12.93,358.83,8.6486,41.49,3.117,99.43,143.181,210.4,0.572,0.805,7.25,peri-urban,dry,15.12
136,27.656494485274003,85.30630704635942,Kathmandu,dug,7.38,0.2,112.9,7.3464,15.37,0.2271,7.04,10.135,200.8,2.834,1.065,7.8,peri-urban,dry,6.32
137,27.763355893301128,85.24540349193916,Kathmandu,deep_tube,114.15,44.36,368.52,12.4913,29.5,2.8282,568.11,818.074,284.2,5.107,0.036,7.69,urban,dry,35.8
138,27.620503192813295,85.32846361605169,Kathmandu,shallow_tube,56.23,25.53,469.54,12.4203,37.8,4.1759,83.56,120.323,276.2,5.933,0.158,7.42,urban,dry,23.5
139,27.745411352323078,85.34051819860065,Bhaktapur,shallow_tube,23.62,3.9,1100.77,179.4617,6.13,9.5898,47.59,68.527,525.5,10.709,0.94,7.2,urban,wet,4.12
140,27.743690789464512,85.4156601177873,Kathmandu,deep_tube,30.0,37.09,120.65,2.7288,44.21,0.8906,172.71,248.707,635.7,3.818,0.717,7.02,peri-urban,dry,32.88
141,27.709771733015472,85.27190818226092,Kathmandu,shallow_tube,17.16,12.96,261.75,6.5,40.27,1.1219,122.53,176.449,269.6,7.461,0.407,7.89,urban,wet,16.68
142,27.726456430727527,85.24974803473987,Kathmandu,shallow_tube,35.59,10.58,287.15,35.7254,8.04,1.7658,40.78,58.729,229.7,1.036,1.309,6.65,peri-urban,dry,0.0
143,27.652855252631728,85.25133323467671,Kathmandu,shallow_tube,54.23,0.5,351.75,41.8687,8.4,3.3808,28.13,40.511,339.8,6.279,1.134,7.79,urban,wet,9.03
144,27.722001483415898,85.27822684855342,Kathmandu,shallow_tube,36.78,20.39,859.55,36.7852,23.37,1.825,5.0,7.2,544.6,6.954,0.885,7.48,urban,dry,38.32
145,27.79540139088779,85.22547327521823,Kathmandu,shallow_tube,43.38,1.77,202.08,8.2321,24.55,1.5737,50.63,72.911,379.7,2.918,0.896,7.38,peri-urban,wet,7.59
146,27.60274911080227,85.26209406509246,Kathmandu,shallow_tube,65.58,4.75,372.13,7.7824,47.82,3.2405,69.99,100.782,530.9,2.367,0.72,7.63,green,wet,14.01
147,27.704289804833376,85.2171146798334,Kathmandu,deep_tube,214.38,65.06,235.36,6.7263,34.99,1.9533,1149.48,1655.257,255.0,4.025,1.311,7.47,urban,dry,45.4
148,27.612801269321725,85.40618580933676,Kathmandu,shallow_tube,29.64,13.81,1099.98,31.8995,34.48,4.49,38.84,55.932,338.2,8.163,0.294,7.49,urban,dry,19.53
149,27.622086372682222,85.27229686157399,Kathmandu,dug,11.9,17.52,197.09,4.8642,40.52,0.8795,1.56,2.251,176.5,5.199,0.279,6.5,urban,dry,39.67
150,27.77176335423363,85.36923519574921,Lalitpur,deep_tube,126.64,29.97,130.33,9.9741,13.07,0.9842,253.92,365.647,335.1,3.556,1.311,6.85,urban,wet,14.68
151,27.621069096896267,85.25559032618705,Kathmandu,shallow_tube,19.34,9.63,447.79,14.8966,30.06,2.385,103.67,149.282,98.8,0.698,0.859,5.88,peri-urban,dry,4.76
152,27.774105393253876,85.3578547303046,Kathmandu,dug,4.15,10.97,145.23,10.1692,14.28,0.7457,4.6,6.629,444.8,6.411,0.594,7.18,urban,dry,30.32
153,27.71213565898779,85.35710661415365,Lalitpur,shallow_tube,58.67,8.66,902.34,45.0872,20.01,7.5187,5.0,7.2,354.1,1.865,1.1,7.11,agriculture,wet,26.3
154,27.76070753189252,85.42544350713656,Kathmandu,dug,5.45,14.04,362.83,16.5706,21.9,3.0589,1.0,1.44,580.2,0.996,0.048,6.9,urban,dry,31.21
155,27.744547550447763,85.3641823711804,Lalitpur,dug,7.3,2.44,1170.86,146.5247,7.99,9.5215,9.19,13.233,513.0,2.687,1.281,7.74,peri-urban,dry,27.15
156,27.748450637439817,85.24247025151269,Kathmandu,deep_tube,171.36,21.69,786.96,17.4837,45.01,5.2179,50.0,72.0,507.9,2.131,1.052,6.66,urban,wet,17.34
157,27.64298252740728,85.30621271071702,Bhaktapur,shallow_tube,26.38,19.89,513.31,29.7788,17.24,3.8698,53.93,77.663,387.5,0.237,0.293,7.5,peri-urban,wet,12.27
158,27.643743122599588,85.34882581648188,Kathmandu,shallow_tube,48.28,9.38,1091.21,44.6201,24.46,2.4543,36.69,52.84,537.2,4.42,0.604,7.54,urban,wet,11.45
159,27.799231534699757,85.406353916031,Lalitpur,dug,4.59,10.51,520.61,11.9376,43.61,5.1962,1.95,2.808,345.5,7.436,0.413,7.74,urban,dry,28.71
160,27.646403636061763,85.20359536151803,Lalitpur,shallow_tube,45.8,28.33,403.95,12.8598,31.41,2.6853,120.75,173.881,297.7,8.355,0.081,7.1,urban,dry,23.99
161,27.70553549324434,85.25290897464247,Bhaktapur,deep_tube,217.11,15.7,335.28,13.1667,25.46,2.4805,50.0,72.0,973.1,2.002,0.123,7.76,green,wet,31.02
162,27.729727791353763,85.26882205336297,Kathmandu,shallow_tube,21.91,15.21,186.03,4.3586,42.68,0.6247,112.17,161.52,667.7,0.53,1.843,6.65,peri-urban,wet,16.07
163,27.714521446576406,85.2692531310815,Bhaktapur,shallow_tube,13.91,25.94,199.79,22.6899,8.81,1.3695,5.0,7.2,581.2,1.75,0.705,6.75,agriculture,dry,55.48
164,27.760528062470588,85.4493094749759,Kathmandu,deep_tube,167.32,23.13,251.38,5.1417,48.89,2.1457,327.95,472.247,255.6,4.091,0.343,6.95,urban,dry,14.64
165,27.633498217818822,85.23681889088803,Bhaktapur,shallow_tube,39.07,18.26,773.16,41.8553,18.47,2.9844,34.74,50.024,282.4,2.974,0.75,7.01,urban,dry,20.27
166,27.668529029304505,85.41616473046454,Kathmandu,dug,2.16,7.74,393.38,12.6361,31.13,2.3776,6.05,8.711,219.0,3.758,0.629,7.66,urban,dry,22.33
167,27.611395745399474,85.30465181872958,Kathmandu,shallow_tube,67.49,11.85,619.61,21.2114,29.21,5.4035,5.0,7.2,296.4,5.079,1.344,6.99,urban,wet,38.97
168,27.77195893496233,85.30170120023793,Kathmandu,shallow_tube,32.63,23.21,1296.14,47.9464,27.03,9.2777,61.82,89.028,161.0,4.301,0.89,6.91,urban,dry,11.21
169,27.64374196006472,85.2457094449672,Lalitpur,shallow_tube,23.43,15.87,879.55,98.6507,8.92,5.6768,66.06,95.13,529.8,2.047,0.96,7.02,urban,dry,19.67
170,27.652649469303604,85.20016334769032,Bhaktapur,shallow_tube,60.31,16.67,177.26,19.2259,9.22,1.0439,12.54,18.057,267.9,4.96,0.974,6.9,urban,dry,31.84
171,27.69745307082001,85.30749630353027,Kathmandu,deep_tube,118.43,23.73,110.47,3.9489,27.98,0.7646,407.45,586.725,681.0,3.989,1.301,6.42,urban,wet,22.03
172,27.60992287466777,85.38114957171192,Kathmandu,shallow_tube,27.78,8.41,930.03,23.9793,38.78,2.7937,20.76,29.897,630.3,3.114,0.739,6.88,peri-urban,dry,17.48
173,27.603831097110252,85.4067146402432,Kathmandu,shallow_tube,29.46,3.18,376.46,8.0107,46.99,1.5525,113.12,162.9,722.5,5.65,0.851,7.7,urban,dry,17.06
174,27.724537908189962,85.44752721152172,Kathmandu,shallow_tube,38.37,9.5,197.14,4.1859,47.1,0.6872,75.62,108.892,356.8,6.181,0.739,7.24,urban,dry,0.0
175,27.649331723161083,85.31774006310869,Lalitpur,shallow_tube,47.0,18.54,562.78,75.0153,7.5,1.1565,75.42,108.602,204.6,8.824,0.562,7.06,urban,wet,16.3
176,27.738211162547852,85.26790829531859,Kathmandu,dug,4.33,0.2,179.55,6.2096,28.92,0.7727,1.0,1.44,383.9,3.514,0.523,7.06,urban,wet,34.56
177,27.746600021444525,85.36466533873495,Bhaktapur,deep_tube,264.57,13.96,126.44,23.045,5.49,1.0889,357.05,514.155,423.0,6.351,0.574,7.96,urban,wet,16.63
178,27.60648868920944,85.36467940968176,Kathmandu,dug,6.52,1.48,450.06,21.8068,20.64,1.0814,5.39,7.759,333.8,7.036,0.111,7.74,urban,dry,17.26
179,27.764139232153358,85.3193375995306,Kathmandu,shallow_tube,31.25,25.21,139.43,5.2228,26.7,1.2168,27.78,39.999,183.2,1.383,1.076,6.27,peri-urban,dry,24.47
180,27.786510975683864,85.2296609414354,Bhaktapur,shallow_tube,32.35,12.48,226.47,6.557,34.54,2.2124,118.94,171.272,539.6,4.426,0.54,7.29,urban,dry,16.9
181,27.615360609662886,85.28866655124628,Kathmandu,shallow_tube,46.05,7.14,158.43,16.2249,9.76,0.7667,119.4,171.932,239.2,1.752,0.344,7.01,peri-urban,wet,3.31
182,27.76546042994745,85.21047880417906,Kathmandu,dug,6.31,16.86,305.01,6.3391,48.12,1.1479,5.68,8.173,606.1,4.197,0.406,8.19,peri-urban,dry,43.87
183,27.68569158076976,85.38287411601078,Lalitpur,dug,6.3,7.35,109.76,2.3769,46.18,0.4401,4.83,6.956,831.2,5.298,0.01,7.15,urban,wet,39.79
184,27.74567417086793,85.28645152460261,Lalitpur,deep_tube,142.23,18.66,221.64,6.3913,34.68,1.6632,555.23,799.525,200.4,5.47,0.01,7.04,urban,wet,10.42
185,27.68362895763256,85.38932074456888,Bhaktapur,dug,4.32,8.7,1330.95,107.8928,12.34,5.1514,6.47,9.322,322.7,1.109,0.691,7.24,agriculture,dry,24.74
186,27.67857902177864,85.20716310689441,Kathmandu,dug,4.65,13.3,1151.97,23.5957,48.82,7.3191,7.85,11.311,216.8,5.162,1.027,7.15,urban,dry,25.78
187,27.7664727079322,85.40141220134083,Kathmandu,dug,5.78,4.3,149.34,20.435,7.31,0.8871,1.0,1.44,266.7,7.012,0.659,6.9,urban,dry,34.62
188,27.629849893948297,85.26704359193623,Kathmandu,shallow_tube,34.15,20.5,138.41,10.0997,13.7,0.9872,70.94,102.148,329.0,0.497,0.313,6.47,agriculture,dry,13.38
189,27.734476768658343,85.40651617113707,Lalitpur,deep_tube,83.78,15.23,107.37,6.2501,17.18,0.2845,611.83,881.033,781.1,4.458,0.896,6.54,urban,wet,30.44
190,27.685497290818056,85.28257116687553,Kathmandu,deep_tube,205.68,28.88,163.12,4.1358,39.44,0.6564,715.14,1029.801,524.4,7.17,1.292,7.57,urban,dry,35.35
191,27.685812473860533,85.26898067359514,Lalitpur,dug,3.9,6.72,568.34,73.8348,7.7,1.7322,8.22,11.835,486.3,3.862,1.157,7.1,urban,wet,28.79
192,27.6930673867879,85.20342060369018,Kathmandu,shallow_tube,41.14,9.07,355.78,19.4236,18.32,2.601,57.39,82.639,702.2,1.835,0.636,6.37,urban,dry,20.92
193,27.783453613315537,85.30164763433987,Kathmandu,shallow_tube,43.43,0.5,344.11,9.7108,35.44,2.5592,45.37,65.338,465.5,7.353,0.35,7.08,urban,wet,5.04
194,27.74575561089013,85.28088260312137,Lalitpur,shallow_tube,26.83,9.32,388.46,16.823,23.09,3.0423,34.9,50.253,472.2,2.525,1.181,7.21,urban,dry,10.52
195,27.770230147085197,85.43940791156815,Kathmandu,shallow_tube,41.49,2.68,1160.79,73.4055,15.81,3.2035,24.89,35.843,336.5,8.873,0.826,6.92,urban,dry,11.31
196,27.66114879148946,85.30067593024864,Lalitpur,shallow_tube,28.12,6.15,119.18,3.2918,36.2,0.9063,71.28,102.644,496.9,4.644,1.188,8.24,urban,wet,2.97
197,27.769991866100643,85.24906142917655,Kathmandu,deep_tube,146.77,4.87,323.93,42.8132,7.57,0.9212,813.17,1170.967,1569.5,6.377,0.822,6.65,urban,dry,31.08
198,27.66155418105863,85.35340947574736,Bhaktapur,deep_tube,245.39,31.11,2000.0,147.6328,13.55,15.2278,50.0,72.0,649.9,0.46,1.292,6.72,agriculture,dry,42.85
199,27.75125075828449,85.31354591568417,Kathmandu,deep_tube,118.84,18.19,406.75,52.2039,7.79,1.9176,50.0,72.0,405.3,0.27,0.01,6.3,peri-urban,dry,9.1
200,27.731938054586095,85.31050835523278,Lalitpur,dug,6.8,12.23,184.15,5.9062,31.18,0.9597,2.5,3.6,322.0,4.408,0.327,7.24,urban,dry,32.74
201,27.719045946543883,85.41797826532013,Kathmandu,shallow_tube,42.77,31.06,340.0,14.8899,22.83,1.486,47.04,67.739,382.2,6.533,0.703,7.45,urban,dry,38.19
202,27.7656877341878,85.22004668920303,Kathmandu,shallow_tube,47.37,22.1,144.26,21.1744,6.81,0.7564,155.34,223.692,550.3,1.666,1.433,6.86,green,dry,18.16
203,27.687971127942767,85.3609891448619,Kathmandu,dug,7.68,9.95,81.39,11.3421,7.18,0.6971,5.98,8.608,825.9,7.421,1.162,7.82,urban,dry,41.78
204,27.719712598643554,85.30353526705392,Bhaktapur,shallow_tube,19.84,7.81,390.42,50.8267,7.68,2.6685,55.64,80.121,1037.6,4.041,0.733,7.01,urban,wet,16.8
205,27.64045878983164,85.296676764261,Kathmandu,shallow_tube,8.0,35.04,355.66,12.8137,27.76,0.8879,55.06,79.288,257.4,8.014,1.045,8.25,urban,dry,32.68
206,27.609117031589737,85.43649272246141,Lalitpur,shallow_tube,15.44,18.64,45.09,5.3337,8.45,0.0917,96.14,138.447,919.0,0.01,0.475,6.69,urban,dry,21.39
207,27.619684837820277,85.43918010847234,Kathmandu,shallow_tube,26.13,0.58,765.06,25.8363,29.61,4.4379,14.1,20.304,182.0,2.966,0.697,6.44,peri-urban,dry,0.0
208,27.795644133705313,85.24522297534473,Lalitpur,shallow_tube,31.69,32.08,460.2,10.4618,43.99,1.1399,18.18,26.176,516.0,2.043,1.088,6.72,urban,dry,54.22
209,27.626601959781468,85.23968419084358,Bhaktapur,deep_tube,115.09,1.0,187.64,8.8922,21.1,1.2666,50.0,72.0,468.5,9.768,1.257,7.18,urban,wet,4.19
210,27.756042529707127,85.34097323026386,Kathmandu,shallow_tube,60.65,9.22,2000.0,181.9307,10.99,8.1813,122.38,176.228,165.2,3.78,0.787,7.23,urban,wet,3.41
211,27.788294847501213,85.24360231677788,Kathmandu,dug,7.71,22.68,314.28,22.719,13.83,0.6853,5.69,8.19,762.1,3.88,0.788,7.98,agriculture,dry,46.69
212,27.782608293377972,85.34303074093056,Kathmandu,shallow_tube,30.56,12.82,994.25,41.0974,24.19,6.8835,52.85,76.104,184.1,5.887,0.074,7.73,urban,dry,12.48
213,27.786550587812062,85.20503446223732,Kathmandu,deep_tube,288.22,1.0,358.83,7.1963,49.86,2.7849,627.32,903.347,321.5,5.296,0.545,8.22,urban,wet,2.7
214,27.647813276815008,85.38951010525281,Lalitpur,shallow_tube,19.76,6.91,355.16,19.041,18.65,2.9319,80.4,115.783,753.0,0.521,0.522,7.8,green,wet,19.19
215,27.715012114691763,85.25170447328335,Kathmandu,shallow_tube,68.47,1.06,83.72,4.8926,17.11,0.3005,54.38,78.302,418.6,8.517,0.715,7.14,urban,wet,7.1
216,27.66784813223477,85.21560783181945,Kathmandu,dug,4.38,0.41,572.11,13.1094,43.64,5.0677,3.31,4.759,515.6,3.551,0.803,8.31,peri-urban,wet,26.37
217,27.7021140817457,85.22998823543274,Kathmandu,deep_tube,142.27,19.0,510.38,10.7316,47.56,2.2984,760.31,1094.847,675.1,2.83,0.504,7.1,peri-urban,wet,31.42
218,27.769819603991735,85.29584928526457,Kathmandu,deep_tube,69.32,24.77,380.73,14.791,25.74,3.2855,586.68,844.813,661.9,7.043,1.013,7.64,urban,wet,22.32
219,27.74507432004697,85.2281476166323,Kathmandu,deep_tube,213.91,51.23,155.57,6.8561,22.69,0.4844,408.36,588.043,341.4,0.01,0.089,7.34,green,dry,23.71
220,27.68813297668486,85.41997865668175,Kathmandu,shallow_tube,37.28,3.48,1443.85,60.1637,24.0,11.9558,70.41,101.389,299.0,1.227,0.01,7.24,peri-urban,wet,13.88
221,27.66417090854997,85.34901252894024,Bhaktapur,shallow_tube,36.57,20.27,89.17,5.9911,14.88,0.1785,21.41,30.834,546.9,7.833,0.494,6.7,urban,dry,29.94
222,27.70247856414642,85.28720797686466,Kathmandu,shallow_tube,31.21,18.02,199.41,4.8509,41.11,0.9432,126.18,181.695,278.2,5.574,0.611,7.32,urban,dry,3.57
223,27.798427127895717,85.41438265193798,Kathmandu,shallow_tube,18.68,7.4,191.71,38.1362,5.03,0.8555,18.72,26.957,253.6,4.456,0.089,6.28,urban,wet,4.71
224,27.77518098499998,85.42632474975264,Kathmandu,shallow_tube,37.75,9.43,192.59,4.7857,40.24,0.5739,14.35,20.666,484.6,3.2,1.141,7.1,urban,dry,23.5
225,27.770788576428373,85.20330720322633,Kathmandu,shallow_tube,30.41,2.62,71.06,2.4084,29.5,0.233,14.29,20.575,544.4,11.318,0.614,7.28,urban,dry,5.96
226,27.617489300359978,85.29434079419917,Kathmandu,dug,5.73,11.07,103.35,2.169,47.65,0.3235,3.8,5.472,470.1,3.972,0.384,7.8,green,dry,27.68
227,27.63840321694801,85.23650525482424,Bhaktapur,deep_tube,166.74,20.26,186.48,9.7548,19.12,1.3212,60.46,87.057,315.1,2.563,1.091,6.89,urban,wet,12.25
228,27.65997951859891,85.36069876762657,Lalitpur,shallow_tube,56.36,13.9,263.28,20.0867,13.11,0.758,36.88,53.111,646.8,1.452,0.566,6.5,peri-urban,dry,22.88
229,27.677361448410377,85.22014520307164,Kathmandu,shallow_tube,39.89,14.03,247.56,20.1659,12.28,2.4079,76.51,110.173,246.5,5.65,1.023,6.96,urban,dry,7.65
230,27.783297830223102,85.28195954971251,Kathmandu,shallow_tube,45.72,9.56,373.34,51.6213,7.23,1.5145,5.0,7.2,355.6,1.785,0.952,7.35,peri-urban,wet,30.85
231,27.68897048656551,85.32226210011233,Kathmandu,deep_tube,240.8,13.42,53.87,1.2475,43.18,0.2643,887.71,1278.301,612.7,1.501,1.043,7.14,peri-urban,wet,12.41
232,27.73475124595682,85.3125875964452,Lalitpur,shallow_tube,22.97,7.39,365.21,20.1371,18.14,2.9176,5.0,7.2,378.6,0.674,0.01,7.23,green,wet,35.2
233,27.741455782381134,85.26304321937388,Kathmandu,dug,7.51,0.2,350.31,9.2759,37.77,2.3828,7.66,11.034,631.4,1.803,0.981,7.03,green,wet,13.61
234,27.763149076125224,85.34932809458267,Kathmandu,shallow_tube,33.82,13.72,263.47,6.1073,43.14,0.9102,5.0,7.2,344.0,5.276,0.855,6.91,peri-urban,wet,31.65
235,27.608299465101982,85.28051688379894,Kathmandu,deep_tube,106.1,32.28,349.55,12.1618,28.74,1.4231,271.53,390.997,262.1,6.437,1.151,7.93,urban,wet,13.58
236,27.79396377292676,85.38190778442493,Bhaktapur,shallow_tube,20.88,13.68,1313.35,48.5699,27.04,8.1812,59.72,85.99,114.7,2.184,0.934,8.16,urban,wet,3.44
237,27.68754336498671,85.26918853298783,Kathmandu,shallow_tube,9.02,8.1,183.51,9.1143,20.13,1.7185,51.17,73.685,340.1,0.705,0.606,7.21,peri-urban,wet,10.78
238,27.722837248863804,85.25915244567688,Kathmandu,shallow_tube,32.68,25.27,307.88,39.5341,7.79,2.0364,97.1,139.827,352.1,4.193,0.596,8.04,urban,dry,30.69
239,27.666485338434875,85.27888329516578,Kathmandu,shallow_tube,43.26,10.04,617.51,34.625,17.83,4.3511,5.0,7.2,72.8,0.555,0.2,7.64,peri-urban,wet,27.05
240,27.72207260156363,85.33660176855304,Kathmandu,shallow_tube,42.89,26.19,427.42,13.2967,32.14,1.1274,68.41,98.512,449.6,7.046,0.239,7.68,urban,dry,21.53
241,27.729736590671475,85.4248122295723,Lalitpur,dug,4.02,3.29,827.51,44.6253,18.54,2.8734,4.51,6.495,1057.2,5.499,0.728,7.01,urban,wet,34.83
242,27.64070697477738,85.39226528328993,Kathmandu,shallow_tube,59.67,6.85,138.44,3.0034,46.1,0.7066,42.81,61.643,440.8,0.352,1.182,7.14,green,wet,10.28
243,27.666434504412347,85.37520210450043,Lalitpur,deep_tube,185.73,6.49,170.95,9.6451,17.72,0.7583,824.26,1186.928,297.5,7.412,0.71,6.86,urban,wet,0.0
244,27.751238446821358,85.29843878539135,Lalitpur,shallow_tube,27.39,21.89,54.75,4.3587,12.56,0.2649,25.69,37.0,368.4,7.333,1.005,6.83,urban,dry,37.32
245,27.700927457595487,85.2018382611386,Lalitpur,shallow_tube,38.34,5.84,26.1,0.568,45.95,0.2019,103.52,149.07,499.1,0.01,0.01,7.39,agriculture,wet,8.31
246,27.73943325085807,85.22080576655202,Bhaktapur,shallow_tube,41.29,6.91,399.69,9.4735,42.19,2.5826,5.0,7.2,427.9,2.911,0.957,7.0,urban,dry,25.45
247,27.756009617408008,85.31790659129882,Kathmandu,dug,6.92,7.94,395.47,30.2752,13.06,3.6103,10.44,15.034,325.6,0.542,1.032,7.15,green,dry,15.02
248,27.721179363035898,85.30708795014222,Kathmandu,shallow_tube,37.6,18.4,192.0,4.2729,44.93,1.7571,93.89,135.204,156.3,2.016,0.844,6.33,agriculture,dry,9.39
249,27.791774374638084,85.23570357611823,Kathmandu,shallow_tube,29.86,0.5,170.73,19.589,8.72,0.5525,69.76,100.458,72.1,7.163,0.514,7.12,urban,wet,0.78
250,27.714170787255753,85.42739884777774,Kathmandu,deep_tube,130.77,31.82,194.45,5.1182,37.99,1.9374,513.56,739.527,135.5,6.112,0.485,7.2,urban,dry,27.21
251,27.720649084536806,85.25681526338992,Kathmandu,shallow_tube,44.15,11.27,173.26,13.674,12.67,0.8795,15.95,22.973,127.1,4.18,0.586,6.28,peri-urban,wet,22.59
252,27.761995748736695,85.25957241763828,Kathmandu,shallow_tube,42.46,37.14,458.55,10.4563,43.85,1.4287,92.28,132.884,450.7,1.754,1.216,6.07,urban,dry,24.7
253,27.77341203647579,85.26099882558812,Bhaktapur,deep_tube,104.98,1.0,467.77,24.0565,19.44,2.9043,50.0,72.0,698.6,0.902,0.158,6.19,peri-urban,wet,8.38
254,27.63845158369362,85.27736738727215,Bhaktapur,shallow_tube,71.4,0.88,110.43,2.9671,37.22,0.7574,60.49,87.104,277.4,9.291,0.853,6.46,urban,wet,0.62
255,27.626755628998794,85.43832679189559,Kathmandu,dug,8.41,0.2,162.61,10.3283,15.74,0.603,9.95,14.327,259.9,9.728,0.01,6.88,urban,dry,12.99
256,27.613607462818337,85.27922603443015,Kathmandu,shallow_tube,47.42,13.79,117.11,6.1385,19.08,0.2913,5.0,7.2,230.9,0.856,1.026,6.9,peri-urban,wet,38.89
257,27.689265271997314,85.38175463175354,Lalitpur,deep_tube,190.88,3.41,1218.01,70.1622,17.36,7.059,701.25,1009.805,135.5,6.998,1.132,6.22,agriculture,wet,0.7
258,27.63635271955224,85.32603321047961,Kathmandu,shallow_tube,23.51,8.36,571.39,58.4264,9.78,4.6894,73.66,106.067,601.6,7.228,0.835,6.9,urban,wet,24.88
259,27.70574146397681,85.20859421458793,Lalitpur,dug,2.52,6.13,149.79,3.6736,40.78,0.4953,5.24,7.54,752.8,7.717,0.304,7.41,urban,dry,40.53
260,27.615055743330338,85.22809925679401,Kathmandu,shallow_tube,33.91,9.2,508.04,11.9331,42.57,3.9031,62.97,90.682,290.6,5.891,1.14,6.75,urban,dry,1.94
261,27.78613445111248,85.20616110115908,Lalitpur,shallow_tube,47.31,15.31,136.89,2.7817,49.21,1.2723,28.34,40.809,383.2,5.838,0.964,7.15,urban,wet,15.23
262,27.69380498794358,85.43213888322353,Lalitpur,shallow_tube,28.79,7.38,40.74,1.9412,20.99,0.3039,100.22,144.311,705.6,4.963,0.454,7.25,urban,wet,10.45
263,27.773939176970327,85.42270803707241,Kathmandu,shallow_tube,43.4,3.46,76.87,1.7982,42.75,0.6931,62.43,89.905,155.1,6.971,0.88,6.23,urban,wet,0.0
264,27.709295272205075,85.22283831068088,Lalitpur,shallow_tube,32.58,10.33,170.8,3.9892,42.82,0.3655,53.83,77.514,280.2,0.264,0.084,6.42,peri-urban,dry,12.5
265,27.60532167321554,85.38380712952541,Lalitpur,shallow_tube,52.65,24.46,220.33,20.3187,10.84,1.6325,5.0,7.2,529.0,6.385,1.136,7.55,urban,dry,53.34
266,27.76689165057122,85.21405347636497,Lalitpur,deep_tube,203.92,1.0,388.0,10.4724,37.05,1.322,388.13,558.902,153.6,4.345,0.489,7.64,agriculture,dry,0.0
267,27.62932291143197,85.36148197325576,Kathmandu,dug,7.71,10.33,56.28,2.421,23.25,0.5556,1.91,2.747,213.9,5.159,0.771,7.45,urban,wet,32.55
268,27.620695012729318,85.36414067559991,Bhaktapur,dug,5.9,5.37,777.29,57.6899,13.47,3.4433,4.47,6.431,231.3,0.285,0.894,7.87,peri-urban,wet,18.06
269,27.707455134733607,85.36928106587064,Lalitpur,shallow_tube,54.59,15.15,136.07,3.8499,35.34,1.3389,79.7,114.766,272.8,4.796,0.648,6.68,urban,dry,23.09
270,27.687553010997625,85.27759272227703,Lalitpur,deep_tube,172.21,32.84,242.21,5.2599,46.05,1.7113,64.36,92.676,675.3,1.881,0.504,6.7,peri-urban,dry,34.81
271,27.764600714889387,85.25875782470298,Lalitpur,shallow_tube,26.56,16.58,443.48,10.5879,41.89,4.4325,22.55,32.467,241.2,4.178,0.65,6.9,peri-urban,dry,19.24
272,27.654343519779637,85.40398894735381,Kathmandu,dug,3.65,19.58,256.94,34.0405,7.55,0.7613,7.18,10.334,434.2,6.115,1.103,6.82,urban,dry,43.11
273,27.672243211795163,85.3593255391345,Kathmandu,shallow_tube,42.14,14.41,959.04,23.4842,40.84,6.4863,41.36,59.561,702.0,0.254,1.429,6.83,peri-urban,dry,15.91
274,27.747207080085214,85.28000402827185,Kathmandu,dug,5.47,8.59,227.03,8.9058,25.49,1.3949,4.95,7.128,375.4,4.501,0.458,7.54,peri-urban,wet,27.41
275,27.71768624809069,85.25269077485748,Kathmandu,shallow_tube,35.39,27.97,637.64,25.3394,25.16,3.7641,70.93,102.138,192.3,5.162,0.735,7.61,urban,dry,20.69
276,27.76016361997195,85.31278251744946,Lalitpur,shallow_tube,19.11,15.36,256.81,12.7807,20.09,2.47,138.62,199.615,558.6,2.572,0.249,6.74,urban,dry,28.86
277,27.75559699431419,85.25511762024985,Kathmandu,shallow_tube,42.96,16.87,309.76,6.2824,49.31,2.2709,76.09,109.573,150.3,4.56,0.924,7.55,urban,dry,17.26
278,27.72289989205104,85.423117273488,Kathmandu,shallow_tube,62.07,2.12,153.59,8.6981,17.66,0.8123,5.0,7.2,189.3,5.372,0.826,7.46,urban,wet,27.15
279,27.608972111525546,85.35563674761558,Kathmandu,shallow_tube,49.99,20.47,509.38,12.8203,39.73,2.9906,69.6,100.229,555.6,4.705,0.794,7.26,urban,dry,13.13
280,27.715158494224465,85.36128752082523,Kathmandu,deep_tube,152.26,14.2,478.18,85.4243,5.6,3.0298,371.68,535.218,59.7,6.761,1.447,6.61,urban,wet,6.83
281,27.729651390815565,85.24309659052629,Bhaktapur,shallow_tube,28.14,10.12,171.03,4.0914,41.8,1.6815,5.0,7.2,432.1,2.208,0.183,6.77,peri-urban,wet,33.9
282,27.683596817101385,85.4133211996418,Bhaktapur,dug,5.53,3.73,165.51,17.326,9.55,1.1561,8.55,12.316,280.8,8.015,0.884,6.7,urban,wet,18.73
283,27.685508371071943,85.24021507337127,Lalitpur,shallow_tube,40.23,2.21,582.63,12.1984,47.76,3.6621,93.14,134.124,328.6,8.842,0.01,6.35,urban,wet,0.0
284,27.698385604807825,85.34319312743428,Kathmandu,shallow_tube,8.65,11.09,187.78,7.2978,25.73,0.8369,47.93,69.012,368.6,1.885,0.914,7.15,urban,dry,13.09
285,27.651645362651998,85.26086676101669,Kathmandu,shallow_tube,49.93,9.27,205.67,10.1602,20.24,1.3389,76.38,109.984,246.9,6.777,0.786,7.86,urban,dry,1.73
286,27.66384505955724,85.42647791780867,Kathmandu,dug,4.31,9.6,250.84,8.4981,29.52,1.043,8.02,11.548,863.3,3.303,0.151,7.49,green,dry,39.53
287,27.701945215057638,85.27501677072637,Kathmandu,shallow_tube,60.26,7.97,135.65,2.8866,46.99,0.963,43.75,62.993,928.5,4.475,0.805,8.37,urban,dry,16.49
288,27.78923737879825,85.34494286044063,Kathmandu,dug,4.65,5.82,142.63,8.8024,16.2,0.7101,4.77,6.872,145.6,6.299,0.675,8.74,urban,wet,32.35
289,27.71231890154244,85.24270342657655,Kathmandu,shallow_tube,19.9,20.78,521.27,28.3688,18.37,1.6081,67.8,97.638,247.7,0.721,0.842,7.52,peri-urban,dry,12.53
290,27.64186121516684,85.21813057923862,Lalitpur,shallow_tube,43.41,18.83,65.71,8.9954,7.31,0.3924,39.83,57.361,224.0,4.35,0.848,6.51,urban,dry,7.81
291,27.63028208878722,85.3996133762628,Lalitpur,dug,4.38,3.29,988.84,31.8617,31.04,9.187,1.18,1.705,454.1,10.178,1.1,7.25,urban,wet,28.37
292,27.748101904243665,85.38923171128175,Lalitpur,dug,7.31,13.0,263.71,13.0637,20.19,0.5656,8.29,11.937,107.4,3.454,0.815,7.02,peri-urban,dry,25.11
293,27.770307434379585,85.23915320372316,Bhaktapur,deep_tube,173.35,27.94,85.09,4.1007,20.75,0.8021,428.99,617.748,258.4,2.617,0.923,7.01,urban,dry,22.21
294,27.765373569434672,85.3406638557257,Lalitpur,shallow_tube,44.9,0.86,281.75,11.1144,25.35,0.8853,70.92,102.127,370.4,6.748,0.534,7.05,urban,wet,12.13
295,27.697053348468526,85.39447735168714,Kathmandu,shallow_tube,17.92,0.5,837.62,29.296,28.59,6.1697,12.94,18.635,224.8,5.438,1.338,7.24,green,dry,3.44
296,27.701901774644842,85.33643741994486,Kathmandu,dug,4.25,0.2,2000.0,125.4658,15.94,15.916,3.73,5.369,304.7,7.181,0.468,7.04,urban,dry,28.74
297,27.61461701820523,85.26841659623037,Bhaktapur,shallow_tube,31.67,9.96,1885.11,39.6651,47.53,13.9289,47.68,68.665,257.3,1.994,0.118,6.68,urban,dry,5.45
298,27.70074388691799,85.40755072108644,Lalitpur,shallow_tube,50.97,11.81,675.28,23.4047,28.85,1.501,39.71,57.186,151.9,4.436,0.821,7.45,peri-urban,wet,0.0
299,27.61762844867816,85.30341638089581,Lalitpur,shallow_tube,8.88,15.85,634.13,14.1833,44.71,2.3007,36.97,53.238,623.8,3.827,0.671,7.67,urban,dry,18.54
300,27.679210895487095,85.24978922439927,Kathmandu,shallow_tube,42.14,17.22,389.18,51.0691,7.62,1.5949,5.0,7.2,350.6,0.841,0.995,7.99,green,dry,42.44
301,27.78825578578136,85.42040883729385,Kathmandu,shallow_tube,66.14,35.76,114.6,6.7023,17.1,0.2485,88.25,127.083,1613.7,0.897,0.601,7.8,green,dry,49.73
302,27.799369856856288,85.30758579342228,Kathmandu,deep_tube,177.12,4.19,219.74,12.9754,16.94,1.6456,131.6,189.501,416.7,6.355,1.098,7.32,green,dry,6.87
303,27.742791589572956,85.43116465239557,Kathmandu,dug,3.85,11.83,222.09,40.7355,5.45,0.7904,6.94,9.987,397.0,8.331,0.386,6.83,urban,dry,22.0
304,27.64353995977145,85.44150536478256,Kathmandu,shallow_tube,30.25,20.42,296.17,33.6006,8.81,2.5059,55.98,80.617,424.2,1.494,0.685,7.46,agriculture,dry,21.38
305,27.75981642915439,85.32711975882701,Kathmandu,deep_tube,123.32,12.77,486.17,60.7734,8.0,4.8561,761.86,1097.076,313.2,8.583,0.178,8.34,urban,dry,5.29
306,27.63769997055911,85.40124170847042,Bhaktapur,shallow_tube,26.96,11.97,302.48,12.1511,24.89,1.4134,152.05,218.948,590.9,5.706,1.02,6.7,urban,dry,11.17
307,27.71538722466897,85.23871034866187,Kathmandu,shallow_tube,9.09,25.6,304.27,35.6581,8.53,2.7536,58.75,84.595,306.0,0.819,0.073,7.7,agriculture,dry,22.04
308,27.788381117452086,85.38489081202782,Kathmandu,shallow_tube,27.97,0.5,176.2,6.9294,25.43,0.7776,91.18,131.296,326.8,2.129,0.478,7.27,peri-urban,dry,7.07
309,27.70669604174896,85.34909839992312,Kathmandu,deep_tube,88.45,27.89,316.98,16.7926,18.88,2.8389,128.99,185.752,650.7,4.035,0.429,7.22,urban,dry,12.2
310,27.745093633690033,85.22830780581478,Kathmandu,shallow_tube,59.81,18.19,710.47,23.671,30.01,5.3969,7.76,11.173,342.9,5.319,0.828,7.54,peri-urban,dry,34.84
311,27.717473973715116,85.22135062107272,Kathmandu,shallow_tube,39.6,15.24,73.76,1.6234,45.44,0.6764,82.77,119.196,515.8,2.879,0.934,6.97,urban,wet,6.61
312,27.650238400920895,85.28014189650413,Kathmandu,shallow_tube,15.59,36.38,389.07,9.962,39.06,1.8115,23.66,34.076,527.9,5.493,0.42,7.38,urban,dry,51.42
313,27.650640232673997,85.33882395633205,Kathmandu,shallow_tube,47.72,7.56,96.28,3.2686,29.46,0.2486,24.36,35.074,594.0,2.415,1.153,7.61,peri-urban,dry,22.47
314,27.671105959430403,85.4022146347584,Kathmandu,shallow_tube,29.7,32.23,257.64,5.4997,46.85,1.6388,77.85,112.108,472.8,8.177,0.234,7.07,urban,dry,34.0
315,27.617867980458374,85.3094453693249,Kathmandu,shallow_tube,35.91,26.69,166.17,18.3884,9.04,1.6106,42.79,61.622,910.8,3.095,0.833,7.53,urban,dry,35.5
316,27.600766058100067,85.2595312108135,Bhaktapur,dug,6.35,1.52,297.53,8.3664,35.56,0.7714,6.43,9.255,140.2,11.483,0.556,6.7,urban,wet,8.97
317,27.63194989204679,85.24101589706633,Kathmandu,shallow_tube,46.53,9.31,440.9,18.1124,24.34,1.895,36.82,53.021,1092.7,1.762,0.449,7.51,green,dry,0.89
318,27.66318716447713,85.3823100622744,Bhaktapur,deep_tube,174.48,27.52,671.29,29.2737,22.93,3.0445,50.0,72.0,339.2,1.057,0.55,6.86,green,dry,24.82
319,27.622108633261718,85.25484734729906,Kathmandu,shallow_tube,49.64,19.94,108.94,2.735,39.83,0.2633,6.15,8.858,384.0,5.126,1.352,7.5,urban,dry,36.94
320,27.639448533233406,85.253384369471,Lalitpur,shallow_tube,52.63,7.14,118.71,3.6124,32.86,0.3888,35.8,51.545,183.4,2.698,0.677,7.75,urban,wet,0.0
321,27.655038042354697,85.42739667376345,Lalitpur,dug,6.12,2.94,209.81,6.7651,31.01,2.0275,2.45,3.521,401.5,5.102,0.458,6.94,peri-urban,dry,26.57
322,27.753752836144233,85.26639689957685,Lalitpur,dug,5.24,0.2,210.02,7.5142,27.95,1.1939,4.49,6.462,94.4,1.762,0.01,6.54,agriculture,wet,20.72
323,27.610469435686262,85.25774482763202,Lalitpur,deep_tube,30.0,5.35,169.67,9.3566,18.13,0.5738,664.48,956.856,350.1,3.021,0.562,8.2,peri-urban,wet,12.91
324,27.607911501312525,85.30075968947679,Lalitpur,shallow_tube,18.84,23.27,249.8,5.2432,47.64,1.4492,93.61,134.795,255.3,8.705,0.392,7.04,urban,dry,17.4
325,27.713264576033307,85.39082372799932,Kathmandu,dug,5.66,19.44,44.08,1.2425,35.48,0.3359,5.12,7.378,572.6,4.341,0.776,7.9,urban,dry,36.75
326,27.69416328387318,85.24973244494876,Lalitpur,dug,8.42,0.2,484.77,12.2089,39.71,1.1201,5.5,7.915,174.6,3.656,0.764,6.67,green,dry,0.0
327,27.631474316669983,85.20776703256112,Bhaktapur,dug,5.55,6.09,649.88,14.1214,46.02,3.0967,3.74,5.384,427.5,5.185,0.916,7.51,urban,wet,17.47
328,27.600048200937028,85.26031108400952,Kathmandu,shallow_tube,30.68,26.42,303.54,19.138,15.86,0.7978,101.68,146.423,255.2,5.906,1.151,6.67,urban,dry,16.64
329,27.733341771079292,85.27107207227387,Kathmandu,shallow_tube,58.36,17.27,37.37,1.0718,34.86,0.3091,115.62,166.487,196.9,6.253,0.859,7.73,urban,dry,11.26
330,27.705451029990137,85.43246762057348,Kathmandu,shallow_tube,43.15,12.44,558.27,15.7397,35.47,4.5935,60.92,87.732,219.8,1.68,0.652,6.71,urban,dry,0.0
331,27.72463448490644,85.21860710460963,Kathmandu,dug,9.8,14.3,897.0,22.7493,39.43,4.8995,11.57,16.654,347.7,5.983,1.306,7.31,urban,dry,31.71
332,27.62542052275415,85.28918079232723,Kathmandu,deep_tube,63.39,34.13,718.43,19.2016,37.42,6.7146,50.0,72.0,318.7,5.921,0.506,7.72,urban,dry,30.93
333,27.68200475734835,85.32049872943323,Kathmandu,shallow_tube,45.86,18.45,199.11,16.1903,12.3,1.1731,74.49,107.265,507.9,0.784,0.767,6.83,peri-urban,dry,22.94
334,27.78671862874025,85.37998988484237,Lalitpur,dug,10.17,0.85,489.0,11.6362,42.02,3.0057,1.0,1.44,315.2,7.847,1.276,7.11,urban,wet,30.23
335,27.771949561137014,85.31456332869126,Kathmandu,dug,8.02,8.34,373.05,14.1185,26.42,3.7057,2.88,4.154,593.9,6.059,0.063,6.84,urban,dry,41.8
336,27.78444466363097,85.3481420456912,Kathmandu,shallow_tube,57.7,32.4,305.48,7.348,41.57,1.9349,64.39,92.721,296.6,1.777,0.834,7.23,green,dry,19.23
337,27.622521845869844,85.43349685462816,Kathmandu,shallow_tube,14.25,0.5,257.84,15.1454,17.02,1.5659,63.27,91.103,213.4,11.73,0.682,6.93,urban,wet,0.0
338,27.66045534009929,85.42377129319158,Bhaktapur,deep_tube,140.26,23.83,174.22,8.6098,20.23,1.0083,740.8,1066.758,478.5,3.92,0.512,6.3,peri-urban,dry,22.13
339,27.60941223957539,85.3671366737785,Bhaktapur,dug,6.72,6.4,237.03,12.1994,19.43,1.5214,3.7,5.326,1124.1,3.353,0.21,6.98,urban,wet,35.73
340,27.696971747943223,85.28874877895349,Kathmandu,deep_tube,141.31,23.17,571.48,61.7476,9.26,4.6101,852.65,1227.823,1288.8,4.151,0.26,8.74,urban,dry,35.28
341,27.65670143805419,85.43710628888537,Lalitpur,shallow_tube,21.33,7.73,98.89,4.6241,21.39,0.7036,42.17,60.723,214.0,4.121,0.339,7.21,urban,wet,9.0
342,27.66065620521309,85.29064580314868,Kathmandu,deep_tube,156.43,12.67,2000.0,54.6016,36.63,5.0882,198.82,286.303,276.3,2.462,0.279,7.43,peri-urban,dry,7.58
343,27.78843709089793,85.32962324373557,Kathmandu,dug,6.91,13.95,138.95,5.1425,27.02,0.8477,4.01,5.777,144.4,4.757,0.67,7.2,urban,wet,29.83
344,27.708892266429835,85.24211013778299,Lalitpur,deep_tube,172.73,39.83,339.29,12.7523,26.61,1.6916,1346.06,1938.326,348.3,6.421,0.903,7.31,urban,dry,23.98
345,27.6241921324477,85.21967441879885,Kathmandu,shallow_tube,27.78,21.35,514.06,26.1691,19.64,1.4177,124.45,179.208,226.7,4.271,1.196,7.36,urban,dry,18.69
346,27.64998034432738,85.21640019123626,Lalitpur,shallow_tube,14.23,3.87,102.19,4.2425,24.09,0.5696,78.84,113.529,288.4,1.04,0.776,6.75,urban,dry,7.82
347,27.73801507083776,85.29759411151174,Kathmandu,shallow_tube,28.17,15.5,905.97,50.6694,17.88,5.1467,27.33,39.358,279.1,3.513,0.778,6.87,urban,dry,15.62
348,27.727852576636273,85.2187857382944,Kathmandu,shallow_tube,59.07,7.16,95.82,9.3643,10.23,0.6028,5.0,7.2,305.9,0.01,1.278,6.83,peri-urban,dry,23.03
349,27.695890995629956,85.29181942532018,Bhaktapur,shallow_tube,19.01,1.85,1234.87,61.6313,20.04,10.5498,5.0,7.2,482.6,4.711,1.148,7.11,urban,wet,6.6
350,27.680729338898697,85.36966502345673,Kathmandu,deep_tube,225.46,23.89,117.64,3.8411,30.63,1.0457,260.52,375.153,535.5,3.878,0.676,7.52,peri-urban,dry,22.01
351,27.68299955167415,85.28173552506368,Lalitpur,deep_tube,220.86,33.44,162.95,21.6195,7.54,0.8074,1412.1,2033.418,472.7,3.841,0.01,7.82,peri-urban,dry,40.23
352,27.728096658628445,85.26486229276702,Kathmandu,dug,6.0,0.21,551.5,26.5223,20.79,2.8883,1.29,1.858,309.6,3.809,0.665,6.84,urban,wet,33.06
353,27.765928761070587,85.37598416675863,Bhaktapur,shallow_tube,33.32,16.97,246.8,8.8599,27.86,1.5372,74.12,106.731,644.6,2.507,0.388,7.69,peri-urban,wet,18.97
354,27.78397418682611,85.21378914765044,Lalitpur,dug,7.37,0.2,101.73,2.7386,37.15,0.9495,8.04,11.578,827.9,10.706,0.767,6.8,urban,dry,21.12
355,27.63840325019359,85.40999955581098,Lalitpur,deep_tube,90.1,31.16,533.75,15.1801,35.16,1.8699,50.0,72.0,794.3,6.047,0.434,6.48,urban,dry,32.06
356,27.689681568203188,85.28013404170163,Lalitpur,deep_tube,215.97,22.9,138.19,4.9169,28.1,0.9956,348.43,501.741,713.2,1.887,1.277,6.38,agriculture,dry,29.63
357,27.796719459947756,85.3668377907626,Kathmandu,shallow_tube,31.71,11.62,176.86,7.1537,24.72,0.7254,70.1,100.944,234.4,4.831,0.208,7.61,urban,dry,13.32
358,27.743265068695205,85.36734635591748,Kathmandu,shallow_tube,41.64,0.5,301.53,17.2456,17.48,2.1536,80.03,115.24,505.5,9.979,1.23,8.52,urban,wet,9.01
359,27.74986307102849,85.44117261970712,Kathmandu,dug,6.1,6.49,289.58,7.3193,39.56,2.3102,1.62,2.339,207.5,2.865,0.026,7.29,peri-urban,wet,34.23
360,27.68288596249341,85.37238355222635,Kathmandu,shallow_tube,19.95,28.5,195.4,4.973,39.29,1.2308,5.0,7.2,269.7,5.944,0.603,7.4,urban,dry,47.76
361,27.62794411339579,85.22403146293304,Kathmandu,deep_tube,248.78,65.6,157.2,3.4057,46.16,0.5768,194.25,279.72,459.4,2.765,0.325,7.03,peri-urban,dry,37.17
362,27.719886108405525,85.24281835266656,Lalitpur,shallow_tube,25.69,10.2,118.61,7.3561,16.12,0.9474,72.08,103.793,325.4,2.693,0.119,7.1,agriculture,wet,4.3
363,27.742664345900256,85.36485581171249,Lalitpur,shallow_tube,27.65,11.15,309.55,19.1049,16.2,1.4225,93.6,134.779,283.9,0.01,1.095,6.13,agriculture,wet,7.97
364,27.784843686968532,85.20609774827753,Kathmandu,shallow_tube,34.55,0.5,137.02,20.4449,6.7,0.4089,78.98,113.736,523.5,4.128,0.463,6.23,urban,wet,11.07
365,27.676229376406948,85.30296307078612,Lalitpur,shallow_tube,50.67,0.5,91.41,6.4015,14.28,0.8238,43.72,62.955,193.5,4.08,1.22,6.34,peri-urban,dry,11.96
366,27.613448126810408,85.31617236711129,Lalitpur,shallow_tube,39.65,30.24,547.99,29.9303,18.31,3.2689,5.0,7.2,154.7,2.356,0.512,6.46,urban,dry,51.83
367,27.79462894228538,85.24842926269407,Kathmandu,shallow_tube,41.32,21.83,1245.99,36.5126,34.13,2.9382,47.47,68.355,269.2,3.912,0.949,6.75,urban,dry,8.76
368,27.63009909961452,85.3258925186009,Lalitpur,shallow_tube,57.99,3.56,282.45,6.3017,44.82,1.8687,21.01,30.253,236.6,4.016,0.483,7.72,peri-urban,wet,5.44
369,27.682582237917845,85.33437343841831,Kathmandu,dug,7.58,2.07,128.83,3.7721,34.15,0.9915,3.19,4.587,539.2,4.107,1.175,6.92,peri-urban,dry,27.15
370,27.701951413380176,85.34631521887746,Kathmandu,shallow_tube,60.85,0.5,111.73,9.8535,11.34,0.7821,60.64,87.318,435.3,8.634,0.667,7.68,urban,wet,7.22
371,27.630062124496796,85.20964789048453,Bhaktapur,shallow_tube,38.62,3.99,199.0,4.3949,45.28,1.9623,8.41,12.117,515.0,3.873,0.643,7.61,agriculture,dry,27.17
372,27.74183614075888,85.25008495527412,Kathmandu,shallow_tube,35.22,0.5,1123.14,27.6306,40.65,9.7814,5.0,7.2,601.1,3.756,0.573,7.64,urban,wet,23.14
373,27.62089606335079,85.38006698098685,Lalitpur,dug,6.25,12.86,648.76,17.9176,36.21,1.5036,4.44,6.4,827.8,3.036,0.23,7.12,peri-urban,dry,52.55
374,27.72354538481236,85.31408148095561,Bhaktapur,shallow_tube,46.04,18.34,84.13,1.9945,42.18,0.3215,105.68,152.181,427.6,1.177,0.895,7.14,urban,dry,16.56
375,27.654276279015917,85.41377735549936,Kathmandu,deep_tube,94.45,15.6,525.99,22.9756,22.89,2.4672,359.6,517.828,154.7,5.687,0.946,7.19,urban,wet,7.59
376,27.666673567623313,85.31228085348256,Kathmandu,shallow_tube,63.6,3.26,554.84,17.1094,32.43,3.7072,40.15,57.811,100.5,5.261,0.471,7.4,urban,wet,1.51
377,27.74593568272945,85.21301145968904,Bhaktapur,deep_tube,275.92,3.13,320.16,36.6448,8.74,1.1296,1120.23,1613.137,168.7,2.079,0.807,7.62,peri-urban,wet,6.09
378,27.699923682399753,85.27630363253222,Bhaktapur,shallow_tube,16.15,2.34,187.06,6.4857,28.84,0.8081,14.84,21.373,477.9,4.565,0.82,7.38,peri-urban,wet,11.66
379,27.674721131906814,85.3703651531293,Kathmandu,shallow_tube,40.67,21.24,162.65,4.7813,34.02,0.8119,69.66,100.307,348.6,7.373,0.01,6.92,urban,dry,20.38
380,27.742401592239634,85.2962396806594,Kathmandu,shallow_tube,30.57,0.5,262.14,7.3122,35.85,1.4391,70.69,101.799,296.4,1.703,0.575,6.71,peri-urban,dry,0.0
381,27.746102930805264,85.21008130993025,Kathmandu,dug,5.12,0.4,405.92,9.1624,44.3,2.0945,1.7,2.455,275.9,8.113,0.169,7.53,urban,wet,25.83
382,27.67545039714314,85.36601853029997,Kathmandu,dug,5.69,7.45,165.12,28.9045,5.71,1.0671,5.39,7.759,95.9,4.83,0.203,7.08,urban,dry,26.03
383,27.619523752107032,85.42444895159801,Kathmandu,shallow_tube,26.71,8.09,334.61,13.208,25.33,2.8026,15.89,22.885,448.6,7.397,0.899,7.44,urban,dry,13.68
384,27.735468369216303,85.20610672073516,Kathmandu,shallow_tube,23.43,24.26,237.83,14.5623,16.33,2.3422,100.74,145.07,537.2,3.473,0.345,6.59,urban,dry,30.51
385,27.72229897054384,85.37400785174728,Kathmandu,dug,6.29,4.85,1385.99,57.7253,24.01,7.1859,7.69,11.069,140.8,1.789,0.722,7.45,peri-urban,dry,18.03
386,27.738641908443775,85.21772904785965,Kathmandu,shallow_tube,45.58,12.76,627.69,17.015,36.89,2.3343,29.34,42.243,216.5,0.01,1.141,7.24,urban,wet,10.8
387,27.67914896596947,85.27466803934689,Bhaktapur,shallow_tube,39.76,24.12,540.5,21.7459,24.86,1.3621,44.41,63.948,430.3,1.838,1.099,7.54,agriculture,dry,32.47
388,27.76061512846755,85.30795127519649,Lalitpur,shallow_tube,39.67,23.53,477.43,15.9399,29.95,1.6416,70.13,100.988,391.8,5.215,0.46,7.28,peri-urban,dry,26.72
389,27.639462794115214,85.27931380411243,Kathmandu,shallow_tube,35.68,20.07,23.01,0.5847,39.36,0.1284,70.69,101.792,855.4,4.359,0.131,7.46,urban,dry,34.15
390,27.677626616200453,85.2426900708626,Kathmandu,shallow_tube,47.83,0.5,438.49,26.4032,16.61,2.6011,17.61,25.36,447.7,6.193,0.919,6.59,peri-urban,dry,19.67
391,27.771674675952212,85.43920891688578,Kathmandu,deep_tube,215.37,62.09,69.66,3.1521,22.1,0.3892,50.0,72.0,367.3,7.244,1.189,7.32,urban,dry,49.36
392,27.650728494868275,85.25701545422501,Kathmandu,dug,4.59,2.77,210.51,15.0809,13.96,1.4108,3.81,5.484,390.2,0.458,0.385,6.71,peri-urban,wet,37.12
393,27.635931857805982,85.37227727037171,Kathmandu,deep_tube,165.44,10.88,161.93,6.5112,24.87,1.5481,531.96,766.025,226.7,7.625,0.736,7.06,urban,wet,10.61
394,27.760708355365285,85.44890105045089,Kathmandu,shallow_tube,11.89,15.04,130.6,5.2319,24.96,0.44,65.43,94.219,609.8,9.732,1.127,7.67,urban,dry,21.84
395,27.61829659158593,85.32846895869456,Kathmandu,dug,5.37,9.36,362.68,18.8652,19.22,1.957,1.66,2.397,224.0,2.71,0.355,7.08,green,dry,36.86
396,27.637105195051547,85.36291994871961,Lalitpur,shallow_tube,23.05,2.86,616.11,14.3021,43.08,3.4617,5.0,7.2,343.2,7.448,0.675,7.74,urban,wet,31.75
397,27.78191108568744,85.20450800245631,Kathmandu,shallow_tube,10.55,19.42,738.5,16.5899,44.52,4.9382,91.36,131.565,570.6,2.5,0.01,6.95,peri-urban,dry,26.43
398,27.677624291353702,85.2239225290145,Bhaktapur,dug,3.91,19.23,357.53,11.2726,31.72,2.9233,3.86,5.552,502.4,3.218,0.769,8.67,agriculture,dry,37.76
399,27.783807655405734,85.42497738583867,Kathmandu,shallow_tube,16.48,1.72,205.05,25.1789,8.14,1.5217,30.51,43.928,216.2,9.595,0.314,6.23,urban,dry,0.0
400,27.774715061151948,85.39069976321895,Kathmandu,shallow_tube,52.3,11.11,2000.0,96.8539,20.65,12.3283,11.93,17.18,1186.0,1.952,0.813,6.09,peri-urban,wet,31.47
401,27.737492960809945,85.26246686631448,Lalitpur,deep_tube,199.45,10.23,215.33,4.5079,47.77,2.0815,403.72,581.361,179.4,2.087,0.515,7.54,peri-urban,wet,3.95
402,27.656692229852816,85.37168893007048,Lalitpur,dug,5.82,6.81,493.48,19.3022,25.57,3.3814,8.5,12.246,500.1,4.026,0.287,6.16,urban,dry,14.98
403,27.618227467817942,85.37965093517255,Kathmandu,dug,3.15,5.42,45.04,1.544,29.17,0.1634,1.0,1.44,164.5,10.042,0.56,6.77,urban,dry,34.42
404,27.650444626846124,85.4026826163076,Bhaktapur,dug,3.01,8.06,205.0,5.5486,36.95,1.2853,3.55,5.105,527.6,3.392,0.01,6.91,peri-urban,dry,33.47
405,27.644590001711553,85.24701464161977,Kathmandu,shallow_tube,76.62,8.64,2000.0,64.9286,30.8,18.8464,29.46,42.416,708.5,6.64,0.11,6.82,urban,wet,16.71
406,27.744716140088,85.40149253216774,Kathmandu,shallow_tube,54.24,11.76,377.99,8.4465,44.75,2.255,93.79,135.06,246.6,7.971,0.517,6.53,urban,wet,5.9
407,27.67119367816645,85.27102603730687,Kathmandu,shallow_tube,35.49,0.5,362.49,42.1542,8.6,0.9855,117.67,169.45,1010.9,6.41,0.598,6.58,urban,dry,16.55
408,27.650286030437496,85.24339303603786,Bhaktapur,deep_tube,106.79,4.39,298.18,8.4683,35.21,1.8443,600.24,864.351,571.9,3.208,0.487,6.15,urban,dry,17.16
409,27.789546560801263,85.23159253548675,Bhaktapur,dug,4.63,15.55,619.86,17.89,34.65,4.0487,3.51,5.059,53.7,2.386,0.41,7.42,peri-urban,dry,29.52
410,27.687456329648924,85.30088715520343,Kathmandu,shallow_tube,38.99,1.22,65.2,1.3134,49.64,0.4885,38.52,55.469,797.7,4.739,0.086,7.85,peri-urban,wet,3.13
411,27.741862858960697,85.34654558852209,Kathmandu,shallow_tube,30.43,5.63,564.57,16.4773,34.26,2.6151,5.0,7.2,267.8,7.71,0.398,8.53,urban,wet,26.18
412,27.784039397214855,85.21228963090536,Kathmandu,deep_tube,179.93,19.45,335.26,9.6969,34.57,1.848,232.1,334.228,392.8,0.401,0.613,8.16,peri-urban,dry,23.16
413,27.70114845967109,85.40427553325065,Bhaktapur,shallow_tube,63.4,0.5,242.86,22.0206,11.03,1.7904,5.0,7.2,163.9,1.863,1.461,7.49,urban,wet,22.21
414,27.744974170715977,85.37452923102089,Kathmandu,dug,7.54,2.62,299.05,26.4603,11.3,1.3687,2.75,3.955,434.8,6.194,0.536,7.5,green,wet,37.75
415,27.72535676341037,85.35950080880407,Lalitpur,shallow_tube,46.57,18.17,139.11,4.9445,28.13,1.201,131.95,190.006,150.8,7.215,0.442,7.36,urban,dry,4.53
416,27.718722108889285,85.24104624101409,Kathmandu,deep_tube,68.15,19.67,1268.73,37.3597,33.96,3.4307,314.92,453.489,671.7,3.821,0.414,7.1,urban,dry,23.59
417,27.77278716149199,85.39538078238327,Bhaktapur,dug,2.74,6.81,275.94,13.6173,20.26,1.2642,7.9,11.381,508.2,1.326,0.897,5.81,peri-urban,wet,33.12
418,27.60232897990062,85.33920303578519,Lalitpur,shallow_tube,47.29,31.68,128.84,7.4154,17.37,0.3398,114.22,164.484,114.8,5.643,1.15,7.57,urban,dry,27.47
419,27.72748907574358,85.33835692519676,Kathmandu,shallow_tube,48.38,3.28,485.54,34.2717,14.17,2.2932,5.0,7.2,351.5,8.311,0.995,6.47,urban,wet,31.07
420,27.66023180395709,85.34455744654238,Kathmandu,shallow_tube,26.84,0.5,661.83,14.9669,44.22,3.8915,57.01,82.094,125.5,8.217,0.732,7.86,urban,dry,0.0
421,27.672779881299068,85.40831857625719,Kathmandu,shallow_tube,27.39,21.13,67.8,10.6762,6.35,0.3511,73.2,105.412,422.5,3.014,1.131,7.56,urban,dry,7.69
422,27.790118793186224,85.41478258993781,Kathmandu,dug,6.82,8.94,428.3,26.1111,16.4,2.587,5.93,8.538,532.1,3.133,0.764,7.54,urban,dry,36.85
423,27.744522344966892,85.2511260846732,Kathmandu,shallow_tube,57.52,6.53,118.68,2.4173,49.1,0.4518,5.0,7.2,1319.2,8.17,0.566,7.01,urban,dry,48.32
424,27.617249834260793,85.4341414029145,Kathmandu,shallow_tube,30.42,13.33,156.32,13.579,11.51,1.3271,79.19,114.035,228.8,5.761,1.312,6.21,green,wet,6.77
425,27.695131006184983,85.35070188306669,Bhaktapur,deep_tube,275.26,10.51,273.11,11.5184,23.71,1.8595,448.88,646.384,415.9,4.189,1.297,7.34,urban,wet,19.54
426,27.732194764129936,85.28072526714448,Kathmandu,shallow_tube,20.64,9.91,323.93,13.7861,23.5,1.5682,5.0,7.2,147.7,2.935,1.879,6.56,urban,wet,28.26
427,27.625227157259154,85.4331614293353,Lalitpur,shallow_tube,52.13,5.26,954.82,19.8094,48.2,8.1768,39.72,57.194,472.5,5.709,0.322,6.77,urban,wet,4.52
428,27.64637192277657,85.39948579731333,Kathmandu,dug,2.17,1.36,763.18,20.384,37.44,5.974,6.31,9.087,508.9,10.551,1.404,6.91,urban,dry,35.64
429,27.786569244272062,85.21902118169137,Kathmandu,shallow_tube,45.8,15.34,282.56,14.2534,19.82,1.7787,84.92,122.281,1715.0,5.969,0.538,7.11,urban,wet,45.84
430,27.62451663130144,85.43198355030925,Kathmandu,shallow_tube,38.78,19.69,289.62,14.4352,20.06,2.1906,93.01,133.933,749.8,4.943,0.974,6.89,urban,dry,16.54
431,27.60846689850366,85.35838382340404,Kathmandu,shallow_tube,29.27,27.45,175.36,16.1819,10.84,0.9873,129.17,186.007,418.0,0.425,0.229,6.97,peri-urban,dry,17.46
432,27.66195306282858,85.33047111548187,Lalitpur,shallow_tube,26.08,26.38,310.02,36.0885,8.59,1.6567,53.51,77.052,444.4,6.572,0.914,7.02,urban,dry,31.96
433,27.644300210170773,85.3280058472772,Kathmandu,shallow_tube,49.29,9.14,393.49,8.2919,47.45,1.097,48.54,69.893,141.0,4.511,0.653,6.99,peri-urban,wet,1.88
434,27.746355219007537,85.24118350222193,Kathmandu,shallow_tube,59.87,3.17,336.16,8.1542,41.23,1.6671,102.45,147.523,671.8,5.993,0.992,6.89,urban,dry,3.31
435,27.761934851617614,85.37391941580384,Lalitpur,shallow_tube,28.21,30.51,316.14,16.6589,18.98,1.7981,68.82,99.1,1306.2,2.562,0.992,7.62,peri-urban,dry,38.66
436,27.64033104225338,85.219560524645,Lalitpur,deep_tube,162.81,15.98,321.82,13.4843,23.87,1.1431,415.42,598.208,133.0,6.549,0.87,6.88,urban,wet,12.98
437,27.61001290541866,85.41840845565868,Kathmandu,dug,4.46,11.47,64.08,2.9239,21.92,0.4024,4.17,6.008,143.8,5.752,0.242,6.75,urban,wet,12.76
438,27.60451393931469,85.37173185419358,Kathmandu,shallow_tube,27.02,10.33,73.89,5.2975,13.95,0.4483,68.45,98.569,229.7,1.877,0.212,7.28,peri-urban,dry,3.28
439,27.65288085958593,85.33190611420967,Kathmandu,deep_tube,282.51,48.0,194.07,7.9351,24.46,1.6747,239.69,345.155,532.0,0.467,0.197,7.72,peri-urban,dry,31.88
440,27.645965208358508,85.20022645881153,Lalitpur,dug,5.5,6.12,291.47,5.988,48.68,2.2526,1.46,2.098,200.4,2.027,0.773,6.99,urban,dry,35.11
441,27.676038999595036,85.41781796273753,Lalitpur,shallow_tube,38.57,18.45,670.49,31.6176,21.21,3.8354,78.19,112.6,493.0,2.279,0.542,7.61,urban,wet,8.36
442,27.760864065219437,85.4248125767454,Lalitpur,dug,6.05,0.2,191.24,5.6053,34.12,1.0928,1.0,1.44,359.1,5.075,0.022,7.58,green,dry,30.45
443,27.675593671128258,85.3159189514433,Kathmandu,shallow_tube,27.99,8.01,316.96,8.7028,36.42,2.2156,44.63,64.274,176.4,0.01,0.9,7.69,peri-urban,dry,0.0
444,27.78782173966205,85.36793621011937,Kathmandu,shallow_tube,55.24,16.03,134.31,3.3702,39.85,0.3049,5.0,7.2,499.9,3.691,0.01,7.18,urban,dry,36.89
445,27.7908895389706,85.22891880591203,Bhaktapur,shallow_tube,60.85,15.92,124.1,3.4122,36.37,0.8308,63.68,91.705,1263.7,9.132,0.01,7.86,urban,wet,28.69
446,27.680431276368793,85.2255986156983,Kathmandu,dug,2.93,0.2,133.99,4.5203,29.64,0.4229,3.46,4.984,536.3,7.582,0.38,6.88,urban,wet,34.83
447,27.65258484952643,85.29387465550518,Kathmandu,shallow_tube,31.57,0.5,472.99,67.8049,6.98,3.4195,75.75,109.081,560.4,8.327,0.318,7.4,urban,dry,7.36
448,27.74446223366474,85.24761424925751,Kathmandu,dug,8.89,5.99,65.34,1.4767,44.25,0.1556,1.75,2.513,321.6,2.458,0.314,6.75,peri-urban,dry,28.93
449,27.787270511564998,85.2046311441865,Kathmandu,dug,6.47,0.2,127.07,3.6048,35.25,1.0495,12.32,17.736,660.1,3.567,0.411,8.56,urban,dry,17.79
450,27.7889894841643,85.24889266177539,Lalitpur,deep_tube,53.62,33.17,125.42,3.1183,40.22,0.7077,94.22,135.671,1010.4,9.868,0.01,7.21,urban,dry,31.76
451,27.665783955642144,85.32707792356918,Kathmandu,shallow_tube,43.28,25.48,115.66,5.2006,22.24,1.0045,47.46,68.349,534.4,5.173,1.071,7.58,urban,dry,21.39
452,27.70639766365416,85.4022586375601,Lalitpur,dug,7.79,10.8,162.34,5.4166,29.97,0.5689,3.74,5.379,582.3,3.361,0.01,6.81,urban,dry,35.05
453,27.743692035664633,85.39252225781352,Kathmandu,shallow_tube,30.38,9.26,489.07,36.5596,13.38,1.4698,66.39,95.598,279.6,6.881,0.972,7.72,urban,wet,0.0
454,27.601868990697252,85.20824423592065,Bhaktapur,shallow_tube,53.38,0.83,490.53,50.0963,9.79,2.9112,20.81,29.973,610.1,8.676,0.116,7.08,urban,wet,10.65
455,27.726811011202198,85.39022286824031,Bhaktapur,dug,4.57,17.43,216.11,8.338,25.92,1.3615,1.0,1.44,885.3,6.042,0.688,7.09,urban,dry,52.85
456,27.642231607486387,85.32553291022988,Kathmandu,shallow_tube,34.83,21.9,478.98,10.2657,46.66,3.4308,78.38,112.862,367.7,1.48,0.535,7.52,peri-urban,dry,29.14
457,27.757934722758552,85.38470126251967,Lalitpur,deep_tube,89.9,16.87,156.24,3.2503,48.07,1.1834,65.38,94.146,1606.9,8.582,0.055,6.69,urban,wet,38.8
458,27.6987974360287,85.39791001804576,Kathmandu,shallow_tube,50.41,28.72,132.08,3.183,41.5,1.1718,24.53,35.321,492.9,5.172,1.019,8.31,urban,dry,37.56
459,27.79457887787754,85.21393388162535,Kathmandu,deep_tube,100.59,19.72,200.06,4.6302,43.21,1.2349,50.0,72.0,330.2,1.176,0.286,6.34,agriculture,dry,18.05
460,27.641972935455826,85.3497748312757,Kathmandu,dug,8.84,5.71,53.16,2.4788,21.45,0.5044,5.47,7.87,315.0,1.216,0.806,7.72,agriculture,dry,19.77
461,27.616854111836155,85.40296542495815,Lalitpur,shallow_tube,44.4,4.63,245.9,21.0256,11.7,1.5903,42.26,60.848,625.3,4.254,1.502,7.06,peri-urban,wet,8.19
462,27.6059083937223,85.30848381240784,Kathmandu,deep_tube,245.58,46.97,136.74,2.7361,49.98,1.1872,323.11,465.273,330.1,4.124,0.483,7.59,urban,dry,35.71
463,27.74984343301818,85.43464639894462,Kathmandu,dug,3.47,13.6,135.15,4.8244,28.01,0.7462,11.16,16.074,437.1,3.392,0.409,7.63,urban,dry,34.66
464,27.733381077336844,85.25850704382673,Kathmandu,shallow_tube,82.98,10.25,478.64,48.1854,9.93,3.8277,46.44,66.879,264.6,9.657,0.625,6.49,urban,dry,16.32
465,27.72066511312892,85.27800032652712,Bhaktapur,deep_tube,36.34,26.33,183.01,6.9851,26.2,1.5647,50.0,72.0,298.9,4.34,0.412,7.76,urban,dry,22.37
466,27.606421916096412,85.36096698188878,Lalitpur,shallow_tube,45.03,11.49,45.65,8.104,5.63,0.0939,35.23,50.738,346.3,6.484,0.792,7.35,urban,wet,16.88
467,27.73444682996012,85.20133478549242,Bhaktapur,deep_tube,167.95,34.61,515.14,16.989,30.32,1.4413,509.8,734.116,164.1,0.01,0.889,7.65,peri-urban,dry,21.94
468,27.681969534623672,85.33123352106087,Kathmandu,shallow_tube,42.24,26.71,447.71,38.3774,11.67,3.2372,94.84,136.568,648.6,4.934,1.106,7.06,urban,dry,17.29
469,27.61136811414248,85.44462361616795,Kathmandu,shallow_tube,39.38,40.35,606.36,25.527,23.75,4.8863,21.53,31.008,263.3,8.599,0.509,7.87,urban,dry,35.29
470,27.744163263294983,85.26030169365701,Kathmandu,deep_tube,161.01,20.77,575.08,34.3252,16.75,3.5053,74.88,107.821,295.6,2.074,0.65,7.32,urban,dry,10.85
471,27.6188420727225,85.38857058325881,Kathmandu,dug,6.65,12.45,993.19,23.0411,43.11,6.7596,6.83,9.837,181.3,6.11,0.365,6.96,urban,dry,29.47
472,27.693860599272003,85.43115570446064,Kathmandu,shallow_tube,50.17,20.9,758.7,16.8634,44.99,2.9755,45.46,65.459,386.8,0.01,0.499,7.36,peri-urban,dry,18.8
473,27.76678332009221,85.3383827213393,Lalitpur,shallow_tube,51.33,8.5,127.51,4.6506,27.42,0.7218,5.0,7.2,414.6,1.805,0.384,6.99,urban,dry,40.34
474,27.72532873666235,85.3818983358262,Lalitpur,shallow_tube,16.7,2.57,295.21,6.6547,44.36,0.9932,63.7,91.732,225.4,5.975,0.945,6.55,urban,wet,2.65
475,27.661086338536606,85.28036561948696,Kathmandu,dug,4.92,12.02,316.98,15.9248,19.9,0.9348,7.59,10.936,437.6,0.01,1.03,6.76,peri-urban,dry,32.56
476,27.735789084856133,85.38127400472442,Bhaktapur,shallow_tube,40.52,4.33,499.52,29.7706,16.78,3.0474,84.52,121.712,313.6,8.621,1.184,6.94,urban,wet,9.45
477,27.70921976160066,85.25350177829347,Kathmandu,shallow_tube,46.61,6.53,262.74,47.5163,5.53,1.7612,93.23,134.25,401.0,7.91,1.091,7.18,urban,wet,4.19
478,27.67959061124027,85.2775368052727,Kathmandu,shallow_tube,45.35,14.4,626.83,18.9555,33.07,5.4167,11.46,16.508,125.5,8.055,0.585,6.76,urban,dry,24.26
479,27.723818619054224,85.23592290181544,Kathmandu,dug,8.28,1.49,266.45,6.1889,43.05,2.4753,4.39,6.325,444.2,6.951,0.248,7.34,green,dry,23.04
480,27.661896315838973,85.44410330559602,Kathmandu,deep_tube,156.02,14.46,268.7,7.3112,36.75,0.9476,50.0,72.0,492.4,1.259,0.034,7.17,green,dry,6.01
481,27.774493104651707,85.3780158553523,Kathmandu,dug,4.24,6.14,76.39,3.6778,20.77,0.6776,5.55,7.987,214.8,5.723,0.72,7.6,urban,wet,24.28
482,27.704198277729873,85.3218996095124,Kathmandu,shallow_tube,28.7,5.3,239.8,7.154,33.52,2.1681,96.45,138.886,307.8,6.908,1.235,7.2,urban,wet,10.85
483,27.692956841187502,85.44937843641547,Kathmandu,dug,8.72,5.69,703.24,42.7768,16.44,6.2565,4.79,6.894,422.5,8.646,0.909,8.3,urban,wet,29.09
484,27.700527960995107,85.32295283058062,Kathmandu,shallow_tube,34.02,4.14,158.16,5.0088,31.58,1.0884,66.11,95.192,300.9,4.571,0.225,7.47,peri-urban,wet,9.79
485,27.616446644302123,85.30456602022565,Kathmandu,dug,10.33,2.88,449.56,22.9809,19.56,3.9153,3.7,5.331,1484.6,1.92,0.288,6.18,agriculture,dry,41.46
486,27.738748259739666,85.38989045847848,Bhaktapur,deep_tube,204.84,7.12,1831.74,36.8414,49.72,14.3448,50.0,72.0,340.4,5.308,0.623,7.43,urban,dry,7.4
487,27.78229080069097,85.24042819458253,Kathmandu,shallow_tube,57.55,12.34,368.69,8.9344,41.27,1.1274,29.25,42.126,1121.6,4.427,0.378,7.62,urban,dry,21.25
488,27.75389707746312,85.26119737975736,Kathmandu,deep_tube,61.4,42.17,121.48,9.7224,12.49,0.7567,50.0,72.0,622.1,5.583,1.066,6.44,urban,dry,29.59
489,27.702576520501914,85.37825786409378,Kathmandu,dug,2.17,12.63,2000.0,60.7671,32.91,12.7072,7.65,11.012,741.0,6.052,0.95,7.93,urban,dry,34.79
490,27.7165107674084,85.21775169505565,Bhaktapur,dug,7.66,7.8,176.2,7.265,24.25,0.8185,5.39,7.766,239.3,6.922,0.277,7.34,urban,wet,28.17
491,27.681894148377758,85.43826819215553,Bhaktapur,shallow_tube,36.62,7.63,1314.31,33.9182,38.75,7.9899,43.6,62.78,345.6,6.069,0.916,7.28,urban,dry,12.22
492,27.726001427089304,85.4113548004252,Kathmandu,shallow_tube,42.23,13.25,379.15,12.6711,29.92,2.3652,28.94,41.666,350.3,1.435,0.764,7.49,agriculture,dry,23.64
493,27.681828757583524,85.26350528727389,Bhaktapur,shallow_tube,72.9,21.08,269.69,18.7581,14.38,1.9662,42.51,61.217,646.4,7.932,0.768,7.25,urban,dry,31.69
494,27.75037524887384,85.23501613983974,Kathmandu,shallow_tube,51.72,7.66,249.27,11.8171,21.09,1.0783,82.39,118.636,459.4,3.489,0.805,6.47,green,wet,10.19
495,27.704937682418695,85.33877065035942,Lalitpur,dug,3.17,1.44,219.74,5.6655,38.79,0.9063,7.78,11.197,442.6,11.091,0.695,6.22,urban,wet,24.19
496,27.786911614508657,85.30802929390397,Kathmandu,shallow_tube,22.65,40.05,742.15,23.5585,31.5,2.3107,26.87,38.695,477.5,1.041,0.427,7.42,agriculture,dry,48.55
497,27.722832540523243,85.24704999541997,Kathmandu,shallow_tube,33.49,29.69,279.46,6.826,40.94,1.1029,38.47,55.403,437.8,2.322,0.559,8.08,green,dry,30.27
498,27.674142131407557,85.24609205950493,Kathmandu,dug,9.54,15.7,404.61,13.4978,29.98,1.7389,2.34,3.374,274.9,4.939,0.192,7.7,urban,dry,39.13
499,27.738751584069817,85.29865726747651,Kathmandu,shallow_tube,46.88,5.04,514.36,15.8395,32.47,2.5274,75.98,109.418,265.6,2.422,0.414,6.85,urban,dry,8.79
500,27.70532845270504,85.31288659024327,Kathmandu,deep_tube,141.35,48.98,91.05,3.025,30.1,0.6565,545.98,786.216,221.6,5.237,1.094,7.14,urban,dry,29.68
501,27.741006904452668,85.25671762908287,Lalitpur,shallow_tube,13.3,23.92,2000.0,54.9087,36.42,10.9392,25.75,37.078,273.9,8.44,0.465,7.63,urban,dry,27.99
502,27.741353056372326,85.38060835575561,Kathmandu,dug,8.3,5.03,359.81,28.1064,12.8,1.7008,1.0,1.44,212.4,1.595,0.344,7.07,peri-urban,dry,28.53
503,27.674480133207073,85.39409784216319,Kathmandu,shallow_tube,32.88,11.52,1382.49,30.6961,45.04,10.5103,37.17,53.523,176.7,5.87,0.445,7.24,urban,wet,16.2
504,27.64578846722789,85.23040572267003,Kathmandu,shallow_tube,47.9,15.84,610.19,23.1256,26.39,5.3922,93.82,135.098,380.1,9.05,0.744,7.2,urban,dry,9.56
505,27.674992909814907,85.35646459926753,Lalitpur,shallow_tube,66.5,20.83,895.14,18.7546,47.73,4.2217,50.65,72.943,221.3,4.77,1.343,7.29,urban,dry,12.7
506,27.71704406587819,85.2702208182669,Bhaktapur,shallow_tube,67.96,0.5,525.76,60.8869,8.64,2.6805,63.65,91.661,1798.3,5.133,0.573,7.84,peri-urban,dry,17.5
507,27.6305774231296,85.2165421804313,Kathmandu,dug,6.3,0.2,835.29,25.7853,32.39,4.4223,1.0,1.44,252.2,3.861,0.914,7.19,peri-urban,dry,22.2
508,27.72184453255387,85.26872708437057,Lalitpur,shallow_tube,28.15,16.42,61.3,1.3842,44.28,0.5461,5.0,7.2,288.8,0.01,0.491,7.96,peri-urban,wet,43.7
509,27.662208341011397,85.28000274731177,Kathmandu,shallow_tube,47.64,8.13,773.77,21.1367,36.61,4.9959,32.31,46.528,663.7,4.099,0.589,7.07,urban,dry,13.32
510,27.71538190706455,85.36437355749624,Kathmandu,shallow_tube,57.94,23.56,336.12,13.1262,25.61,2.2031,81.86,117.874,1085.6,0.01,0.242,7.77,agriculture,dry,38.56
511,27.72292856378698,85.41230478617354,Kathmandu,deep_tube,187.28,12.53,70.78,2.4418,28.99,0.2196,50.0,72.0,658.6,7.546,0.795,6.64,urban,wet,24.98
512,27.702537614465765,85.3689366900868,Bhaktapur,shallow_tube,47.66,17.19,345.42,50.1324,6.89,3.1969,5.0,7.2,201.4,6.915,0.162,7.62,urban,dry,39.92
513,27.789037952225403,85.3521261532427,Kathmandu,deep_tube,173.46,27.51,433.55,20.0933,21.58,3.3402,360.85,519.629,304.9,7.47,0.291,7.52,urban,wet,20.96
514,27.633408356267633,85.3794113965857,Lalitpur,dug,6.56,11.04,45.34,1.5658,28.96,0.1878,4.3,6.194,618.8,5.184,0.01,6.88,urban,dry,35.9
515,27.763832900019246,85.44903631053106,Kathmandu,shallow_tube,62.08,23.28,665.24,26.3276,25.27,4.772,46.03,66.279,339.7,8.757,0.243,7.51,urban,dry,19.15
516,27.7533245330349,85.29054468938953,Lalitpur,dug,6.33,19.02,1035.34,71.7645,14.43,2.3224,10.57,15.224,138.0,2.079,1.015,7.01,agriculture,dry,40.59
517,27.74921643131458,85.2512003812348,Kathmandu,shallow_tube,34.85,27.46,483.01,26.8835,17.97,2.2179,76.23,109.778,1218.4,7.229,0.529,7.02,urban,dry,48.44
518,27.669352014384014,85.41560108807327,Bhaktapur,dug,2.82,16.4,672.95,14.1861,47.44,2.313,8.77,12.627,815.7,8.096,0.471,7.4,urban,dry,29.5
519,27.61233605925062,85.25218647059965,Kathmandu,dug,6.97,7.92,345.91,11.5485,29.95,2.3528,5.12,7.368,432.5,7.603,0.742,8.08,urban,wet,36.0
520,27.798038357850334,85.22266552212734,Lalitpur,shallow_tube,58.64,32.47,97.83,9.0833,10.77,0.4032,30.53,43.967,704.6,8.919,0.01,6.85,urban,dry,45.88
521,27.604961866008516,85.29594348258891,Kathmandu,shallow_tube,34.84,7.68,73.66,2.101,35.06,0.4003,21.23,30.577,377.3,5.086,0.66,8.06,urban,wet,9.18
522,27.788554400221056,85.26676523505984,Kathmandu,shallow_tube,26.71,9.61,87.73,3.0452,28.81,0.7904,5.0,7.2,334.0,4.727,0.644,7.48,urban,wet,27.26
523,27.694874527994926,85.2877859226392,Kathmandu,deep_tube,254.28,15.76,551.3,11.5189,47.86,1.2123,689.41,992.752,342.8,4.464,0.225,8.04,urban,wet,10.15
524,27.778982128512933,85.36854984373572,Kathmandu,deep_tube,108.98,12.74,346.55,30.8183,11.24,1.5249,656.94,945.99,159.0,0.81,0.984,6.83,peri-urban,dry,0.0
525,27.741424122788878,85.34691726286832,Kathmandu,shallow_tube,39.65,9.46,535.05,21.858,24.48,1.9162,9.83,14.15,431.6,3.53,0.353,7.21,urban,dry,20.26
526,27.69297418603087,85.43789507735997,Bhaktapur,shallow_tube,25.17,37.74,501.86,16.1586,31.06,1.9348,27.13,39.066,131.4,7.078,0.724,6.82,urban,dry,41.68
527,27.713163598571896,85.2781640785888,Kathmandu,deep_tube,51.89,2.93,229.04,10.7325,21.34,2.2017,489.87,705.419,348.8,5.616,0.792,7.27,urban,dry,5.81
528,27.717955920155617,85.39229669749899,Kathmandu,shallow_tube,19.97,4.75,286.48,13.8217,20.73,2.6854,37.71,54.303,909.5,6.32,0.495,6.86,agriculture,wet,11.67
529,27.68508623885127,85.38887366425355,Lalitpur,shallow_tube,37.68,0.5,293.4,23.2109,12.64,2.1184,101.73,146.494,541.1,7.606,1.059,7.12,urban,dry,0.0
530,27.77623946791113,85.30529784495636,Lalitpur,shallow_tube,45.13,0.5,239.16,10.069,23.75,0.6175,42.69,61.471,237.0,8.497,0.89,6.68,urban,dry,6.25
531,27.788380994567667,85.3325221242286,Lalitpur,shallow_tube,44.43,4.74,271.35,8.1653,33.23,2.6688,103.21,148.617,365.8,11.699,0.624,7.4,urban,dry,0.0
532,27.64477944666114,85.31097917451164,Kathmandu,deep_tube,138.4,37.47,373.38,11.3197,32.98,0.8213,459.54,661.736,391.6,4.861,0.361,7.02,urban,dry,31.25
533,27.616237557410088,85.35678459851528,Kathmandu,shallow_tube,24.53,9.77,502.65,15.4927,32.44,3.9251,86.92,125.164,292.7,3.629,0.01,6.6,peri-urban,wet,9.71
534,27.680546473973394,85.28585764700487,Kathmandu,shallow_tube,50.65,18.16,208.53,7.0519,29.57,1.3297,44.76,64.448,282.9,4.886,0.918,7.81,urban,dry,16.82
535,27.776673659606182,85.24009846875154,Kathmandu,shallow_tube,41.61,8.55,159.85,4.808,33.25,0.8001,67.34,96.967,256.1,4.299,0.784,8.12,agriculture,wet,9.91
536,27.79428036972173,85.22092024706193,Bhaktapur,dug,8.12,6.21,351.01,9.5211,36.87,3.0405,5.56,8.006,348.9,2.013,0.066,7.24,urban,wet,30.69
537,27.790635507652627,85.24507253265391,Lalitpur,deep_tube,207.5,50.67,383.87,36.5486,10.5,3.3737,50.0,72.0,290.8,3.986,0.522,6.73,agriculture,dry,44.91
538,27.75087519110498,85.26901878401736,Kathmandu,dug,7.88,5.39,369.72,10.3877,35.59,3.1383,4.11,5.925,303.0,3.334,1.185,6.74,agriculture,dry,38.07
539,27.608911326323533,85.39611038551769,Lalitpur,shallow_tube,35.65,22.76,408.21,14.4889,28.17,1.2434,75.25,108.359,200.5,6.117,1.121,6.69,urban,dry,13.03
540,27.606678640973172,85.29642917819025,Bhaktapur,dug,5.66,4.72,109.97,6.3445,17.33,0.2773,1.0,1.44,355.5,6.71,0.75,7.97,urban,wet,42.19
541,27.69633996760247,85.30016446210949,Bhaktapur,deep_tube,249.85,15.28,152.77,6.6037,23.13,0.3257,225.79,325.137,779.9,8.097,0.97,7.59,urban,dry,17.25
542,27.79972228540749,85.35741030855812,Lalitpur,shallow_tube,54.52,0.5,206.78,13.355,15.48,1.9115,87.56,126.084,159.7,4.978,0.434,6.85,urban,wet,0.0
543,27.745853281167328,85.28221132205225,Lalitpur,shallow_tube,62.03,8.19,100.72,3.8902,25.89,0.9486,49.46,71.222,205.9,4.587,0.445,7.86,urban,wet,0.0
544,27.77125353070482,85.2293655181991,Lalitpur,shallow_tube,33.47,0.5,640.35,33.6794,19.01,1.901,49.19,70.837,784.8,3.651,1.262,6.73,urban,dry,14.13
545,27.661354550270566,85.31880686675044,Kathmandu,shallow_tube,62.43,13.14,103.62,4.1933,24.71,0.4621,53.48,77.017,218.5,0.735,0.891,7.3,agriculture,wet,0.0
546,27.76204116990067,85.40978040077654,Bhaktapur,shallow_tube,29.91,17.31,73.76,2.1998,33.53,0.2992,38.7,55.723,310.4,7.414,0.182,6.61,urban,dry,22.89
547,27.71232323195829,85.37871399355011,Lalitpur,shallow_tube,15.15,21.88,277.6,18.3516,15.13,1.6141,38.61,55.596,219.9,5.933,0.045,6.98,urban,wet,17.37
548,27.64810701730319,85.32888674851878,Kathmandu,dug,4.41,7.88,1702.69,41.994,40.55,14.5466,2.08,3.002,186.7,4.087,0.685,7.22,green,wet,31.68
549,27.706640132873808,85.22501616789164,Kathmandu,shallow_tube,40.47,5.6,715.75,14.6645,48.81,3.0802,65.23,93.932,1011.2,3.615,0.865,7.35,urban,wet,18.38
550,27.602966032486343,85.40227580420576,Bhaktapur,shallow_tube,40.68,6.91,340.08,17.0586,19.94,2.379,37.08,53.391,891.4,1.954,1.099,6.92,peri-urban,wet,13.95
551,27.600031548915613,85.37955949874532,Kathmandu,dug,7.06,0.2,345.58,32.6716,10.58,2.0713,1.22,1.761,218.8,3.898,0.892,8.04,urban,dry,22.73
552,27.751266357296032,85.3949905505972,Kathmandu,shallow_tube,20.7,12.28,195.62,4.6536,42.04,0.7526,78.61,113.198,315.9,3.77,0.459,7.51,urban,wet,21.0
553,27.6154971594901,85.24065707407894,Kathmandu,dug,5.22,16.24,290.91,26.9308,10.8,1.1395,3.48,5.013,726.9,10.565,0.783,7.64,urban,dry,48.75
554,27.769269755973287,85.36961588726929,Bhaktapur,shallow_tube,33.03,18.53,1859.23,41.7813,44.5,5.2063,84.51,121.695,243.1,4.443,0.158,7.26,urban,dry,12.58
555,27.689508447093257,85.42925542797015,Kathmandu,shallow_tube,25.42,11.83,529.38,41.0843,12.89,4.3397,65.16,93.824,362.0,2.894,0.745,7.28,urban,dry,19.96
556,27.78559381235741,85.30718785208533,Bhaktapur,shallow_tube,51.29,7.34,97.43,11.7806,8.27,0.8471,107.35,154.577,131.1,1.92,0.778,6.36,agriculture,wet,16.29
557,27.661853775758438,85.32559963196088,Kathmandu,shallow_tube,55.66,17.68,202.77,6.7421,30.07,0.7411,5.0,7.2,870.1,4.58,0.478,7.09,peri-urban,dry,42.66
558,27.79664828729448,85.40211507236928,Kathmandu,shallow_tube,57.65,0.5,1342.66,32.3635,41.49,7.3801,57.02,82.113,216.3,5.137,1.28,7.14,green,wet,4.97
559,27.666278827788528,85.44431039125011,Bhaktapur,shallow_tube,8.0,4.54,472.96,10.6547,44.39,1.6624,33.29,47.935,410.2,4.979,1.124,7.63,peri-urban,dry,0.0
560,27.713237196863474,85.35303745540335,Kathmandu,shallow_tube,31.53,2.64,446.47,34.4114,12.97,4.0112,82.37,118.613,837.9,9.232,1.031,6.89,urban,wet,2.05
561,27.637190689078206,85.22776311109453,Lalitpur,shallow_tube,39.23,4.82,587.11,28.356,20.7,3.3059,64.43,92.78,417.7,10.345,0.794,8.34,urban,wet,2.45
562,27.654506233808043,85.26854346437787,Kathmandu,dug,8.44,2.72,329.25,9.3649,35.16,1.1199,11.47,16.515,318.3,5.067,0.01,7.67,urban,wet,22.37
563,27.658892819768234,85.20341497085883,Kathmandu,shallow_tube,34.41,0.5,382.28,18.6734,20.47,2.6424,66.31,95.483,566.8,5.444,0.08,7.12,urban,wet,6.83
564,27.721105854978255,85.32119451502261,Kathmandu,shallow_tube,41.87,25.18,213.18,5.82,36.63,1.4736,5.0,7.2,519.1,2.435,0.94,6.97,urban,dry,50.31
565,27.658567124492052,85.36987700568415,Kathmandu,shallow_tube,45.44,5.34,739.39,47.8051,15.47,5.1277,60.36,86.92,401.1,0.705,1.49,8.2,green,dry,6.35
566,27.620314908847078,85.28208801845268,Kathmandu,dug,5.86,0.2,254.02,29.1781,8.71,1.6263,7.2,10.374,166.4,3.567,0.508,7.05,green,wet,15.57
567,27.79840769475572,85.22570820401604,Kathmandu,deep_tube,140.3,15.18,551.74,13.819,39.93,3.4653,547.09,787.815,875.2,9.054,1.64,7.17,urban,wet,23.06
568,27.752678135688274,85.22494075100954,Lalitpur,shallow_tube,38.3,3.2,899.04,39.8091,22.58,7.1262,116.03,167.083,718.4,5.774,0.687,7.69,urban,wet,6.12
569,27.752802525133145,85.27311136524935,Kathmandu,dug,2.23,0.2,248.88,5.5178,45.11,1.4755,2.51,3.609,452.1,7.083,0.871,7.08,urban,wet,29.79
570,27.701023343694136,85.43967266347794,Kathmandu,shallow_tube,63.37,27.75,107.22,7.2943,14.7,0.5744,47.39,68.248,523.5,2.388,0.184,7.5,green,dry,24.72
571,27.756740597752195,85.22815178725983,Bhaktapur,dug,6.21,4.76,411.95,42.2473,9.75,1.4446,9.38,13.512,400.6,5.108,1.104,7.88,urban,wet,18.8
572,27.631183701932567,85.39748706744176,Kathmandu,dug,7.85,11.86,49.86,3.4336,14.52,0.4233,3.43,4.933,510.0,4.959,1.066,7.27,urban,dry,35.17
573,27.630530596000124,85.40764583127861,Kathmandu,shallow_tube,15.35,2.43,402.03,51.0409,7.88,3.1026,87.32,125.745,415.5,7.059,1.745,7.53,urban,dry,0.69
574,27.69026720654786,85.43962906875065,Kathmandu,shallow_tube,42.59,9.65,786.91,24.5866,32.01,2.5575,5.0,7.2,452.1,0.01,0.991,7.07,peri-urban,wet,35.3
575,27.794408418835324,85.23569621253489,Kathmandu,dug,8.85,11.18,420.57,35.7316,11.77,2.4089,7.8,11.234,541.0,3.741,0.89,7.28,urban,dry,38.42
576,27.65041973191246,85.43872242750231,Kathmandu,shallow_tube,31.55,5.68,362.14,23.4569,15.44,1.0752,50.14,72.202,350.5,0.366,1.08,7.35,green,wet,8.76
577,27.60308303321531,85.40421512013526,Kathmandu,dug,5.65,0.2,184.5,4.6947,39.3,1.8304,2.83,4.08,721.5,7.271,0.477,7.71,urban,dry,37.71
578,27.65846666225668,85.28257775134921,Lalitpur,shallow_tube,31.79,1.49,472.26,59.6677,7.91,3.7358,30.67,44.169,182.5,8.783,0.39,6.77,urban,dry,0.0
579,27.614834526056985,85.44804292861211,Lalitpur,shallow_tube,49.08,7.83,1156.47,23.5,49.21,8.4691,33.86,48.759,655.0,2.088,0.225,7.04,green,wet,22.46
580,27.69361681203753,85.44658894887644,Kathmandu,shallow_tube,23.36,31.68,309.21,61.1791,5.05,2.1424,29.47,42.441,293.2,1.79,0.497,7.33,peri-urban,dry,27.69
581,27.73235303094548,85.38028396339976,Kathmandu,dug,5.73,1.29,143.23,15.0132,9.54,0.9803,8.29,11.94,915.9,1.482,0.598,7.75,agriculture,wet,33.5
582,27.706200625948593,85.37074110467218,Lalitpur,deep_tube,234.2,33.55,389.44,17.4183,22.36,3.2062,334.53,481.723,423.6,3.081,0.658,6.34,urban,dry,32.37
583,27.606981171814624,85.33541037695827,Kathmandu,dug,7.38,11.45,163.44,4.1453,39.43,1.5663,6.88,9.914,495.6,0.106,0.01,6.92,peri-urban,dry,44.06
584,27.710443013610927,85.33941531190561,Kathmandu,shallow_tube,8.0,9.81,118.21,2.6097,45.3,1.0556,37.26,53.655,553.3,6.167,0.228,6.88,urban,wet,15.18
585,27.62707571920222,85.23891903138549,Lalitpur,shallow_tube,30.51,6.8,242.92,7.8665,30.88,1.9204,30.53,43.97,397.6,6.347,0.747,7.62,urban,dry,12.99
586,27.682379495672425,85.38660480821103,Kathmandu,shallow_tube,24.81,0.5,123.55,2.6703,46.27,0.6371,27.27,39.273,240.7,5.108,0.304,7.92,urban,dry,2.49
587,27.653245657263493,85.350822877653,Lalitpur,shallow_tube,10.02,1.83,822.8,85.3897,9.64,2.1183,56.95,82.009,240.1,8.968,0.374,6.78,urban,wet,6.8
588,27.74576443601855,85.38694415956803,Kathmandu,dug,7.65,5.47,128.99,5.3247,24.22,0.8684,5.33,7.679,1133.9,3.148,1.204,7.32,peri-urban,wet,37.73
589,27.787181117063962,85.23424128095233,Kathmandu,shallow_tube,52.35,24.1,349.37,8.547,40.88,1.976,13.0,18.718,302.7,4.099,1.429,7.63,urban,dry,42.85
590,27.611686198170915,85.34006751889925,Kathmandu,deep_tube,166.54,20.07,443.26,14.4682,30.64,1.9718,165.14,237.809,207.3,1.191,0.352,6.42,peri-urban,wet,12.38
591,27.717728733943215,85.43079400711409,Lalitpur,shallow_tube,34.22,40.78,443.26,48.6623,9.11,3.5461,32.36,46.604,204.7,2.491,0.553,7.69,urban,dry,43.13
592,27.674663081273188,85.41864411917955,Kathmandu,shallow_tube,45.38,8.04,512.7,17.3464,29.56,3.5997,43.12,62.094,500.2,4.637,1.254,6.91,urban,dry,0.0
593,27.68387796759368,85.24456870208051,Bhaktapur,shallow_tube,70.08,5.75,177.49,6.0328,29.42,1.4895,5.0,7.2,267.0,8.489,0.399,7.48,urban,wet,25.09
594,27.764759523087008,85.32026278186908,Lalitpur,shallow_tube,29.93,7.2,542.42,27.7243,19.56,3.1734,5.0,7.2,616.9,2.094,0.603,7.26,urban,wet,32.25
595,27.79228626247667,85.3067415498203,Kathmandu,dug,3.72,4.53,234.51,11.2416,20.86,0.7946,1.42,2.045,133.2,6.412,0.717,7.55,urban,wet,26.3
596,27.71432794465403,85.31375275807675,Kathmandu,shallow_tube,42.57,7.57,139.02,9.1898,15.13,0.7349,53.08,76.44,753.6,6.839,0.379,6.45,urban,wet,13.4
597,27.666849274831428,85.43996085668464,Kathmandu,shallow_tube,62.79,16.98,98.65,2.8239,34.93,0.7598,38.14,54.916,678.0,5.811,0.83,7.48,urban,dry,34.56
598,27.641051505947257,85.38878576252904,Lalitpur,shallow_tube,24.76,11.51,113.17,2.362,47.91,0.9358,59.34,85.455,1424.5,3.008,0.693,7.74,urban,dry,28.21
599,27.77745820035547,85.20274147901411,Bhaktapur,shallow_tube,44.09,26.67,513.92,11.4066,45.05,3.3004,5.0,7.2,399.1,2.015,0.376,7.04,peri-urban,dry,49.45
600,27.685277978953888,85.43487022192872,Kathmandu,shallow_tube,53.45,0.5,1049.09,25.1059,41.79,6.5775,99.85,143.79,186.2,1.685,0.74,6.7,peri-urban,wet,0.0
601,27.734684160049376,85.20458716541842,Lalitpur,shallow_tube,44.27,0.5,254.02,7.765,32.71,1.1021,117.43,169.096,271.4,5.538,0.928,6.96,green,dry,4.62
602,27.61215385367925,85.25928701830912,Kathmandu,shallow_tube,20.01,20.52,343.84,52.2371,6.58,1.1509,17.61,25.361,567.6,8.726,0.529,7.19,urban,dry,33.01
603,27.60493121114138,85.42717319157573,Kathmandu,dug,5.48,2.43,430.28,20.022,21.49,1.0093,4.56,6.56,541.7,9.359,0.129,7.7,urban,wet,29.19
604,27.708013143056835,85.30356921189747,Bhaktapur,shallow_tube,48.11,32.9,152.59,8.1501,18.72,0.7447,14.81,21.328,360.3,5.583,1.41,7.74,urban,dry,47.31
605,27.68553858182324,85.360279866263,Bhaktapur,deep_tube,263.26,9.94,311.94,11.0133,28.32,2.9388,212.92,306.598,422.8,6.031,0.956,6.75,urban,dry,6.62
606,27.794787114820885,85.29041133193876,Lalitpur,shallow_tube,52.47,11.32,234.12,17.807,13.15,1.4876,55.55,79.985,539.3,3.483,0.802,7.18,peri-urban,wet,13.97
607,27.633932216251345,85.32099768758314,Lalitpur,dug,3.48,6.12,49.51,3.4827,14.22,0.2184,6.85,9.867,267.0,0.034,1.232,6.94,peri-urban,dry,19.56
608,27.705126205600074,85.22281264232056,Kathmandu,shallow_tube,9.15,16.78,334.96,41.9296,7.99,2.1487,59.81,86.129,189.8,2.911,0.204,7.41,peri-urban,dry,4.61
609,27.68239193597916,85.36344987733341,Bhaktapur,deep_tube,102.21,1.75,180.36,3.7975,47.49,1.242,736.21,1060.149,643.1,1.696,0.331,7.26,urban,dry,1.76
610,27.718621191022432,85.33587236442716,Kathmandu,shallow_tube,38.06,13.96,505.2,17.4535,28.95,2.7654,93.59,134.763,322.4,6.141,0.974,7.06,urban,dry,0.15
611,27.61864278517854,85.21148250805727,Kathmandu,dug,8.4,8.46,250.53,8.188,30.6,1.6208,1.0,1.44,428.3,5.561,0.547,7.21,urban,dry,45.7
612,27.78329366973321,85.35702086914286,Lalitpur,dug,6.85,14.15,190.95,9.9938,19.11,1.3978,3.73,5.375,741.1,3.574,0.989,8.01,urban,dry,39.9
613,27.621886080967197,85.26761727640412,Kathmandu,shallow_tube,47.3,19.61,701.64,19.8536,35.34,3.2897,61.8,88.998,193.9,3.718,1.341,6.72,urban,dry,9.79
614,27.653149275237332,85.22370760971103,Kathmandu,dug,7.17,5.75,704.97,22.6289,31.15,6.8167,3.51,5.053,225.8,6.595,0.97,8.15,urban,dry,30.04
615,27.68426796332221,85.41350388261387,Lalitpur,dug,3.32,11.07,154.78,9.9551,15.55,0.969,5.38,7.749,220.2,6.21,0.342,6.77,urban,dry,38.01
616,27.618569017306125,85.32920014867265,Kathmandu,shallow_tube,45.73,16.59,320.86,6.8361,46.94,1.9578,34.33,49.44,129.3,3.07,1.544,7.15,urban,wet,5.62
617,27.777517798143773,85.34159768015778,Lalitpur,shallow_tube,16.6,20.68,166.73,9.1009,18.32,0.7685,54.13,77.947,122.7,4.311,0.406,6.98,agriculture,wet,19.1
618,27.678550036707744,85.28913905592209,Lalitpur,dug,8.19,3.43,36.77,2.6472,13.89,0.2003,7.82,11.254,401.0,6.042,0.965,7.01,urban,dry,24.19
619,27.651482246039343,85.2953602705264,Kathmandu,shallow_tube,55.14,0.74,427.3,16.1601,26.44,3.7696,18.77,27.025,1507.6,5.538,0.905,6.96,urban,dry,33.83
620,27.68919305408088,85.27715192040887,Lalitpur,dug,3.77,10.46,157.18,3.4926,45.0,0.3835,5.58,8.039,184.6,3.235,0.01,7.84,urban,dry,20.78
621,27.776562359773475,85.2460325057703,Lalitpur,dug,4.39,4.86,470.54,10.0102,47.01,1.7697,6.5,9.358,680.0,4.223,1.098,6.77,agriculture,wet,21.78
622,27.621581143444597,85.43376915399512,Kathmandu,shallow_tube,46.93,15.16,427.61,17.3809,24.6,2.1489,63.31,91.17,450.9,2.56,0.538,7.84,peri-urban,dry,3.34
623,27.766287123858543,85.24709869185013,Lalitpur,shallow_tube,57.97,10.93,110.53,2.8428,38.88,0.8027,86.65,124.777,1777.7,1.502,0.01,7.36,peri-urban,dry,26.91
624,27.650108884854266,85.28346051608585,Kathmandu,dug,6.55,5.81,599.42,111.7378,5.36,4.1562,5.38,7.742,358.7,4.945,0.794,7.02,green,dry,17.52
625,27.771219066447276,85.24185573693657,Kathmandu,shallow_tube,27.24,16.12,150.73,4.0846,36.9,0.574,10.28,14.808,527.9,6.436,0.713,7.13,urban,wet,50.52
626,27.78914759188046,85.38689365901352,Lalitpur,dug,2.77,12.67,131.06,5.5745,23.51,0.5173,8.31,11.964,445.0,2.577,0.01,6.37,peri-urban,wet,23.02
627,27.660551074123592,85.31516593617768,Kathmandu,shallow_tube,47.32,22.05,277.01,37.5852,7.37,2.5245,77.39,111.44,209.6,4.736,0.694,7.46,urban,dry,2.83
628,27.76225777078921,85.25411077085292,Lalitpur,shallow_tube,48.82,6.09,306.82,14.5834,21.04,2.089,5.0,7.2,844.7,7.375,0.023,7.16,urban,dry,36.21
629,27.605956157464185,85.43338107817917,Kathmandu,shallow_tube,29.59,25.57,319.88,26.8388,11.92,0.9807,75.56,108.804,261.5,3.669,0.327,6.05,urban,dry,12.27
630,27.71100181729497,85.26086350299295,Kathmandu,deep_tube,118.91,13.84,298.19,25.5779,11.66,1.4985,50.0,72.0,619.1,5.751,0.687,7.18,urban,dry,10.42
631,27.749344320336814,85.22746493926319,Kathmandu,dug,5.96,6.18,807.07,31.7406,25.43,4.248,3.26,4.691,399.2,3.882,1.181,7.43,agriculture,dry,35.27
632,27.689937934673868,85.35321384039133,Lalitpur,shallow_tube,72.72,14.43,1241.77,33.2345,37.36,8.8692,129.76,186.862,455.5,10.937,1.269,6.58,urban,dry,4.1
633,27.64035991626844,85.21763357380934,Lalitpur,dug,9.16,14.35,760.55,42.6777,17.82,6.9729,4.53,6.53,442.1,7.459,0.477,6.17,urban,dry,43.76
634,27.77774321892255,85.31328408286963,Kathmandu,deep_tube,161.85,24.94,475.84,15.4517,30.8,4.6969,725.69,1044.989,269.1,3.614,0.215,7.15,urban,dry,19.07
635,27.64529293833548,85.23228410101659,Bhaktapur,shallow_tube,39.94,32.42,126.2,7.8329,16.11,1.2389,34.38,49.509,889.0,2.983,0.725,7.34,urban,dry,34.42
636,27.757411330798075,85.27857871968118,Kathmandu,shallow_tube,27.87,20.84,175.69,8.6505,20.31,0.7985,16.83,24.231,570.4,1.463,0.757,7.01,agriculture,dry,38.95
637,27.616173949166424,85.36420557662855,Lalitpur,dug,8.32,14.2,211.86,13.0776,16.2,0.8213,5.96,8.583,181.7,4.372,0.806,7.19,urban,dry,29.95
638,27.611167644175296,85.44443087796816,Lalitpur,shallow_tube,42.67,3.96,91.47,2.1967,41.64,0.7451,60.73,87.452,454.9,7.291,0.01,6.71,green,wet,1.53
639,27.644505956499778,85.3772809602038,Kathmandu,shallow_tube,23.92,26.61,536.92,12.0814,44.44,4.7341,53.31,76.773,531.4,4.14,0.603,7.06,agriculture,dry,20.51
640,27.654292132604198,85.27291469262524,Kathmandu,deep_tube,169.84,4.32,64.66,1.8811,34.37,0.1921,209.94,302.317,263.3,5.295,0.01,6.8,green,dry,3.83
641,27.606948429184467,85.31718338170536,Kathmandu,dug,9.25,0.2,936.59,24.5265,38.19,2.8333,1.0,1.44,424.4,6.601,0.61,6.62,urban,wet,31.56
642,27.6279543322187,85.34585385881503,Bhaktapur,dug,7.37,6.68,780.36,33.3886,23.37,3.494,1.85,2.663,207.1,3.377,1.162,6.88,agriculture,dry,36.02
643,27.723608562416352,85.31501655973949,Lalitpur,shallow_tube,52.66,18.23,152.2,7.3997,20.57,1.1229,49.18,70.823,587.3,2.772,0.732,7.32,urban,dry,23.92
644,27.602688808796685,85.25115636813976,Lalitpur,shallow_tube,32.54,17.46,467.62,14.6805,31.85,1.3944,80.1,115.343,281.1,2.087,1.146,7.55,peri-urban,wet,11.96
645,27.60725046350296,85.41403255508827,Kathmandu,deep_tube,164.32,9.16,255.43,6.1982,41.21,2.0158,365.93,526.938,638.2,3.791,0.176,7.36,urban,wet,20.49
646,27.671617060378676,85.42355701068506,Kathmandu,deep_tube,79.31,15.34,1161.47,26.5337,43.77,3.7235,228.97,329.718,341.0,3.24,0.664,7.75,urban,wet,0.0
647,27.779738610760432,85.4494240546653,Lalitpur,deep_tube,122.58,22.28,973.55,56.2672,17.3,6.4441,667.1,960.624,695.7,0.01,0.737,7.98,green,dry,24.7
648,27.77913384252758,85.39742800230265,Kathmandu,shallow_tube,36.52,4.73,123.63,2.5652,48.2,0.6222,56.56,81.442,256.2,9.909,0.468,5.94,urban,wet,3.81
649,27.750077785418142,85.218293774692,Kathmandu,shallow_tube,62.07,11.21,66.59,2.4189,27.53,0.6561,83.06,119.604,255.8,4.481,0.471,6.61,urban,wet,4.69
650,27.717102808496218,85.28702388687697,Lalitpur,dug,8.54,4.07,75.95,1.9192,39.58,0.3274,6.98,10.045,89.3,3.912,0.686,6.61,urban,wet,26.47
651,27.734529747886477,85.34717293009085,Kathmandu,deep_tube,229.4,23.54,482.99,18.3532,26.32,3.885,765.63,1102.512,276.8,2.45,0.723,7.81,urban,dry,27.4
652,27.6241476705418,85.28149476094221,Kathmandu,dug,4.8,4.86,715.72,121.4204,5.89,4.5304,4.65,6.697,536.5,11.347,1.353,7.36,urban,dry,33.49
653,27.74702316496808,85.27260273053557,Kathmandu,shallow_tube,48.18,0.5,854.2,63.6943,13.41,5.4125,11.63,16.741,196.8,7.216,0.616,7.89,urban,dry,0.0
654,27.745847101893673,85.37263816009991,Kathmandu,shallow_tube,17.16,0.5,816.72,42.5651,19.19,2.0291,76.22,109.76,1181.9,7.629,1.418,7.91,urban,dry,23.94
655,27.657791563828145,85.23518584084779,Kathmandu,shallow_tube,36.36,26.65,474.85,10.6407,44.63,3.255,35.53,51.165,445.3,4.376,0.536,6.97,urban,dry,23.15
656,27.754834300004585,85.20760557859832,Lalitpur,deep_tube,199.52,1.0,240.93,12.5595,19.18,2.1688,676.76,974.535,124.0,7.364,0.607,6.87,urban,dry,0.0
657,27.697866166324847,85.40333583226128,Kathmandu,dug,6.9,1.46,2000.0,44.4695,44.97,16.2672,6.49,9.348,538.4,7.361,0.749,7.06,peri-urban,wet,26.97
658,27.62382001152187,85.22011080005234,Kathmandu,dug,9.8,5.27,24.86,0.8728,28.48,0.157,4.22,6.072,402.3,6.004,0.865,7.15,urban,wet,29.89
659,27.701955368940702,85.24386374254924,Lalitpur,deep_tube,137.05,21.92,1192.19,23.9396,49.8,3.3119,377.09,543.011,803.7,2.322,0.681,7.82,peri-urban,wet,23.13
660,27.69468422612669,85.40732166938263,Lalitpur,dug,5.39,11.5,231.29,10.953,21.12,0.8196,3.32,4.778,291.0,7.887,1.17,7.91,urban,dry,40.72
661,27.733521445945403,85.31236479829593,Lalitpur,dug,6.75,12.64,602.98,14.4901,41.61,1.2276,10.67,15.362,402.7,2.507,0.755,8.27,urban,dry,26.61
662,27.62917382539078,85.24630583270773,Kathmandu,dug,4.95,1.36,222.77,5.9616,37.37,0.671,5.16,7.429,355.3,2.085,0.13,7.05,urban,wet,18.05
663,27.661333726062626,85.44039474275974,Kathmandu,deep_tube,106.63,1.0,231.95,4.8802,47.53,2.295,50.0,72.0,331.4,5.213,0.194,7.12,urban,dry,0.0
664,27.796651522192313,85.2822082617203,Bhaktapur,deep_tube,204.41,31.59,294.44,7.4293,39.63,2.855,545.03,784.838,481.5,2.214,1.271,7.43,peri-urban,dry,31.23
665,27.66091598941745,85.20890744884754,Bhaktapur,shallow_tube,28.05,6.23,437.25,12.8493,34.03,2.1548,52.89,76.155,1604.1,2.729,0.438,7.27,urban,wet,36.43
666,27.605807756531956,85.21012517162048,Lalitpur,deep_tube,256.15,1.0,487.08,14.947,32.59,3.4224,657.05,946.151,939.1,5.388,0.827,7.86,green,wet,9.45
667,27.7413822030198,85.21003484704136,Kathmandu,dug,5.55,9.11,154.89,7.6246,20.31,0.7095,1.67,2.406,347.1,0.336,0.01,7.2,peri-urban,wet,41.76
668,27.708850781870172,85.43912453119428,Bhaktapur,dug,6.96,7.65,191.51,18.8785,10.14,1.5173,2.8,4.028,639.5,6.626,0.507,7.35,urban,dry,36.37
669,27.79867217101095,85.22166964028771,Bhaktapur,shallow_tube,52.89,6.21,161.07,18.6785,8.62,1.046,48.47,69.803,352.5,6.359,0.576,6.88,urban,wet,0.35
670,27.77400959932128,85.38656651533306,Kathmandu,dug,4.46,8.28,158.64,6.2692,25.3,1.2673,3.45,4.973,406.4,7.175,0.953,7.5,urban,wet,34.44
671,27.751433325082505,85.22585879166219,Kathmandu,shallow_tube,39.7,1.9,498.24,12.3471,40.35,4.7509,39.25,56.524,492.8,6.134,0.01,7.86,urban,dry,0.0
672,27.796489471409416,85.21499481804788,Kathmandu,shallow_tube,45.1,3.4,630.67,31.8395,19.81,4.2794,26.74,38.501,239.4,8.619,0.01,6.54,urban,dry,10.33
673,27.62528524543101,85.39020188535777,Bhaktapur,shallow_tube,39.4,0.5,332.22,8.867,37.47,0.8291,101.48,146.128,371.2,5.891,0.783,7.23,urban,dry,7.37
674,27.770471092077496,85.28552375143985,Kathmandu,deep_tube,81.34,22.74,293.75,11.3795,25.81,1.572,180.53,259.966,825.5,2.526,0.137,7.32,green,dry,23.1
675,27.798950737612394,85.40478465943791,Kathmandu,shallow_tube,34.7,14.26,437.93,10.9346,40.05,3.0868,124.51,179.301,431.1,7.046,1.008,7.7,urban,dry,13.93
676,27.650402946735813,85.29528691334026,Lalitpur,shallow_tube,35.35,22.62,731.85,25.9287,28.23,3.412,85.7,123.401,185.8,3.984,0.831,7.62,urban,dry,24.78
677,27.63690701014733,85.26830087651255,Kathmandu,shallow_tube,47.61,22.66,1029.33,25.4693,40.41,4.8112,61.02,87.863,692.1,0.01,0.8,6.12,peri-urban,wet,28.99
678,27.73949980720742,85.31894844793369,Lalitpur,shallow_tube,24.26,13.18,474.12,23.8736,19.86,2.9799,54.73,78.816,204.8,7.68,0.936,7.73,urban,wet,9.37
679,27.621712628940564,85.39793322324992,Kathmandu,dug,7.14,5.02,791.97,131.9664,6.0,6.1248,5.61,8.085,339.0,9.572,0.391,7.75,urban,dry,22.37
680,27.63815845309517,85.40179494255062,Lalitpur,dug,4.51,7.16,105.45,2.1194,49.75,0.221,12.0,17.279,870.5,6.631,0.78,6.33,agriculture,dry,26.56
681,27.611205826649783,85.30216442055246,Kathmandu,shallow_tube,44.99,0.5,113.73,3.4878,32.61,0.3145,5.0,7.2,255.2,4.459,1.056,7.44,agriculture,dry,12.45
682,27.70828689532197,85.20461647622331,Kathmandu,deep_tube,129.03,26.58,426.65,17.6051,24.23,1.2403,50.0,72.0,101.5,4.289,0.392,6.01,urban,wet,28.57
683,27.754378429265053,85.32916360018216,Lalitpur,shallow_tube,40.89,5.49,239.17,5.1236,46.68,1.1541,64.69,93.151,392.5,5.203,1.063,7.45,urban,wet,11.19
684,27.653029800443402,85.20422333876789,Kathmandu,deep_tube,162.48,42.73,642.53,21.9919,29.22,1.7339,371.48,534.927,639.5,5.858,1.101,6.95,urban,dry,40.7
685,27.637336785182864,85.30159996321363,Lalitpur,deep_tube,44.44,17.06,65.94,2.3929,27.56,0.258,50.0,72.0,1414.5,0.01,0.718,6.65,urban,wet,27.32
686,27.67868963064473,85.23296299741085,Kathmandu,shallow_tube,57.74,23.51,323.74,13.3519,24.25,2.4645,5.0,7.2,157.4,1.245,0.227,6.89,peri-urban,dry,33.12
687,27.646074964473208,85.34485140777167,Lalitpur,shallow_tube,15.08,19.59,641.76,46.4162,13.83,3.6879,50.51,72.731,791.4,3.711,0.781,7.49,peri-urban,wet,14.8
688,27.624646933601962,85.37255269417487,Lalitpur,dug,4.31,18.15,220.28,9.2945,23.7,1.1179,7.56,10.884,624.1,1.25,0.835,6.68,peri-urban,dry,55.98
689,27.683967756471016,85.4224284300311,Kathmandu,dug,5.32,20.78,151.97,12.4505,12.21,0.3133,1.79,2.58,349.1,6.299,0.859,6.94,urban,dry,44.64
690,27.613863252274264,85.26439193141238,Kathmandu,shallow_tube,16.45,28.79,912.03,23.9237,38.12,5.5669,66.55,95.832,462.6,3.508,1.918,7.29,agriculture,dry,24.87
691,27.691583833439925,85.23189780982185,Kathmandu,dug,11.79,10.3,456.76,21.2358,21.51,3.6937,1.0,1.44,383.5,6.645,0.492,7.16,urban,dry,34.78
692,27.690418704478077,85.27515798214542,Kathmandu,dug,4.69,16.27,404.33,9.4889,42.61,2.7763,5.21,7.504,92.1,3.984,0.42,6.27,peri-urban,dry,28.61
693,27.682264539364656,85.35071118669659,Bhaktapur,shallow_tube,32.31,14.74,2000.0,140.4936,14.24,15.1253,15.0,21.595,676.5,6.437,1.427,7.56,urban,dry,38.4
694,27.770955669259116,85.43480462371943,Kathmandu,dug,8.86,1.66,628.61,22.8709,27.49,5.0125,2.55,3.666,430.6,6.554,0.331,7.75,urban,wet,27.94
695,27.76975049333377,85.32787988936572,Lalitpur,dug,3.77,8.2,272.0,28.6406,9.5,2.4615,8.1,11.662,182.3,9.84,0.105,7.82,urban,wet,25.26
696,27.676774990686855,85.3179607437094,Bhaktapur,shallow_tube,34.12,18.68,666.23,21.342,31.22,2.0963,5.0,7.2,253.0,3.467,0.848,7.16,urban,dry,44.08
697,27.7487724289772,85.23500980781608,Lalitpur,dug,5.36,8.56,227.92,23.9898,9.5,1.7175,5.25,7.56,327.5,3.486,0.091,7.22,urban,dry,34.13
698,27.608644630283557,85.28562499825203,Kathmandu,shallow_tube,34.6,34.49,193.02,20.3041,9.51,1.6329,60.75,87.484,215.9,5.962,0.122,7.98,urban,dry,16.91
699,27.698253525698,85.27587105213789,Kathmandu,shallow_tube,39.51,11.07,91.88,2.0893,43.98,0.8327,44.6,64.225,260.1,7.229,0.384,7.49,urban,dry,6.26
700,27.734116010165387,85.42359746342463,Kathmandu,shallow_tube,32.55,12.67,443.71,25.6485,17.3,3.1605,95.79,137.933,376.4,2.087,0.749,6.73,urban,dry,5.85
701,27.763863752469394,85.37766681148571,Bhaktapur,shallow_tube,65.49,6.27,611.18,12.9414,47.23,1.778,81.49,117.347,527.0,2.03,0.069,6.64,green,wet,14.45
702,27.720094572650055,85.2643946956245,Kathmandu,shallow_tube,8.0,27.56,192.85,27.0453,7.13,0.6881,105.39,151.769,507.5,4.618,0.435,7.21,urban,dry,23.94
703,27.66535120944861,85.27238568694843,Kathmandu,dug,6.16,17.47,1520.08,54.3111,27.99,5.6439,6.14,8.847,410.0,2.418,0.427,7.78,urban,dry,35.9
704,27.78257173799288,85.25055377186474,Kathmandu,shallow_tube,8.0,17.52,228.82,5.6083,40.8,1.8555,53.09,76.456,682.0,2.063,0.344,7.76,agriculture,dry,21.69
705,27.619521999645944,85.26011139091898,Kathmandu,deep_tube,211.76,10.08,103.62,2.2389,46.28,0.5916,364.76,525.249,226.7,0.229,1.409,7.21,urban,wet,8.25
706,27.694726151096923,85.43865434287602,Kathmandu,dug,4.78,6.23,322.13,8.2379,39.1,2.2966,6.49,9.35,291.2,3.449,0.829,6.64,peri-urban,wet,38.96
707,27.727328207071746,85.27448935723959,Kathmandu,shallow_tube,38.14,10.19,936.64,24.1066,38.85,4.6845,5.0,7.2,317.5,2.49,0.653,7.15,peri-urban,dry,36.33
708,27.7072860793579,85.38552314813957,Lalitpur,deep_tube,211.05,3.99,883.8,21.9021,40.35,8.1336,598.32,861.579,186.6,5.265,0.802,6.9,urban,wet,3.75
709,27.72072038404425,85.43280618979473,Bhaktapur,dug,6.69,7.74,147.67,4.7066,31.37,1.22,4.27,6.156,492.7,6.302,0.797,6.85,urban,dry,32.83
710,27.78745240895557,85.34656696079831,Lalitpur,shallow_tube,36.6,0.5,1219.56,70.6172,17.27,2.4721,81.62,117.527,546.6,3.746,0.862,8.31,urban,dry,5.06
711,27.783638354645948,85.29533395428058,Lalitpur,shallow_tube,37.49,21.65,816.35,157.5623,5.18,4.2558,68.55,98.71,198.5,1.13,0.675,7.69,peri-urban,dry,17.85
712,27.744064855465282,85.40748947973883,Kathmandu,deep_tube,78.29,38.86,279.31,23.8078,11.73,2.4042,714.55,1028.958,277.8,0.01,0.216,7.27,agriculture,dry,35.64
713,27.73688980969264,85.3557073092403,Kathmandu,deep_tube,200.6,4.99,110.6,2.8611,38.66,0.7139,276.59,398.293,609.1,2.664,0.793,6.1,peri-urban,dry,8.57
714,27.664422519193828,85.37160497349942,Kathmandu,shallow_tube,41.59,14.25,78.1,1.592,49.06,0.5283,33.39,48.083,1113.5,5.215,0.64,6.7,urban,wet,42.01
715,27.66815269786978,85.31695357404524,Kathmandu,shallow_tube,53.76,0.5,394.04,28.6839,13.74,2.2919,70.54,101.579,1267.5,6.727,1.092,7.59,urban,dry,19.75
716,27.72597674073424,85.38520441448303,Lalitpur,dug,7.09,16.12,304.74,7.9948,38.12,1.9418,1.07,1.542,534.0,3.443,1.016,7.37,peri-urban,dry,46.94
717,27.615454345253436,85.28581678926811,Lalitpur,shallow_tube,43.44,4.59,203.11,8.7017,23.34,0.4492,52.08,74.996,431.7,10.476,0.814,6.99,urban,dry,0.0
718,27.63722643087362,85.27300352511018,Lalitpur,deep_tube,133.66,51.46,182.59,7.0573,25.87,1.2549,751.73,1082.485,316.0,6.835,0.476,7.98,urban,dry,53.91
719,27.617495921150187,85.36396223714347,Bhaktapur,dug,6.91,7.88,1976.39,62.0829,31.83,10.5269,4.39,6.317,378.8,3.224,1.268,6.56,peri-urban,dry,35.29
720,27.60446898675326,85.40217884922136,Kathmandu,shallow_tube,56.68,4.84,672.21,45.1943,14.87,5.636,22.18,31.938,239.4,2.129,0.735,7.3,urban,wet,12.92
721,27.77566712117752,85.24896804626978,Kathmandu,shallow_tube,70.85,1.92,199.8,6.7067,29.79,0.5766,12.91,18.587,267.5,10.727,1.261,7.03,urban,wet,4.75
722,27.62590532198007,85.41074310051215,Lalitpur,dug,6.45,7.9,625.58,43.2857,14.45,5.1744,8.39,12.082,802.6,6.438,0.839,7.64,urban,dry,30.1
723,27.661773040202434,85.33657739284483,Lalitpur,deep_tube,35.68,1.0,629.42,24.3535,25.85,2.89,732.4,1054.649,471.6,3.601,0.287,7.02,agriculture,wet,4.76
724,27.71307703201984,85.2240189939096,Lalitpur,shallow_tube,8.0,0.5,141.35,2.9906,47.26,1.1978,30.71,44.229,542.3,6.425,0.921,7.3,urban,wet,5.94
725,27.648962346256827,85.29409265682457,Kathmandu,dug,1.5,4.27,984.37,152.6429,6.45,6.8427,5.44,7.835,285.6,6.426,0.501,6.91,peri-urban,wet,28.98
726,27.71732860248913,85.4287037872978,Kathmandu,deep_tube,197.03,21.45,251.55,19.3861,12.98,1.876,104.36,150.283,415.1,8.159,0.652,7.16,urban,wet,32.21
727,27.65973679676283,85.22981122782981,Kathmandu,dug,5.34,0.66,185.52,6.2389,29.74,0.487,2.92,4.21,867.5,4.026,0.555,7.18,peri-urban,dry,29.63
728,27.74460688617016,85.298311616198,Kathmandu,shallow_tube,41.79,0.5,141.77,6.9891,20.28,0.7691,113.6,163.578,259.7,4.592,1.435,6.93,agriculture,dry,2.37
729,27.61913271728377,85.20947923601841,Kathmandu,deep_tube,92.71,1.0,713.47,41.9535,17.01,2.095,556.32,801.107,136.8,8.08,0.562,6.39,urban,wet,1.58
730,27.67422393824375,85.22417242908443,Kathmandu,deep_tube,163.83,30.28,632.75,27.9494,22.64,4.5352,50.0,72.0,314.3,7.372,0.619,6.5,urban,dry,25.55
731,27.76220322205253,85.2392956179021,Kathmandu,shallow_tube,39.75,0.57,2000.0,81.3896,24.57,5.7916,60.33,86.872,336.4,1.586,0.685,7.96,agriculture,dry,7.26
732,27.67456199784064,85.36991896687266,Lalitpur,deep_tube,171.07,42.26,116.26,3.8454,30.23,0.4725,457.29,658.491,333.5,5.321,0.557,7.65,urban,dry,31.28
733,27.699094312613067,85.43535641795447,Bhaktapur,shallow_tube,37.11,19.98,184.08,4.9105,37.49,1.5073,42.62,61.366,199.7,6.043,0.799,6.82,urban,dry,10.75
734,27.7701812644302,85.31461690253643,Kathmandu,shallow_tube,17.12,17.31,104.93,15.9497,6.58,0.7567,5.0,7.2,1286.5,2.005,0.401,6.73,agriculture,dry,50.9
735,27.750016814989735,85.25111283155813,Lalitpur,shallow_tube,51.28,18.14,300.24,9.5438,31.46,1.2655,115.29,166.012,229.4,0.32,0.337,6.77,agriculture,dry,8.25
736,27.639165009771034,85.23265599171732,Bhaktapur,dug,4.7,2.83,549.2,56.5367,9.71,4.7729,1.0,1.44,280.1,11.893,0.897,6.98,urban,wet,21.92
737,27.602925707841017,85.41983041481627,Kathmandu,deep_tube,82.7,3.72,223.36,36.3203,6.15,1.1728,368.73,530.975,329.3,6.793,0.482,6.66,urban,dry,6.24
738,27.651878321484173,85.33656199190072,Kathmandu,shallow_tube,63.39,6.87,149.19,7.6983,19.38,0.4788,73.61,106.003,610.6,4.506,0.639,7.38,urban,wet,19.73
739,27.653061274024086,85.36688706808359,Kathmandu,shallow_tube,8.0,6.56,591.15,16.1812,36.53,5.2287,100.09,144.124,371.5,7.959,0.27,7.35,urban,wet,12.0
740,27.705097846041866,85.28284827192414,Bhaktapur,shallow_tube,43.28,19.07,274.87,8.9458,30.73,2.6119,50.79,73.132,369.3,2.601,0.724,6.96,peri-urban,wet,17.14
741,27.794906510732474,85.25551629363535,Kathmandu,dug,1.5,10.51,70.42,1.4213,49.55,0.258,5.88,8.461,406.5,4.894,0.566,7.13,peri-urban,dry,26.29
742,27.76180370845334,85.3263338302443,Lalitpur,shallow_tube,48.2,12.45,223.35,9.3837,23.8,1.7874,5.0,7.2,678.5,0.01,1.177,7.88,peri-urban,dry,31.5
743,27.784439944767136,85.23792665387597,Kathmandu,shallow_tube,42.41,19.27,461.1,11.7384,39.28,2.2281,47.77,68.789,356.3,2.244,0.392,6.96,urban,wet,18.95
744,27.640657911087192,85.22322492862354,Kathmandu,shallow_tube,47.35,8.17,337.71,19.9581,16.92,0.8818,5.0,7.2,495.4,7.673,1.111,7.44,urban,wet,33.25
745,27.65626771720913,85.34882988644573,Lalitpur,shallow_tube,8.0,14.59,712.67,101.5952,7.01,4.5164,36.77,52.952,118.5,0.01,0.462,7.11,peri-urban,dry,14.27
746,27.659415391559296,85.25851562314303,Lalitpur,shallow_tube,30.68,4.16,320.1,14.4677,22.13,2.9668,114.19,164.43,318.1,3.556,0.053,7.45,green,dry,5.69
747,27.622480942255592,85.31296466628356,Kathmandu,deep_tube,148.52,35.35,734.77,35.0554,20.96,6.6858,417.36,600.994,510.9,5.967,0.01,7.0,urban,dry,27.64
748,27.650541571941826,85.24946366241942,Kathmandu,shallow_tube,16.76,29.82,934.18,18.8914,49.45,5.1538,32.41,46.673,436.7,0.01,1.57,6.61,peri-urban,dry,34.99
749,27.77122991451919,85.42739223583615,Kathmandu,shallow_tube,46.33,7.42,532.34,15.6313,34.06,3.447,122.68,176.656,485.6,8.729,0.912,6.84,urban,dry,14.02
750,27.795079695521046,85.44879553015623,Kathmandu,deep_tube,210.5,1.0,277.37,14.1004,19.67,1.9871,539.92,777.489,265.9,3.993,0.753,7.3,green,dry,0.0
751,27.609145322952457,85.43633953361413,Kathmandu,deep_tube,91.41,18.32,338.87,7.2182,46.95,1.9039,402.65,579.819,1136.6,0.556,0.38,6.07,peri-urban,wet,37.46
752,27.678022642686788,85.36814179877366,Lalitpur,dug,4.08,0.2,1397.91,34.5966,40.41,13.1233,1.29,1.858,506.2,4.873,0.959,6.64,peri-urban,dry,22.21
753,27.746930899570614,85.43194277460171,Lalitpur,shallow_tube,32.73,10.62,111.46,6.1497,18.12,0.9287,43.55,62.71,911.3,2.011,0.652,6.69,urban,dry,16.21
754,27.762610241428664,85.411201416759,Kathmandu,shallow_tube,44.22,10.76,1501.94,44.9741,33.4,7.6401,97.98,141.096,169.6,3.354,0.566,8.11,urban,dry,0.0
755,27.782905752727373,85.20904619938324,Kathmandu,dug,1.5,5.66,81.02,1.8095,44.77,0.7523,4.43,6.377,476.4,9.587,0.902,7.32,urban,wet,30.55
756,27.66893462820251,85.28748213344285,Kathmandu,shallow_tube,52.41,17.89,412.17,72.0374,5.72,2.6789,50.77,73.116,567.4,2.181,0.386,7.69,green,dry,17.0
757,27.67224454704686,85.26512189476433,Bhaktapur,shallow_tube,39.37,5.79,72.23,9.5637,7.55,0.4843,29.91,43.075,974.8,5.314,0.122,7.52,urban,wet,32.66
758,27.703246619587166,85.4182898218457,Kathmandu,dug,3.65,16.0,112.99,3.4493,32.76,0.382,3.44,4.955,85.2,7.035,0.843,6.46,urban,dry,21.42
759,27.775865299803165,85.42398362407297,Kathmandu,dug,7.89,10.26,711.89,17.7794,40.04,4.6354,6.27,9.031,379.3,0.703,1.181,6.61,peri-urban,dry,35.82
760,27.649019383505728,85.37868055045236,Kathmandu,shallow_tube,49.81,0.5,584.09,15.7033,37.2,4.9341,14.91,21.47,212.2,6.367,1.076,6.43,peri-urban,dry,0.0
761,27.650963524728876,85.2392084249741,Lalitpur,dug,8.23,8.38,611.19,38.0536,16.06,4.5172,6.57,9.467,236.1,3.382,0.355,6.75,urban,dry,30.64
762,27.668494511247168,85.34185981281612,Kathmandu,shallow_tube,33.06,17.56,58.72,1.9958,29.42,0.2924,5.0,7.2,201.4,2.018,0.817,6.39,peri-urban,dry,30.82
763,27.619410826196678,85.30816502692268,Kathmandu,dug,7.3,7.74,1169.11,48.2643,24.22,4.5738,8.68,12.503,140.3,6.827,0.615,8.22,urban,dry,14.7
764,27.69808207222736,85.4181416295895,Kathmandu,shallow_tube,42.92,20.04,179.19,4.2051,42.61,1.1399,132.8,191.229,667.9,6.737,0.747,7.55,urban,dry,29.2
765,27.663264411401897,85.24023887186418,Kathmandu,shallow_tube,19.88,21.1,228.91,7.7395,29.58,1.6508,60.05,86.477,402.1,2.032,0.615,6.67,urban,wet,16.5
766,27.79273743319133,85.43669744418129,Kathmandu,shallow_tube,60.11,9.03,1358.36,29.7681,45.63,12.5887,145.94,210.151,550.1,0.438,0.258,6.97,green,wet,13.58
767,27.796353470239595,85.38274042704028,Bhaktapur,dug,9.84,10.31,485.42,22.221,21.85,4.2665,3.48,5.004,255.4,4.924,0.045,6.8,urban,dry,44.37
768,27.73042279572475,85.21319583762893,Kathmandu,shallow_tube,58.53,23.73,838.61,17.3436,48.35,3.1205,136.69,196.84,774.2,2.166,0.113,7.38,green,dry,12.64
769,27.646425720420623,85.21190309460688,Kathmandu,shallow_tube,31.8,5.39,508.01,12.1929,41.66,2.7356,48.47,69.797,696.6,8.233,0.626,6.85,urban,dry,9.29
770,27.721224877776596,85.32229499038677,Kathmandu,shallow_tube,59.51,18.22,192.24,5.6244,34.18,0.8304,49.06,70.64,829.8,2.873,0.47,7.5,urban,dry,23.58
771,27.774271468246443,85.3278607084794,Kathmandu,dug,4.8,5.11,541.2,44.737,12.1,3.7998,5.87,8.448,549.8,5.448,0.968,7.52,urban,wet,36.6
772,27.684651828553168,85.35453807256489,Kathmandu,dug,7.35,3.3,143.97,7.8374,18.37,0.9527,3.25,4.676,2000.0,4.284,0.34,7.53,peri-urban,wet,61.79
773,27.73664166190952,85.32038834928181,Lalitpur,dug,6.49,0.84,406.29,15.2421,26.66,3.2224,4.76,6.85,115.8,1.893,0.333,6.27,agriculture,wet,13.26
774,27.674842559147812,85.3551592380302,Lalitpur,shallow_tube,76.79,27.25,91.35,2.0921,43.66,0.8528,173.86,250.364,406.9,3.938,1.762,7.24,peri-urban,dry,22.22
775,27.78181450527226,85.25456176369529,Kathmandu,deep_tube,161.35,21.78,900.39,65.7432,13.7,5.2104,769.86,1108.592,946.8,5.351,1.068,7.26,urban,dry,19.1
776,27.760713520280063,85.25386331923892,Kathmandu,dug,6.76,10.62,601.29,15.9735,37.64,3.8445,9.68,13.939,192.7,0.01,0.349,6.62,agriculture,wet,11.73
777,27.614712205795545,85.32461046010876,Kathmandu,shallow_tube,59.41,0.5,489.85,70.8231,6.92,4.778,10.07,14.496,848.3,6.032,0.555,8.13,urban,wet,21.1
778,27.76562170185366,85.3978852515833,Bhaktapur,deep_tube,186.76,12.83,193.54,5.3906,35.9,1.7896,823.43,1185.733,135.0,4.66,0.547,6.94,urban,wet,10.83
779,27.705488209111557,85.2510021591277,Kathmandu,shallow_tube,42.37,7.69,126.93,4.0149,31.61,0.2833,97.37,140.216,466.6,2.382,0.207,7.1,peri-urban,dry,10.04
780,27.771069533736725,85.42656684932246,Bhaktapur,deep_tube,193.85,27.95,784.9,39.7465,19.75,3.9306,454.98,655.178,416.8,1.343,0.01,6.64,peri-urban,wet,16.81
781,27.686281140733957,85.29468786211017,Lalitpur,deep_tube,91.74,8.92,389.39,68.1048,5.72,3.4361,1216.56,1751.85,509.7,1.687,0.493,7.89,urban,wet,11.22
782,27.748756186028974,85.34774998977149,Kathmandu,shallow_tube,40.83,20.75,88.53,3.1034,28.53,0.1825,71.18,102.501,668.6,1.712,0.369,6.81,peri-urban,dry,19.29
783,27.689817591433716,85.28895759466691,Lalitpur,deep_tube,116.38,12.94,349.48,24.99,13.98,0.8127,50.0,72.0,262.4,5.08,0.821,6.93,urban,wet,20.21
784,27.784957181942804,85.24174447055725,Kathmandu,dug,7.02,16.25,97.72,6.0607,16.12,0.3979,5.13,7.386,759.0,1.847,0.469,6.52,peri-urban,dry,43.82
785,27.62403830828911,85.41757594462496,Bhaktapur,dug,6.72,8.51,318.4,6.4953,49.02,1.8371,3.71,5.343,298.7,2.305,0.942,7.59,agriculture,dry,36.53
786,27.73236431959782,85.40681923871799,Lalitpur,shallow_tube,51.75,8.87,170.1,4.6792,36.35,1.6157,68.17,98.169,217.1,6.154,0.861,6.67,urban,dry,0.37
787,27.777992921500182,85.44178029456369,Kathmandu,shallow_tube,26.72,17.01,51.92,1.494,34.75,0.396,60.69,87.4,332.0,1.809,0.996,6.18,peri-urban,dry,7.87
788,27.78656240299405,85.37879118363462,Bhaktapur,shallow_tube,26.32,18.28,185.1,4.8671,38.03,0.7929,38.51,55.457,130.4,6.209,1.035,7.49,urban,dry,21.22
789,27.66497497341986,85.32907914041529,Kathmandu,shallow_tube,39.15,15.36,407.22,14.5751,27.94,2.5188,78.05,112.385,231.3,10.156,1.367,6.64,urban,wet,11.37
790,27.714550651849635,85.22283191109133,Kathmandu,dug,4.28,9.32,394.99,46.56,8.48,1.4985,7.11,10.242,481.7,5.894,1.167,7.0,urban,dry,36.16
791,27.710872808165682,85.35385141935694,Kathmandu,shallow_tube,31.63,11.75,359.5,14.0445,25.6,2.5678,107.6,154.95,494.2,2.301,0.01,7.27,peri-urban,dry,13.07
792,27.660115421610804,85.4153619803511,Bhaktapur,shallow_tube,29.31,4.17,380.9,11.3797,33.47,1.836,54.85,78.98,354.2,5.662,0.804,7.56,peri-urban,dry,13.48
793,27.685393278838202,85.42552932716058,Lalitpur,shallow_tube,36.43,8.02,156.18,5.4357,28.73,0.5245,47.04,67.733,939.8,4.103,0.266,7.49,urban,dry,22.02
794,27.64459549495754,85.35404477040176,Kathmandu,deep_tube,155.02,21.09,656.44,17.9886,36.49,6.3468,998.4,1437.693,826.7,3.798,1.015,6.88,peri-urban,wet,16.67
795,27.62946026914238,85.3264413605837,Kathmandu,deep_tube,228.05,33.64,825.07,22.6888,36.36,3.5935,1137.05,1637.352,632.7,7.862,0.695,6.94,urban,dry,34.21
796,27.68548713391026,85.25959811054726,Kathmandu,dug,2.46,1.69,2000.0,106.7413,18.74,7.5571,3.71,5.344,177.1,4.309,0.456,6.62,green,wet,20.67
797,27.680999407775392,85.22579995297646,Kathmandu,dug,6.64,8.01,96.1,10.2023,9.42,0.5949,1.0,1.44,898.9,2.772,0.883,7.37,peri-urban,wet,39.28
798,27.61606462113791,85.37365557186013,Kathmandu,dug,6.63,15.05,193.11,4.1489,46.55,1.3076,9.1,13.104,482.7,6.118,0.286,7.65,urban,dry,39.07
799,27.754154537642123,85.36586109840974,Kathmandu,shallow_tube,41.04,6.91,74.51,2.3087,32.27,0.1548,74.22,106.87,549.8,2.543,0.119,6.28,green,dry,5.53
800,27.713126690287503,85.39559577330589,Kathmandu,deep_tube,185.92,25.55,171.11,7.6372,22.4,1.5724,205.23,295.532,238.0,4.086,0.01,7.24,urban,wet,24.62
801,27.672491969722913,85.26193404100879,Kathmandu,shallow_tube,31.99,14.68,92.73,4.0979,22.63,0.7741,50.88,73.271,117.3,3.152,0.233,6.15,peri-urban,dry,20.48
802,27.761956805347662,85.2608738147963,Bhaktapur,shallow_tube,54.31,13.28,505.43,20.6302,24.5,3.2241,68.45,98.567,293.6,6.719,0.01,7.22,urban,wet,19.79
803,27.701880373906196,85.38132764388517,Kathmandu,shallow_tube,36.78,23.67,192.09,4.6634,41.19,1.2292,84.6,121.822,263.4,4.479,1.208,6.79,urban,dry,13.38
804,27.602798682034095,85.38309197503683,Lalitpur,shallow_tube,34.42,2.75,182.98,5.4573,33.53,0.5338,78.64,113.236,691.3,2.853,0.333,6.74,peri-urban,wet,5.52
805,27.761071534032357,85.35955806159005,Kathmandu,dug,3.65,11.63,674.24,16.1754,41.68,3.2858,6.59,9.487,394.6,5.135,0.996,6.1,urban,dry,32.22
806,27.75438124868002,85.35562082975726,Kathmandu,shallow_tube,51.55,3.88,420.96,18.02,23.36,4.1483,110.45,159.05,182.0,8.493,0.931,6.7,urban,wet,2.13
807,27.69431741329183,85.26095596315011,Kathmandu,dug,6.12,16.18,517.7,11.137,46.48,1.7755,4.39,6.323,387.1,8.544,0.573,6.99,urban,dry,39.46
808,27.616318326077387,85.32039726377697,Kathmandu,shallow_tube,50.77,15.58,396.66,34.1676,11.61,1.5223,5.0,7.2,435.6,2.867,0.677,7.53,urban,dry,38.77
809,27.678245644256698,85.21622667405367,Kathmandu,dug,7.17,3.31,153.62,6.405,23.98,0.3307,2.94,4.231,773.1,1.672,0.164,7.37,urban,dry,39.32
810,27.62908457181909,85.34778875115569,Bhaktapur,shallow_tube,33.59,0.5,62.9,2.3651,26.6,0.4301,79.85,114.991,391.6,5.926,0.525,7.23,urban,dry,15.59
811,27.738846375764627,85.243188661503,Bhaktapur,dug,4.56,8.43,349.6,9.1351,38.27,2.2126,4.89,7.037,629.9,4.743,1.309,7.31,urban,dry,27.1
812,27.74444665123744,85.42599404296915,Bhaktapur,shallow_tube,21.88,32.1,40.08,1.0006,40.06,0.2604,49.32,71.017,448.3,1.956,1.189,7.27,peri-urban,dry,37.62
813,27.682330159360326,85.22695591846299,Kathmandu,shallow_tube,37.73,18.74,139.62,2.8961,48.21,0.9951,88.73,127.767,1426.4,7.149,1.221,7.28,urban,dry,34.48
814,27.756183050430906,85.43179594221984,Bhaktapur,shallow_tube,38.47,2.47,241.17,8.7532,27.55,1.1941,62.07,89.383,294.1,8.269,0.113,6.53,urban,wet,8.19
815,27.758966052320865,85.25732973757691,Kathmandu,shallow_tube,26.82,21.92,500.18,25.3559,19.73,3.6341,50.8,73.154,210.7,4.063,0.579,6.46,urban,dry,4.61
816,27.6090662604096,85.29040408532046,Lalitpur,shallow_tube,27.11,30.69,324.15,32.7465,9.9,0.7336,71.9,103.538,432.9,0.01,0.055,7.59,green,dry,38.15
817,27.726817611522826,85.41849985638447,Lalitpur,shallow_tube,72.22,8.28,292.06,22.7588,12.83,1.7255,27.59,39.731,653.0,6.641,0.511,6.75,urban,dry,23.66
818,27.79896996141236,85.27559962995724,Kathmandu,shallow_tube,33.76,3.34,187.35,3.8393,48.8,1.8591,15.34,22.086,493.2,7.908,1.804,7.71,urban,wet,18.64
819,27.62309395503558,85.34255986061146,Kathmandu,shallow_tube,43.31,11.66,310.94,8.46,36.75,0.9177,66.7,96.046,420.0,7.435,0.946,6.71,urban,dry,5.5
820,27.781203891155297,85.28995800802315,Kathmandu,shallow_tube,43.92,6.76,426.65,42.4736,10.05,2.154,32.8,47.236,942.3,2.64,0.381,7.26,green,wet,24.7
821,27.657809946589158,85.28782888631329,Kathmandu,shallow_tube,48.93,0.5,177.88,4.1623,42.74,1.4114,55.35,79.697,200.9,6.442,0.419,8.26,peri-urban,wet,0.0
822,27.686541289849742,85.36986183395415,Kathmandu,shallow_tube,28.63,0.61,450.1,21.4762,20.96,1.066,37.24,53.622,231.1,4.591,0.01,7.03,peri-urban,dry,0.0
823,27.744974101142816,85.35300097433286,Kathmandu,dug,8.24,10.83,407.94,21.4569,19.01,0.882,3.45,4.964,928.0,3.268,0.855,6.77,peri-urban,dry,40.91
824,27.794381136530333,85.37933194676022,Lalitpur,dug,8.59,2.49,1461.01,252.2147,5.79,5.6801,3.19,4.591,327.2,4.377,0.37,6.03,peri-urban,dry,22.02
825,27.744774207662946,85.42740344922073,Kathmandu,shallow_tube,16.32,11.61,153.47,3.1915,48.09,0.87,76.79,110.584,227.0,4.267,0.472,7.14,urban,wet,6.98
826,27.72138908256764,85.23077196335082,Kathmandu,shallow_tube,33.5,13.22,109.78,4.5029,24.38,0.3203,12.61,18.16,612.3,5.846,0.103,5.93,urban,wet,24.76
827,27.646773548727477,85.21341304100243,Kathmandu,shallow_tube,50.75,19.08,369.17,7.4479,49.57,1.4844,5.0,7.2,310.7,8.68,0.905,6.83,urban,dry,53.12
828,27.61801477258938,85.44914035487847,Kathmandu,shallow_tube,57.08,0.5,141.68,11.9635,11.84,1.1813,55.35,79.703,128.0,5.67,1.255,5.86,urban,wet,0.0
829,27.658245865646254,85.4018778990763,Kathmandu,shallow_tube,42.2,5.14,340.81,8.606,39.6,1.6474,63.96,92.096,438.6,2.663,0.288,6.0,peri-urban,dry,9.5
830,27.61140131892994,85.29519593364803,Bhaktapur,dug,7.53,10.57,66.23,2.5639,25.83,0.2218,5.15,7.414,351.0,1.728,0.508,7.78,agriculture,dry,29.26
831,27.653852063294195,85.4205136010697,Kathmandu,deep_tube,266.41,33.63,460.11,63.8949,7.2,2.3761,551.49,794.141,573.5,5.56,0.727,7.51,urban,dry,35.51
832,27.69323820726579,85.44111481706989,Bhaktapur,shallow_tube,60.86,0.5,137.25,5.8868,23.32,0.9047,5.0,7.2,298.4,2.343,0.636,7.36,peri-urban,dry,21.5
833,27.664649356788804,85.43454578801114,Kathmandu,deep_tube,32.69,11.21,434.24,18.8349,23.06,2.3618,202.47,291.562,446.4,0.01,0.716,6.54,peri-urban,dry,12.58
834,27.687747441502083,85.39989007906055,Kathmandu,dug,4.34,4.18,98.85,2.2822,43.31,0.7581,10.15,14.62,490.9,5.966,0.979,7.44,peri-urban,wet,25.65
835,27.680483698851397,85.31797727747865,Lalitpur,deep_tube,97.48,1.0,395.01,11.3293,34.87,3.9209,593.0,853.924,618.3,8.819,1.064,7.18,urban,wet,3.3
836,27.653967520963576,85.37880732244408,Bhaktapur,shallow_tube,38.2,15.16,612.32,21.9862,27.85,4.2905,8.23,11.855,665.3,1.926,0.916,7.73,peri-urban,wet,43.74
837,27.732449509504296,85.33677877708216,Bhaktapur,shallow_tube,53.37,20.28,213.12,5.069,42.04,1.6346,65.18,93.866,242.2,0.01,0.01,6.79,agriculture,dry,14.35
838,27.778405113805995,85.41729571599512,Bhaktapur,shallow_tube,28.53,13.72,384.33,9.0675,42.39,3.6541,5.0,7.2,940.1,3.322,1.121,7.5,urban,wet,46.82
839,27.765087383121,85.3126492822759,Kathmandu,dug,4.3,2.77,360.66,17.2761,20.88,2.2997,3.4,4.901,409.1,2.766,0.333,7.14,green,wet,24.82
840,27.72455223846804,85.22795995121041,Kathmandu,shallow_tube,40.33,2.68,171.5,10.6157,16.16,0.4739,82.39,118.647,365.9,6.25,0.699,7.49,peri-urban,dry,12.88
841,27.67308517606045,85.24541080913943,Lalitpur,deep_tube,255.8,12.1,79.46,2.8676,27.71,0.3921,590.41,850.184,496.9,2.493,0.518,6.56,agriculture,dry,6.59
842,27.745351211479647,85.27617408502158,Kathmandu,shallow_tube,25.98,18.29,645.79,14.2336,45.37,3.5264,29.96,43.146,229.9,7.775,0.386,7.6,urban,wet,22.72
843,27.756647143775595,85.37054579153819,Kathmandu,deep_tube,67.86,31.0,364.87,27.9758,13.04,0.9701,123.73,178.166,168.7,3.19,0.493,6.86,peri-urban,dry,14.78
844,27.622585318257777,85.21642260733516,Lalitpur,dug,5.54,6.64,150.19,4.8665,30.86,0.974,7.25,10.447,640.0,3.453,0.565,7.56,peri-urban,wet,18.6
845,27.7442939075743,85.33758412444048,Lalitpur,shallow_tube,66.59,20.53,339.73,35.8813,9.47,2.5867,108.03,155.566,204.6,1.603,0.748,8.07,peri-urban,dry,13.2
846,27.75479611925338,85.39616899518222,Kathmandu,dug,9.05,12.73,180.53,9.7657,18.49,0.6013,3.67,5.28,240.8,2.978,0.614,7.69,urban,dry,26.73
847,27.61970301469371,85.34016421337517,Kathmandu,dug,5.14,13.06,151.12,8.0556,18.76,0.796,3.52,5.074,347.9,4.17,0.713,7.3,green,wet,49.41
848,27.617935651331877,85.36068338631758,Kathmandu,shallow_tube,58.84,9.22,444.29,21.5929,20.58,1.0411,34.28,49.36,349.5,3.005,1.097,6.14,urban,wet,5.38
849,27.69221066610544,85.40864298921774,Lalitpur,dug,7.47,17.11,267.89,11.2151,23.89,1.9386,10.33,14.868,407.7,5.885,0.071,6.46,urban,dry,32.98
850,27.786921077615453,85.3991501141246,Kathmandu,deep_tube,98.57,35.97,565.87,35.9134,15.76,2.295,690.25,993.963,150.3,7.249,0.383,6.06,urban,dry,23.24
851,27.686408542705298,85.29710195846799,Bhaktapur,shallow_tube,32.46,0.69,2000.0,48.2443,41.46,16.2817,96.92,139.559,404.1,4.189,0.434,7.29,peri-urban,dry,0.33
852,27.628925667624692,85.32597429957315,Kathmandu,dug,4.42,6.16,98.1,2.2924,42.79,0.7046,7.71,11.104,924.7,2.479,1.085,7.81,green,dry,40.88
853,27.611679244811832,85.25450412463299,Bhaktapur,shallow_tube,60.15,6.9,477.11,9.9295,48.05,1.8088,9.87,14.207,374.4,0.01,0.142,7.36,peri-urban,dry,29.92
854,27.79721970269604,85.34736080515107,Kathmandu,dug,8.37,0.2,332.05,7.8322,42.4,2.5471,5.23,7.537,542.0,7.762,0.978,6.36,urban,dry,29.56
855,27.674989543447733,85.2332716597932,Bhaktapur,shallow_tube,59.82,0.5,1092.11,91.5901,11.92,10.715,82.34,118.572,225.1,4.385,0.01,7.3,urban,dry,0.0
856,27.73274265050404,85.21560857100701,Bhaktapur,dug,7.36,0.96,299.52,7.2597,41.26,2.0776,4.0,5.763,224.5,2.074,0.696,7.26,peri-urban,dry,10.82
857,27.7686722257744,85.30906678370111,Kathmandu,deep_tube,249.56,59.88,1640.66,71.7753,22.86,16.2845,515.93,742.936,542.2,2.174,0.7,7.07,urban,dry,54.69
858,27.7764539033139,85.23697778408639,Kathmandu,shallow_tube,54.97,9.23,147.12,6.7577,21.77,1.1573,118.84,171.136,186.1,4.743,1.508,7.11,peri-urban,wet,1.07
859,27.709155430644987,85.3154952064166,Bhaktapur,deep_tube,123.62,18.15,184.02,9.0071,20.43,0.4725,236.0,339.836,119.9,2.942,0.502,6.87,green,wet,7.26
860,27.703799091286434,85.36812784232436,Kathmandu,dug,2.03,1.69,311.23,6.8778,45.25,1.3517,7.62,10.97,616.3,6.967,0.619,7.0,green,wet,32.69
861,27.687530472944886,85.41386688227902,Kathmandu,deep_tube,151.28,43.8,130.53,3.6588,35.68,1.2367,617.33,888.95,826.5,5.882,0.476,7.61,urban,dry,44.46
862,27.73045130355471,85.32676088423418,Kathmandu,shallow_tube,46.27,10.88,812.48,31.6527,25.67,2.5039,5.0,7.2,198.7,0.961,0.912,7.67,peri-urban,dry,37.51
863,27.749624160022186,85.24723213886217,Kathmandu,dug,8.41,1.9,99.0,3.3439,29.61,0.2791,1.0,1.44,786.9,5.189,0.755,7.6,peri-urban,wet,38.88
864,27.64154601644036,85.35114066615107,Kathmandu,shallow_tube,38.07,19.71,180.65,5.5819,32.36,1.2632,25.22,36.311,73.7,1.197,0.746,7.41,green,wet,21.69
865,27.660772292797745,85.38546671502165,Lalitpur,shallow_tube,71.69,24.36,417.72,9.6523,43.28,3.5203,5.0,7.2,346.5,0.01,0.616,6.62,peri-urban,dry,44.49
866,27.73832589811976,85.28398032040597,Kathmandu,deep_tube,191.07,21.07,529.85,16.5866,31.94,5.1338,643.93,927.253,93.7,11.376,0.979,7.78,urban,wet,11.39
867,27.643263993803796,85.32645829491415,Bhaktapur,deep_tube,211.01,37.16,1121.21,122.9418,9.12,3.2574,511.43,736.46,286.6,2.286,0.517,7.71,urban,dry,33.09
868,27.703103983182878,85.3160837184026,Kathmandu,deep_tube,78.49,8.75,208.68,10.5634,19.75,1.5892,356.84,513.851,298.1,8.288,0.559,7.31,urban,wet,4.96
869,27.707099943084476,85.20410901448308,Kathmandu,deep_tube,151.15,1.0,735.77,15.7324,46.77,4.415,359.45,517.613,720.6,6.284,0.971,7.46,urban,wet,5.38
870,27.610122168151435,85.33837123839608,Kathmandu,dug,4.58,13.72,71.48,2.0609,34.68,0.153,3.77,5.433,159.8,6.306,0.737,7.83,urban,dry,27.61
871,27.76872760256916,85.34870759433974,Lalitpur,shallow_tube,13.25,13.67,165.0,4.0044,41.2,1.4152,5.0,7.2,371.8,6.845,0.745,7.18,urban,wet,37.08
872,27.718965057854756,85.39430713000041,Lalitpur,deep_tube,162.05,3.65,438.84,10.3538,42.38,2.3777,50.0,72.0,298.5,3.664,0.69,7.19,peri-urban,wet,0.0
873,27.61709320459303,85.26544750027568,Kathmandu,dug,5.13,0.2,1197.33,32.5802,36.75,10.3337,5.98,8.612,672.3,2.876,0.832,7.65,agriculture,wet,22.74
874,27.60803356279012,85.29937893788531,Bhaktapur,dug,6.33,8.73,451.95,13.5499,33.35,4.4553,1.0,1.44,231.0,0.964,0.01,7.49,peri-urban,wet,25.01
875,27.61172574008452,85.23741937639261,Lalitpur,dug,7.44,4.7,286.5,13.9037,20.61,2.1751,10.25,14.764,190.8,8.128,0.946,7.02,urban,dry,3.53
876,27.699598025550955,85.33554891122152,Kathmandu,shallow_tube,54.95,28.09,218.66,8.0697,27.1,2.05,36.73,52.891,396.8,6.115,0.863,7.09,urban,dry,19.8
877,27.71274044388364,85.44996785956853,Lalitpur,shallow_tube,8.0,7.73,299.43,11.71,25.57,0.7618,38.8,55.874,428.0,7.164,0.313,7.24,urban,wet,7.71
878,27.682287247485334,85.43045862749177,Kathmandu,shallow_tube,50.51,8.23,181.52,19.5554,9.28,0.9593,46.15,66.457,595.8,2.148,0.538,7.21,green,wet,28.65
879,27.794169480297004,85.23241260012279,Bhaktapur,shallow_tube,46.57,11.31,883.97,20.4188,43.29,6.27,65.43,94.223,229.6,0.83,0.561,7.29,urban,dry,0.0
880,27.69631219355547,85.32537427388402,Kathmandu,shallow_tube,25.69,19.61,682.55,39.0468,17.48,1.3684,58.49,84.228,462.1,8.322,0.203,6.76,urban,wet,17.65
881,27.677919049687727,85.20377686139693,Bhaktapur,shallow_tube,28.79,5.38,912.69,64.2312,14.21,2.2999,54.46,78.419,359.0,4.632,1.15,7.41,urban,dry,2.77
882,27.744253658697083,85.29450769171858,Kathmandu,dug,5.13,0.97,338.63,16.4686,20.56,2.5117,6.5,9.361,189.1,6.799,0.673,8.0,urban,dry,9.91
883,27.713161726837235,85.43133872677478,Kathmandu,shallow_tube,24.94,6.84,304.29,21.6035,14.09,1.6022,5.0,7.2,240.7,7.935,0.906,6.95,urban,dry,27.8
884,27.62354363981653,85.42902771096742,Lalitpur,deep_tube,142.72,37.39,95.94,9.2976,10.32,0.3199,50.0,72.0,267.7,10.523,0.235,7.21,urban,dry,39.63
885,27.75328100471369,85.25385547590183,Lalitpur,deep_tube,101.57,18.12,602.49,90.563,6.65,5.056,271.08,390.36,299.8,7.117,0.166,7.35,urban,wet,9.15
886,27.78479098196499,85.24027747629646,Kathmandu,shallow_tube,13.06,11.63,2000.0,89.8182,22.27,12.63,5.0,7.2,183.5,4.34,0.572,7.09,urban,dry,31.98
887,27.606546868120844,85.26170293628851,Bhaktapur,deep_tube,191.94,29.23,94.25,4.2808,22.02,0.6608,721.08,1038.353,161.0,7.033,1.07,7.09,urban,dry,17.3
888,27.65789393773451,85.42253909064335,Kathmandu,deep_tube,259.1,23.44,117.32,8.4449,13.89,0.3558,633.72,912.562,188.8,5.366,0.67,6.88,urban,dry,14.39
889,27.758421155882992,85.38431742078143,Bhaktapur,dug,3.34,7.23,309.11,8.3162,37.17,1.9617,3.39,4.878,636.7,2.948,0.856,6.55,agriculture,dry,38.14
890,27.735408137029545,85.37818825051498,Bhaktapur,shallow_tube,53.72,0.5,124.15,4.225,29.38,0.4174,110.31,158.844,313.0,5.74,0.715,6.56,green,wet,6.63
891,27.701463700135932,85.23238843444013,Bhaktapur,shallow_tube,24.13,18.94,96.22,3.5297,27.26,0.3271,18.09,26.047,897.1,7.571,0.01,8.56,urban,dry,26.07
892,27.62778918718855,85.42867273117706,Bhaktapur,shallow_tube,40.42,6.14,473.31,11.533,41.04,2.4885,34.03,48.999,123.5,4.132,0.496,7.06,urban,wet,2.14
893,27.783011145955232,85.4205126292415,Kathmandu,shallow_tube,57.96,20.59,85.33,3.3806,25.24,0.7996,26.75,38.521,418.8,6.492,0.575,7.9,urban,dry,31.59
894,27.754007863136426,85.35876276755063,Kathmandu,deep_tube,204.74,23.18,450.91,9.4307,47.81,1.447,1345.3,1937.237,382.1,7.183,0.893,7.38,urban,wet,28.5
895,27.662597836498776,85.24014671768079,Bhaktapur,shallow_tube,42.69,25.05,74.86,1.5346,48.78,0.1531,49.69,71.558,441.0,1.49,0.578,7.21,green,dry,22.21
896,27.61512031777894,85.2715991446069,Kathmandu,deep_tube,201.4,14.7,465.28,13.7893,33.74,3.0757,823.77,1186.231,387.0,2.888,0.896,7.47,peri-urban,wet,6.31
897,27.63992960383627,85.34583011956094,Lalitpur,deep_tube,139.54,7.76,562.35,12.3977,45.36,2.5772,559.14,805.163,606.9,0.28,0.044,6.84,peri-urban,wet,18.22
898,27.607810923682514,85.38564252768562,Kathmandu,shallow_tube,44.61,14.87,528.35,13.8912,38.04,3.5469,93.28,134.328,433.5,2.613,0.01,6.54,agriculture,wet,0.71
899,27.779029431794346,85.39703600349198,Kathmandu,shallow_tube,50.11,25.69,145.07,5.2753,27.5,0.9523,87.94,126.629,618.9,4.613,0.308,7.61,urban,dry,13.17
900,27.610693144825127,85.32743760290344,Kathmandu,shallow_tube,15.07,5.83,124.4,2.669,46.61,0.7849,5.0,7.2,305.9,3.102,0.256,6.89,urban,wet,14.98
901,27.69103707560688,85.39370243021057,Kathmandu,dug,7.27,9.91,387.07,25.9276,14.93,1.5024,7.23,10.417,372.1,3.692,0.316,6.7,urban,dry,41.3
902,27.678488968835385,85.34118215009975,Kathmandu,dug,5.47,3.19,1169.08,26.9606,43.36,4.9762,4.27,6.155,696.4,7.142,0.637,6.56,urban,wet,24.22
903,27.614935886563345,85.23806503252797,Kathmandu,shallow_tube,34.32,21.72,129.43,2.656,48.73,0.444,5.0,7.2,417.0,0.705,0.01,7.41,green,dry,41.71
904,27.78291165553763,85.30471766556151,Lalitpur,dug,9.97,3.28,338.35,6.9583,48.63,2.6237,1.0,1.44,496.1,7.288,0.972,7.53,green,dry,28.09
905,27.779029147364913,85.37133469548034,Kathmandu,shallow_tube,53.32,14.3,249.38,8.3586,29.83,2.0758,24.88,35.834,200.6,2.027,0.366,8.03,agriculture,wet,15.68
906,27.656378754119867,85.2547667054649,Bhaktapur,shallow_tube,19.96,20.47,1110.81,202.5831,5.48,10.0399,79.58,114.602,377.9,5.948,0.789,6.59,urban,wet,8.92
907,27.62373116894188,85.23671428716005,Kathmandu,shallow_tube,35.83,13.38,149.24,5.5927,26.69,1.4661,43.8,63.068,816.1,2.408,0.079,7.09,peri-urban,wet,16.97
908,27.645172436324437,85.37972745383131,Kathmandu,shallow_tube,26.96,12.04,444.57,11.4455,38.84,1.4431,38.3,55.147,121.3,4.483,0.443,6.71,green,wet,12.39
909,27.611701430289887,85.3365016878834,Lalitpur,deep_tube,196.93,22.94,1310.59,177.4899,7.38,3.4431,384.38,553.508,362.2,2.565,0.265,7.66,peri-urban,dry,14.08
910,27.7596792298006,85.39385362874161,Kathmandu,shallow_tube,32.41,21.36,121.96,3.3989,35.88,0.8805,14.84,21.369,357.9,0.01,0.698,6.56,agriculture,dry,35.88
911,27.626509755820976,85.30138130536449,Kathmandu,dug,6.15,15.11,331.73,33.011,10.05,2.8755,1.71,2.457,467.7,6.757,0.561,8.17,urban,dry,44.71
912,27.689748150169503,85.41575649028005,Bhaktapur,shallow_tube,64.94,27.89,285.03,6.5755,43.35,2.5491,97.17,139.919,846.1,5.833,0.083,7.01,urban,dry,29.89
913,27.79071136134402,85.41120401314303,Kathmandu,shallow_tube,8.0,16.18,805.5,102.4177,7.86,2.0353,45.87,66.06,293.0,2.855,0.219,6.65,peri-urban,dry,19.16
914,27.720111531212126,85.37121708500672,Kathmandu,shallow_tube,43.58,13.69,37.54,4.4536,8.43,0.2412,18.65,26.851,323.3,4.319,0.028,5.77,urban,dry,19.74
915,27.653810211016097,85.37509839490883,Kathmandu,dug,7.43,15.67,20.0,0.8108,24.67,0.1029,15.15,21.821,391.3,0.726,1.188,6.3,peri-urban,dry,20.35
916,27.707307154725143,85.31333838447856,Bhaktapur,shallow_tube,44.52,12.33,329.58,27.1984,12.12,0.7975,61.26,88.22,411.2,6.234,0.042,7.77,urban,wet,6.09
917,27.795022901409148,85.42424078042765,Kathmandu,shallow_tube,20.02,0.5,961.33,21.5585,44.59,9.0515,57.18,82.341,1213.0,3.251,0.782,6.48,urban,dry,21.89
918,27.60352696581047,85.33817644154072,Kathmandu,shallow_tube,26.4,15.84,298.79,9.2481,32.31,2.5298,19.06,27.451,590.2,2.661,0.568,7.19,agriculture,dry,23.51
919,27.71942487543551,85.26191252461865,Lalitpur,shallow_tube,40.73,12.08,508.75,17.3348,29.35,2.3056,95.68,137.782,291.5,6.25,0.592,8.21,urban,dry,7.31
920,27.65224684020366,85.28119821769708,Bhaktapur,shallow_tube,31.82,22.89,98.03,4.3661,22.45,0.3212,108.54,156.293,498.0,1.834,0.629,6.5,agriculture,dry,16.8
921,27.612920929617264,85.33246577270917,Kathmandu,shallow_tube,43.24,14.09,1016.1,34.3742,29.56,7.3478,109.49,157.667,675.4,2.597,0.01,7.08,urban,dry,16.03
922,27.67327667845132,85.32336042514065,Kathmandu,deep_tube,196.74,41.05,2000.0,40.6412,49.21,15.9627,793.99,1143.343,462.8,4.661,1.169,7.08,urban,dry,35.08
923,27.643428831567984,85.22664072093526,Kathmandu,dug,5.72,4.7,428.36,10.6254,40.31,2.6752,5.91,8.516,282.9,9.193,0.381,6.59,urban,dry,14.91
924,27.71592570551663,85.38336037345266,Kathmandu,shallow_tube,53.61,8.8,539.39,33.4519,16.12,4.1678,29.7,42.772,783.2,8.115,0.314,7.07,urban,dry,25.63
925,27.707324180570993,85.26988197135296,Kathmandu,shallow_tube,64.25,0.5,1205.3,112.0054,10.76,12.0192,67.32,96.943,482.7,11.596,0.856,7.31,urban,wet,2.81
926,27.654640366334597,85.35596563540433,Lalitpur,shallow_tube,43.15,17.22,416.83,70.5618,5.91,1.6457,45.14,65.002,238.8,3.775,0.598,6.61,agriculture,wet,6.6
927,27.779112346065375,85.30645428662793,Lalitpur,dug,6.2,6.97,134.93,2.9625,45.55,1.2166,4.74,6.819,354.0,4.327,0.305,7.85,urban,wet,21.69
928,27.6964178689049,85.38464275965873,Bhaktapur,dug,4.05,12.42,93.99,2.0666,45.48,0.7458,5.23,7.535,499.4,2.487,0.148,7.38,urban,dry,48.47
929,27.67708483561733,85.23727244218219,Kathmandu,dug,6.41,6.57,1132.62,136.4265,8.3,9.6293,1.0,1.44,522.4,3.246,1.113,7.05,agriculture,dry,37.07
930,27.77161561444499,85.27842440951748,Kathmandu,shallow_tube,46.09,28.57,208.78,4.5309,46.08,1.5349,128.44,184.96,147.7,0.01,0.378,6.65,peri-urban,dry,29.13
931,27.718919690789797,85.304996449614,Kathmandu,shallow_tube,54.8,20.54,103.88,2.5722,40.38,0.5508,52.83,76.082,1273.9,0.678,0.66,6.87,urban,dry,60.3
932,27.741380180335145,85.38618767326298,Lalitpur,shallow_tube,56.49,35.27,336.12,24.5696,13.68,3.1078,44.67,64.322,332.0,5.937,0.763,7.44,urban,dry,39.22
933,27.69168276635844,85.43323901053552,Lalitpur,shallow_tube,48.73,31.43,49.18,5.7754,8.52,0.239,58.26,83.895,422.0,5.173,1.047,7.49,green,dry,22.46
934,27.614131758534878,85.27117142144986,Lalitpur,shallow_tube,33.93,11.44,181.98,4.5675,39.84,0.8323,30.3,43.635,527.2,7.414,1.149,7.71,urban,dry,16.34
935,27.61557875311903,85.21397206706327,Kathmandu,shallow_tube,28.3,5.44,531.23,28.6672,18.53,3.67,56.08,80.759,504.8,0.01,0.33,7.88,peri-urban,dry,7.53
936,27.69125992835811,85.41168135219746,Bhaktapur,dug,4.06,4.34,378.55,7.7643,48.75,2.2625,2.92,4.212,279.1,8.891,0.418,7.79,urban,wet,25.2
937,27.706724917545326,85.22636640750235,Lalitpur,deep_tube,140.98,17.97,158.76,4.5109,35.19,1.0771,197.86,284.911,273.0,5.991,0.128,7.86,urban,dry,9.05
938,27.6878884562591,85.39621707799847,Bhaktapur,dug,6.66,7.4,1598.31,104.7157,15.26,4.0921,5.78,8.321,404.5,3.456,0.555,6.82,peri-urban,wet,34.38
939,27.60286149795885,85.22954065963349,Bhaktapur,deep_tube,87.27,1.0,506.24,17.6646,28.66,1.9582,243.46,350.588,831.0,5.049,0.484,8.23,peri-urban,wet,4.78
940,27.614057522805986,85.43705176545387,Kathmandu,shallow_tube,41.0,16.2,130.7,6.244,20.93,0.7468,12.53,18.044,145.1,0.959,0.965,6.77,peri-urban,dry,19.2
941,27.768651896129548,85.20682191266265,Kathmandu,deep_tube,75.38,32.17,74.11,1.7415,42.56,0.6054,427.89,616.163,904.4,0.632,0.422,7.37,agriculture,dry,44.09
942,27.770917153761896,85.22028981228118,Lalitpur,shallow_tube,35.08,6.53,1066.71,72.5972,14.69,6.7214,30.11,43.355,702.7,4.262,1.104,7.22,urban,wet,15.2
943,27.70015589818812,85.29555481690572,Bhaktapur,dug,4.69,5.14,1122.67,75.6965,14.83,8.0937,2.98,4.296,849.7,3.855,0.422,7.23,peri-urban,wet,35.4
944,27.79390531212798,85.4453111501706,Kathmandu,shallow_tube,10.42,26.88,544.68,30.7176,17.73,2.6154,76.96,110.82,160.9,1.809,1.112,7.06,agriculture,dry,25.56
945,27.65046142815173,85.44585377881661,Kathmandu,shallow_tube,37.93,14.53,129.08,3.1831,40.55,0.7112,117.4,169.06,119.0,6.365,0.937,6.32,urban,dry,11.85
946,27.659025208801218,85.29028437927643,Lalitpur,dug,6.28,7.48,213.0,35.345,6.03,0.8899,2.02,2.902,362.1,7.138,1.051,7.44,urban,wet,33.28
947,27.7418524187559,85.30544970482113,Kathmandu,deep_tube,251.95,37.0,132.46,4.0943,32.35,0.7962,50.0,72.0,549.2,0.669,0.01,7.39,peri-urban,dry,44.46
948,27.70958288873533,85.43166049188336,Kathmandu,shallow_tube,27.52,0.5,1188.95,64.8139,18.34,10.3097,25.53,36.759,245.7,4.929,0.986,7.21,urban,wet,0.0
949,27.78437916051533,85.41489189720278,Bhaktapur,shallow_tube,55.94,17.33,105.73,4.7257,22.37,0.5858,6.65,9.581,416.9,6.889,0.395,6.64,urban,wet,37.68
950,27.676846107607872,85.22896699854785,Kathmandu,dug,8.69,6.11,450.08,21.9817,20.48,3.9436,8.76,12.61,385.7,8.63,0.335,7.98,urban,dry,26.32
951,27.792177225844995,85.30123644519972,Kathmandu,shallow_tube,31.76,0.5,153.91,6.364,24.18,1.1852,6.09,8.776,542.5,9.012,0.392,7.77,urban,dry,30.13
952,27.681985586670216,85.27814506471495,Bhaktapur,deep_tube,38.19,13.99,190.14,4.543,41.85,0.5703,397.66,572.634,621.9,1.089,1.314,8.11,urban,wet,11.25
953,27.614182662157198,85.28335450036151,Kathmandu,shallow_tube,31.69,9.23,222.15,5.5625,39.94,1.8445,54.75,78.842,650.2,4.869,0.391,6.95,urban,wet,22.23
954,27.736716166664944,85.22535203655939,Kathmandu,dug,6.11,3.92,1661.33,46.6297,35.63,7.8367,1.0,1.44,213.4,5.362,0.82,7.53,peri-urban,wet,37.25
955,27.699487330704603,85.37959810044596,Lalitpur,dug,3.71,4.61,616.86,28.2302,21.85,5.4795,13.81,19.883,858.7,5.356,0.62,7.02,agriculture,dry,14.65
956,27.698967813563975,85.44143342530906,Bhaktapur,deep_tube,154.1,18.8,142.11,24.7419,5.74,0.4504,561.79,808.975,749.6,7.35,0.615,6.73,urban,wet,20.17
957,27.658749360325114,85.44458505819915,Kathmandu,shallow_tube,55.41,5.75,1222.04,193.7003,6.31,11.5456,84.99,122.393,529.9,1.555,0.323,7.17,peri-urban,wet,10.56
958,27.773565582746276,85.22330286769372,Kathmandu,shallow_tube,46.71,13.25,1160.04,34.0946,34.02,5.7945,76.98,110.849,234.1,1.938,0.261,6.86,peri-urban,dry,6.38
959,27.746865062699,85.33452423386821,Kathmandu,shallow_tube,38.37,12.47,250.47,10.8673,23.05,1.6911,80.79,116.342,301.5,3.375,0.497,6.93,urban,wet,0.0
960,27.70873927169503,85.26874778244748,Kathmandu,shallow_tube,53.87,10.85,262.16,6.0925,43.03,2.5851,12.02,17.303,983.3,5.639,0.744,7.62,urban,dry,33.55
961,27.751373340391563,85.44535258009198,Lalitpur,shallow_tube,53.99,14.67,71.29,2.525,28.23,0.1977,30.52,43.949,480.0,6.909,1.164,7.37,urban,dry,18.41
962,27.641893686361048,85.20956603624732,Bhaktapur,shallow_tube,49.63,8.61,83.59,4.1651,20.07,0.5241,28.78,41.439,387.2,6.42,0.478,6.72,urban,dry,8.02
963,27.680661977598582,85.31769985373396,Bhaktapur,shallow_tube,55.25,6.96,103.63,2.2522,46.01,0.9058,5.0,7.2,854.1,6.933,0.532,7.44,urban,dry,43.53
964,27.627356668784106,85.23622721010155,Kathmandu,shallow_tube,66.8,6.95,163.71,4.5475,36.0,0.5019,110.76,159.496,402.7,5.034,1.137,7.65,urban,wet,12.27
965,27.786779794260795,85.29194366803857,Lalitpur,shallow_tube,54.83,16.42,60.51,4.6467,13.02,0.5605,36.96,53.228,1474.9,5.151,0.01,7.41,peri-urban,dry,30.85
966,27.695805391795147,85.27543938931257,Kathmandu,dug,6.07,9.48,70.64,1.4212,49.7,0.6392,5.77,8.314,404.6,1.352,0.074,6.59,peri-urban,wet,23.34
967,27.752091287871973,85.3460657318182,Kathmandu,deep_tube,116.1,31.13,140.48,4.3233,32.49,0.3268,507.2,730.369,96.6,4.56,0.901,6.15,urban,dry,9.57
968,27.791867033656786,85.24382772762867,Kathmandu,deep_tube,277.75,26.96,161.05,28.6935,5.61,0.7408,334.05,481.038,513.3,0.769,0.174,7.86,green,dry,27.08
969,27.700277553600976,85.42052892179854,Kathmandu,deep_tube,163.54,23.12,709.14,54.8984,12.92,6.6265,116.58,167.881,246.7,1.672,0.547,7.84,peri-urban,dry,16.33
970,27.629496794947453,85.33691705862809,Lalitpur,deep_tube,99.89,64.47,279.38,7.7529,36.04,2.1674,50.0,72.0,481.9,0.443,0.938,7.47,green,dry,58.72
971,27.77749703734147,85.30128660958952,Kathmandu,dug,7.7,1.86,650.64,111.0972,5.86,1.8482,1.99,2.861,313.0,11.573,0.864,7.81,urban,dry,33.28
972,27.65435575484166,85.44825200907104,Kathmandu,dug,6.71,13.35,339.19,17.6251,19.24,1.5841,4.76,6.859,419.6,3.196,0.64,7.82,green,wet,30.86
973,27.69657502439454,85.35670090756138,Kathmandu,deep_tube,85.28,17.2,81.87,8.5325,9.6,0.7532,53.0,76.313,236.0,1.445,0.734,7.3,agriculture,wet,14.04
974,27.61570224364215,85.40630374872615,Kathmandu,shallow_tube,68.86,11.37,261.98,6.2285,42.06,1.1813,5.0,7.2,168.3,4.212,0.588,7.52,peri-urban,dry,30.6
975,27.614951569344356,85.21077105403921,Kathmandu,shallow_tube,57.74,9.78,128.4,3.867,33.2,0.9606,100.96,145.386,226.2,7.811,0.44,7.94,urban,dry,0.0
976,27.651565139187188,85.37246290718657,Kathmandu,deep_tube,101.16,16.8,156.8,9.8858,15.86,1.2005,484.72,698.001,409.5,2.549,0.824,7.9,green,dry,10.93
977,27.7913351074159,85.20584439384886,Kathmandu,dug,3.15,24.28,316.96,10.6191,29.85,2.7797,3.09,4.443,131.2,4.606,0.05,8.12,urban,dry,48.87
978,27.67036358308403,85.27895787378827,Lalitpur,dug,5.89,9.19,99.27,12.8098,7.75,0.5454,6.42,9.245,351.2,6.015,1.044,6.68,urban,dry,32.47
979,27.640009726630726,85.31739517583796,Bhaktapur,dug,10.46,3.41,167.83,5.3665,31.27,0.4243,6.16,8.871,238.4,7.775,0.123,6.89,urban,wet,21.27
980,27.60128988859294,85.23766362216516,Kathmandu,deep_tube,199.6,1.37,71.96,1.76,40.89,0.6232,246.83,355.441,702.8,6.826,0.275,7.18,peri-urban,dry,7.59
981,27.729554197682802,85.37544394262189,Kathmandu,deep_tube,83.55,30.99,112.44,3.4965,32.16,0.8428,875.63,1260.911,291.3,3.395,0.192,7.3,green,dry,25.05
982,27.736221899728854,85.2559431422713,Kathmandu,shallow_tube,42.43,8.41,775.57,30.3202,25.58,2.8892,59.78,86.081,746.0,0.484,0.758,6.84,green,dry,24.73
983,27.66144167736464,85.23851519843264,Lalitpur,dug,3.97,2.09,301.39,16.2529,18.54,2.8539,1.91,2.752,172.9,9.035,0.737,7.61,urban,dry,31.87
984,27.617360914742928,85.20541017249364,Kathmandu,deep_tube,67.44,34.76,712.66,55.834,12.76,1.586,954.38,1374.304,139.5,2.652,1.159,7.37,peri-urban,dry,17.94
985,27.79683532857898,85.42639614614936,Bhaktapur,shallow_tube,49.37,8.0,263.94,26.5534,9.94,1.8951,14.83,21.361,368.9,2.969,0.97,7.52,peri-urban,wet,11.86
986,27.60214456057888,85.2762780349196,Kathmandu,deep_tube,149.03,1.0,211.24,5.2156,40.5,0.4327,438.07,630.828,210.7,5.677,0.33,7.51,urban,wet,0.0
987,27.775374608698765,85.29856775869607,Lalitpur,dug,5.74,29.49,1464.3,42.645,34.34,3.2342,11.63,16.753,790.3,5.402,0.394,7.74,urban,dry,52.91
988,27.65913171436862,85.42801701497208,Lalitpur,shallow_tube,36.3,2.79,99.83,7.3774,13.53,0.844,13.4,19.291,193.6,5.578,0.022,7.45,urban,wet,11.55
989,27.620224967823297,85.3999197008187,Kathmandu,dug,8.09,6.86,1159.52,29.7699,38.95,4.4724,6.52,9.386,271.0,3.865,0.397,7.45,urban,wet,24.9
990,27.780627948094835,85.32800021415355,Bhaktapur,shallow_tube,28.92,8.88,303.92,8.472,35.87,0.6621,51.95,74.814,268.1,6.953,1.465,7.69,urban,wet,0.0
991,27.765898527297004,85.44951781339806,Lalitpur,shallow_tube,48.9,0.5,144.87,12.3762,11.71,1.1436,23.86,34.355,367.9,0.494,0.877,7.01,agriculture,wet,0.0
992,27.66740833769763,85.33698657601765,Lalitpur,shallow_tube,43.9,1.94,628.41,43.2979,14.51,5.0032,75.1,108.138,455.6,7.39,0.732,7.74,urban,wet,3.46
993,27.600874128957205,85.33004485047464,Kathmandu,shallow_tube,44.82,19.44,581.29,20.1125,28.9,4.5601,52.56,75.689,232.2,4.732,0.705,7.05,urban,dry,19.16
994,27.74655934393823,85.38410422794412,Kathmandu,shallow_tube,41.77,1.58,82.7,2.5575,32.33,0.2714,21.33,30.712,726.7,7.958,1.15,6.08,urban,wet,9.72
995,27.665103596326254,85.26689090577038,Kathmandu,deep_tube,92.08,15.32,208.38,7.3566,28.33,1.2443,601.19,865.713,337.4,6.87,0.999,6.94,urban,dry,14.3
996,27.76630725730187,85.37054420842487,Kathmandu,dug,8.85,9.99,935.82,23.7033,39.48,6.1771,6.13,8.831,350.7,6.915,0.372,7.35,urban,wet,30.82
997,27.710372727166902,85.32668945450594,Kathmandu,shallow_tube,19.29,14.08,397.0,8.4192,47.15,2.7568,62.85,90.504,256.9,3.322,1.074,7.34,peri-urban,dry,9.71
998,27.635908774158835,85.42622415286829,Kathmandu,dug,4.95,8.51,919.69,42.8974,21.44,2.2764,3.88,5.584,501.0,2.934,1.685,7.29,urban,wet,28.85
999,27.61599719158814,85.3506133157909,Bhaktapur,dug,5.11,16.07,314.64,12.1476,25.9,2.6869,4.74,6.819,1162.2,2.713,0.948,7.29,agriculture,dry,59.27
1000,27.735032485819534,85.34014951767695,Kathmandu,shallow_tube,34.02,0.5,150.01,3.4612,43.34,0.7573,21.44,30.876,554.8,7.738,1.246,7.1,urban,dry,8.63
1001,27.603842106614703,85.3629987851659,Kathmandu,deep_tube,111.91,58.23,343.63,7.3345,46.85,2.4072,490.15,705.821,183.3,6.083,0.619,6.57,urban,dry,40.54
1002,27.720685971698956,85.21412773523113,Lalitpur,shallow_tube,51.27,10.78,538.31,64.143,8.39,1.2878,48.47,69.79,847.8,0.671,0.01,7.46,peri-urban,wet,20.02
1003,27.617552294895777,85.41536953615865,Lalitpur,shallow_tube,33.67,11.36,286.26,20.8494,13.73,2.5117,127.23,183.205,740.4,5.637,0.69,7.66,urban,dry,22.04
1004,27.621078694790175,85.26770900942392,Kathmandu,dug,3.15,12.2,317.66,36.4821,8.71,2.3396,1.41,2.036,581.9,1.966,0.282,6.87,peri-urban,dry,45.49
1005,27.66833480799026,85.24014059445204,Lalitpur,dug,3.86,15.38,186.57,5.3168,35.09,1.2003,7.37,10.612,334.0,5.119,0.544,7.64,urban,dry,37.41
1006,27.732166259705412,85.20323422306885,Kathmandu,shallow_tube,20.18,11.71,728.16,33.0235,22.05,2.618,50.71,73.026,535.2,3.361,0.518,7.08,agriculture,wet,18.23
1007,27.754944433062917,85.38806448161846,Bhaktapur,shallow_tube,56.64,10.09,221.9,31.1973,7.11,1.8321,23.32,33.577,231.1,7.189,0.01,6.7,urban,wet,9.52
1008,27.753696245857462,85.29999403727179,Kathmandu,shallow_tube,43.96,21.44,292.3,9.865,29.63,1.6594,98.03,141.166,185.0,4.358,0.01,6.95,urban,dry,3.6
1009,27.62065523310638,85.26515662833427,Kathmandu,shallow_tube,28.73,22.28,267.09,11.7967,22.64,1.6585,95.5,137.517,143.1,1.776,0.01,6.98,green,dry,24.81
1010,27.602423054021923,85.33012085359763,Bhaktapur,shallow_tube,49.88,11.84,999.71,34.1727,29.25,7.6542,121.41,174.836,239.3,8.569,0.496,6.95,urban,wet,8.8
1011,27.785394714158354,85.37551606450683,Kathmandu,shallow_tube,21.92,0.5,190.08,34.5243,5.51,0.7257,44.57,64.178,388.5,3.053,0.679,6.93,peri-urban,wet,2.39
1012,27.659196642743243,85.28043412907824,Kathmandu,shallow_tube,27.5,20.64,84.34,1.6873,49.98,0.6936,5.0,7.2,168.3,6.873,0.486,7.69,urban,dry,33.98
1013,27.77088408187628,85.30510723903511,Lalitpur,dug,4.79,7.69,665.65,17.3281,38.41,6.1031,6.28,9.044,265.1,6.319,0.348,7.6,urban,dry,26.17
1014,27.704215939220806,85.44762877886255,Kathmandu,dug,3.33,7.94,1676.25,178.3878,9.4,9.637,5.72,8.241,287.0,5.726,1.245,7.3,peri-urban,dry,31.55
1015,27.629101929129064,85.3090878309908,Lalitpur,shallow_tube,36.38,10.65,674.53,17.7159,38.07,1.7413,53.93,77.66,239.4,6.074,1.113,6.54,urban,wet,14.8
1016,27.648633514705146,85.28561407132416,Lalitpur,shallow_tube,51.06,7.91,1502.06,39.6238,37.91,14.149,35.23,50.732,1038.9,2.649,1.301,6.71,urban,dry,26.58
1017,27.609777645901037,85.42568775374352,Kathmandu,shallow_tube,49.15,21.09,589.92,40.8345,14.45,3.4906,58.51,84.248,323.5,0.987,1.138,7.24,peri-urban,dry,21.94
1018,27.7240677728124,85.36616485338477,Kathmandu,deep_tube,197.64,32.06,778.07,15.7674,49.35,2.0242,50.0,72.0,312.1,4.188,0.585,7.32,peri-urban,dry,31.69
1019,27.648546510489954,85.35196353777695,Bhaktapur,deep_tube,199.45,27.75,224.14,9.3687,23.92,1.5055,50.0,72.0,639.3,1.704,0.926,8.08,agriculture,dry,26.37
1020,27.73259917927978,85.29557425374024,Kathmandu,shallow_tube,36.3,0.72,574.43,26.274,21.86,4.6627,49.59,71.413,350.7,3.903,1.561,7.27,peri-urban,wet,8.2
1021,27.75995723829202,85.4451856813063,Lalitpur,shallow_tube,38.38,10.31,1041.62,21.6092,48.2,4.3481,29.53,42.516,1011.4,2.091,1.077,8.53,urban,dry,34.75
1022,27.759433554445074,85.44207980155802,Kathmandu,shallow_tube,41.76,16.5,111.99,3.5744,31.33,0.8737,105.75,152.283,678.8,2.359,0.788,7.11,urban,dry,9.6
1023,27.783191319093138,85.34648430742187,Kathmandu,shallow_tube,37.96,17.3,155.4,10.3276,15.05,1.1639,10.76,15.496,707.7,1.257,0.273,7.04,peri-urban,dry,41.05
1024,27.6006936918487,85.41770682756291,Kathmandu,shallow_tube,57.54,13.84,648.94,22.5893,28.73,2.9883,76.15,109.663,177.9,5.288,1.02,7.88,urban,dry,6.59
1025,27.684967839621855,85.26733549993745,Bhaktapur,shallow_tube,65.83,15.84,369.68,9.863,37.48,0.9828,26.21,37.749,361.3,3.002,0.829,7.15,urban,wet,24.69
1026,27.76050871379531,85.43179618626506,Bhaktapur,deep_tube,158.2,11.75,323.79,20.9363,15.47,3.1402,50.0,72.0,404.0,1.754,0.307,6.45,peri-urban,wet,4.41
1027,27.661538448730617,85.25251873919753,Kathmandu,shallow_tube,40.27,24.17,223.2,4.5816,48.72,1.0699,80.58,116.041,155.5,5.224,0.328,7.95,peri-urban,dry,11.53
1028,27.7144828755946,85.32166715425221,Lalitpur,shallow_tube,39.52,3.05,84.13,7.0273,11.97,0.5289,45.65,65.736,124.1,4.148,1.099,6.15,urban,dry,0.0
1029,27.748351895378192,85.4192098515188,Kathmandu,shallow_tube,51.72,5.45,178.22,11.5977,15.37,0.7322,77.74,111.945,197.0,6.426,0.059,6.94,urban,wet,4.72
1030,27.678213775830287,85.26964629321176,Kathmandu,shallow_tube,10.36,14.35,409.97,8.6333,47.49,1.0122,85.41,122.99,702.1,3.274,0.294,7.28,green,dry,14.85
1031,27.670169564810436,85.39222735988687,Bhaktapur,shallow_tube,24.58,12.91,193.39,4.2736,45.25,0.6159,83.02,119.546,475.2,1.183,0.817,6.91,agriculture,dry,18.17
1032,27.784479605486503,85.37727167035597,Lalitpur,dug,8.48,6.07,195.49,5.3999,36.2,0.5589,2.43,3.495,343.9,2.418,1.064,7.43,peri-urban,wet,42.88
1033,27.730159428344017,85.4032961675499,Kathmandu,dug,6.14,5.58,522.65,10.4802,49.87,3.8919,9.05,13.027,115.9,6.962,1.053,7.37,urban,wet,18.78
1034,27.744437722495135,85.4137194292019,Kathmandu,dug,5.99,17.22,734.58,51.8337,14.17,6.4462,7.69,11.074,267.7,3.304,1.249,7.22,urban,dry,35.19
1035,27.68649667763989,85.35701363278761,Kathmandu,shallow_tube,32.61,17.74,82.22,1.6744,49.1,0.2929,91.84,132.256,1241.8,2.664,1.577,7.04,urban,wet,21.99
1036,27.754109796138714,85.44501557884682,Bhaktapur,deep_tube,132.27,46.78,186.36,11.134,16.74,0.4069,334.99,482.389,205.2,6.971,0.722,6.95,urban,dry,33.07
1037,27.687627514273913,85.23285134295136,Bhaktapur,shallow_tube,61.03,12.52,840.05,32.3481,25.97,5.7487,27.59,39.733,413.0,3.655,0.671,7.35,agriculture,wet,18.64
1038,27.612280603859073,85.26176666135605,Bhaktapur,deep_tube,30.0,1.0,114.87,7.2117,15.93,1.0924,50.0,72.0,952.8,3.494,0.546,7.23,urban,dry,14.67
1039,27.630368689129057,85.21169000345279,Kathmandu,dug,3.92,1.08,328.59,11.4518,28.69,2.737,6.76,9.741,425.3,7.32,1.73,6.84,urban,wet,19.65
1040,27.604190434058907,85.21269590980918,Lalitpur,shallow_tube,10.75,13.98,303.64,17.144,17.71,0.7365,61.45,88.489,542.7,3.056,0.483,6.7,green,dry,28.7
1041,27.644514622257727,85.38459804132154,Bhaktapur,dug,7.09,0.72,722.55,30.2346,23.9,3.6666,6.26,9.009,554.1,10.305,0.627,7.82,urban,wet,22.49
1042,27.762621075878908,85.2843321942084,Bhaktapur,dug,8.46,1.5,421.34,13.1109,32.14,3.5929,1.82,2.619,257.6,6.322,0.869,7.79,urban,dry,35.25
1043,27.788187095225062,85.37834188839102,Lalitpur,deep_tube,78.38,20.46,1212.78,32.801,36.97,10.8441,119.41,171.954,136.8,5.224,0.591,7.96,urban,wet,19.27
1044,27.756365855028662,85.24570000756141,Kathmandu,shallow_tube,38.85,18.47,171.73,11.3987,15.07,1.4045,11.38,16.383,375.1,5.109,0.386,7.83,urban,wet,39.47
1045,27.73078427398515,85.39016740954189,Kathmandu,shallow_tube,42.25,9.45,890.31,24.3779,36.52,8.3065,40.71,58.626,164.4,1.876,0.964,6.64,agriculture,wet,16.25
1046,27.670143343498435,85.30789885264942,Lalitpur,shallow_tube,48.8,20.07,1817.05,71.1221,25.55,15.5303,89.87,129.416,430.7,4.376,0.913,7.14,peri-urban,dry,12.47
1047,27.64709002912539,85.44606532360395,Kathmandu,shallow_tube,25.85,2.66,1651.99,58.3829,28.3,11.1278,40.47,58.28,439.3,6.146,1.048,6.49,peri-urban,dry,2.98
1048,27.795859999483483,85.32425074312758,Bhaktapur,shallow_tube,40.61,1.61,1149.56,36.9721,31.09,11.4655,86.36,124.352,259.5,9.536,0.135,7.2,urban,dry,1.69
1049,27.64704691599413,85.4187279583137,Kathmandu,shallow_tube,27.85,0.5,247.84,30.53,8.12,1.4962,5.0,7.2,792.1,3.325,0.845,6.91,peri-urban,wet,29.28
1050,27.66280294204897,85.22963523424391,Kathmandu,shallow_tube,28.67,38.23,23.44,0.5394,43.46,0.1842,21.51,30.981,324.4,6.596,0.744,7.63,urban,dry,47.7
1051,27.643144698093124,85.38845656542325,Bhaktapur,dug,6.4,5.07,64.56,2.7834,23.19,0.3822,1.0,1.44,236.3,2.636,0.733,7.36,peri-urban,wet,29.9
1052,27.650960164895412,85.30683409747752,Bhaktapur,shallow_tube,33.16,11.86,385.91,9.9842,38.65,3.5363,79.19,114.039,359.2,9.467,1.0,6.91,urban,dry,18.63
1053,27.71144971032371,85.29163773454165,Kathmandu,dug,6.52,0.2,244.88,14.8614,16.48,0.6757,9.16,13.194,138.8,6.658,0.842,6.87,urban,wet,6.18
1054,27.659266050218374,85.23434216364373,Kathmandu,dug,2.99,4.13,201.1,15.926,12.63,0.4038,6.15,8.85,655.2,8.403,1.256,7.05,urban,wet,30.82
1055,27.679662011402677,85.28227885322372,Lalitpur,deep_tube,172.66,21.27,631.75,12.8337,49.23,1.2988,873.48,1257.812,630.7,2.084,0.929,6.08,agriculture,wet,30.63
1056,27.690249010673092,85.3001011843025,Bhaktapur,shallow_tube,8.0,5.33,893.81,92.9629,9.61,3.6814,34.01,48.972,259.9,6.923,0.742,6.9,urban,wet,14.78
1057,27.664958900572675,85.41156934311823,Bhaktapur,shallow_tube,41.2,16.62,644.38,23.3103,27.64,2.7871,89.16,128.392,271.9,2.398,0.01,6.62,urban,wet,11.79
1058,27.701560576959704,85.42669735097151,Kathmandu,shallow_tube,62.32,21.01,502.11,11.645,43.12,1.9948,83.54,120.296,614.0,5.353,0.191,7.48,urban,dry,14.85
1059,27.619664733418393,85.4429605228692,Bhaktapur,shallow_tube,50.02,13.89,46.26,1.2461,37.13,0.1037,81.89,117.922,158.9,4.777,1.082,7.38,urban,dry,2.64
1060,27.690093465540954,85.24223926027533,Kathmandu,shallow_tube,41.73,5.29,387.83,36.1084,10.74,2.1272,113.76,163.816,724.9,3.281,1.155,7.34,peri-urban,wet,8.78
1061,27.744956531354877,85.4483699835834,Lalitpur,shallow_tube,56.58,9.6,985.92,115.2723,8.55,7.7039,88.77,127.825,621.2,4.718,1.093,7.59,urban,wet,6.84
1062,27.6589985893968,85.20224857320436,Lalitpur,dug,7.16,6.27,176.35,8.4337,20.91,1.623,1.0,1.44,221.9,4.546,0.288,7.36,peri-urban,wet,33.12
1063,27.787556991360322,85.30692487868468,Lalitpur,deep_tube,86.17,5.2,94.33,2.7071,34.84,0.564,221.73,319.29,449.6,2.24,0.848,7.05,agriculture,dry,8.99
1064,27.68160204629951,85.28095463363957,Kathmandu,shallow_tube,19.55,13.39,505.3,25.107,20.13,4.4362,78.82,113.507,101.5,0.026,0.262,6.46,peri-urban,wet,6.58
1065,27.656842117383814,85.21551962100801,Kathmandu,shallow_tube,41.41,12.05,856.13,62.9777,13.59,4.4847,98.28,141.521,434.0,10.242,0.966,6.89,urban,wet,17.02
1066,27.741915838775654,85.39081947123175,Lalitpur,deep_tube,157.89,20.64,172.09,4.1077,41.89,0.5184,294.09,423.488,248.7,4.172,0.936,6.91,urban,dry,9.51
1067,27.70320105843476,85.3837534521152,Kathmandu,shallow_tube,38.13,12.54,376.26,20.9474,17.96,3.1328,30.53,43.959,267.8,0.01,0.516,7.84,peri-urban,wet,18.25
1068,27.625014247890114,85.26924506499374,Kathmandu,shallow_tube,51.77,11.97,134.67,11.6202,11.59,0.7114,54.84,78.972,353.6,0.742,0.674,7.52,peri-urban,wet,5.31
1069,27.7683877261285,85.33496088063568,Kathmandu,shallow_tube,8.0,7.74,616.96,19.6796,31.35,4.633,35.15,50.619,227.1,0.01,0.798,7.23,agriculture,wet,0.38
1070,27.70953714460583,85.28360361283866,Lalitpur,dug,6.3,1.12,1266.66,55.0951,22.99,10.2842,10.35,14.907,399.0,10.476,0.933,7.79,urban,dry,0.82
1071,27.61725463154671,85.28970097014222,Kathmandu,deep_tube,255.14,29.33,278.68,18.4628,15.09,0.6276,1011.45,1456.483,284.3,6.895,0.44,6.88,urban,dry,23.72
1072,27.679150121057198,85.36400202711773,Lalitpur,shallow_tube,27.09,29.66,219.81,5.0439,43.58,2.1129,52.78,75.999,247.6,3.388,1.164,6.87,peri-urban,dry,31.98
1073,27.6358865544271,85.25114584303762,Kathmandu,shallow_tube,35.92,2.81,210.34,15.3668,13.69,2.0546,5.0,7.2,452.3,4.313,0.532,7.26,peri-urban,wet,10.04
1074,27.778523066817808,85.41718935790126,Kathmandu,dug,6.68,4.29,1130.2,39.0526,28.94,6.1388,7.37,10.618,526.1,4.059,0.612,7.7,urban,wet,20.36
1075,27.743069404257497,85.39772940006954,Bhaktapur,shallow_tube,59.42,23.12,575.48,13.5715,42.4,2.5914,5.0,7.2,763.5,5.511,0.302,6.62,peri-urban,dry,48.57
1076,27.635605905921075,85.21939222681554,Lalitpur,deep_tube,250.77,15.59,150.27,6.5455,22.96,0.571,859.06,1237.047,240.8,2.332,0.345,7.57,peri-urban,dry,10.83
1077,27.65786086342081,85.38154160492479,Lalitpur,dug,5.96,7.7,167.76,5.3469,31.37,0.7637,1.0,1.44,398.6,1.717,0.615,6.72,peri-urban,wet,47.84
1078,27.668339668098046,85.22353668807081,Kathmandu,dug,5.78,11.96,413.75,15.081,27.44,2.0524,3.2,4.606,736.0,6.103,1.314,6.72,urban,dry,53.04
1079,27.700796385137274,85.44180086396055,Lalitpur,deep_tube,145.85,1.0,274.38,6.1549,44.58,1.1018,366.06,527.127,220.8,3.818,0.762,7.73,urban,wet,1.9
1080,27.702218040231283,85.21456086319287,Kathmandu,shallow_tube,48.89,3.41,380.27,19.0604,19.95,3.6989,64.22,92.473,348.5,9.254,0.217,7.0,urban,dry,8.4
1081,27.714184430360074,85.41096301455049,Bhaktapur,shallow_tube,27.16,3.08,104.81,2.1568,48.59,0.7702,58.96,84.895,391.9,8.932,0.469,7.75,urban,dry,13.09
1082,27.711098699293,85.27320149967377,Lalitpur,shallow_tube,46.6,8.01,194.15,5.5942,34.71,1.3683,5.0,7.2,169.7,2.109,1.304,7.82,peri-urban,dry,24.69
1083,27.708653568319683,85.3279389718893,Kathmandu,shallow_tube,42.59,8.42,119.72,7.727,15.49,0.542,5.0,7.2,770.1,0.428,0.412,6.44,urban,wet,39.47
1084,27.602874041185352,85.20521536815936,Lalitpur,dug,4.43,11.97,266.91,8.5218,31.32,0.7178,5.48,7.885,809.8,1.988,0.752,7.58,agriculture,dry,36.35
1085,27.6528570442425,85.38180392200466,Lalitpur,shallow_tube,29.93,0.5,291.1,11.4781,25.36,1.7717,102.91,148.19,432.7,9.22,0.164,6.72,urban,dry,6.58
1086,27.668385260915613,85.42730598238741,Bhaktapur,shallow_tube,51.76,17.81,196.95,8.3086,23.7,0.5073,105.13,151.393,321.1,0.535,0.647,7.22,peri-urban,wet,13.75
1087,27.69935825168594,85.38963623022416,Kathmandu,shallow_tube,27.63,19.39,184.8,3.7954,48.69,1.5923,59.59,85.812,775.6,5.345,0.474,6.75,urban,dry,30.72
1088,27.73956396861726,85.40446878929629,Kathmandu,shallow_tube,30.71,21.05,177.45,22.3605,7.94,1.3855,85.53,123.159,338.7,10.475,0.335,6.06,urban,dry,19.26
1089,27.773403015694402,85.2775616061719,Kathmandu,shallow_tube,65.94,14.92,125.44,5.0537,24.82,0.6091,81.76,117.731,885.1,2.431,0.596,7.55,peri-urban,wet,15.87
1090,27.70680186346144,85.40422514867123,Kathmandu,shallow_tube,42.14,4.55,692.32,98.9386,7.0,3.4291,5.0,7.2,398.7,10.126,0.773,7.17,urban,wet,32.05
1091,27.771478033917436,85.43181786113334,Kathmandu,dug,11.03,6.03,85.67,16.8192,5.09,0.8348,5.47,7.873,376.7,6.822,0.304,7.39,urban,dry,32.02
1092,27.67254676364339,85.43957734067574,Bhaktapur,shallow_tube,46.95,11.38,257.41,13.8474,18.59,1.2805,31.89,45.92,292.5,0.01,0.651,6.35,peri-urban,wet,4.23
1093,27.797472040907067,85.41339145930284,Kathmandu,deep_tube,227.13,7.58,125.52,6.8528,18.32,0.5185,520.86,750.042,413.0,5.153,0.021,6.74,urban,wet,8.85
1094,27.798739606025432,85.38816350030282,Kathmandu,shallow_tube,39.85,1.99,576.69,19.9465,28.91,4.3707,29.36,42.275,357.0,6.51,0.632,6.68,urban,wet,0.0
1095,27.773869868762617,85.23626266020035,Kathmandu,deep_tube,236.44,33.92,387.19,15.0089,25.8,3.6096,334.03,481.008,169.7,7.384,0.82,6.89,urban,dry,20.92
1096,27.669896595444804,85.36994780031783,Lalitpur,deep_tube,277.68,11.56,103.74,3.5146,29.52,0.9965,439.31,632.608,392.6,2.202,0.37,7.0,urban,dry,10.68
1097,27.689009056662975,85.44710117303899,Lalitpur,shallow_tube,38.9,10.44,112.88,4.0124,28.13,0.9755,25.88,37.27,181.1,0.01,0.889,7.24,peri-urban,dry,12.93
1098,27.77130824413776,85.32921893579874,Kathmandu,dug,5.8,9.87,425.46,23.7645,17.9,2.474,1.0,1.44,718.0,5.413,0.627,6.6,urban,wet,40.64
1099,27.708970711567208,85.44343982681076,Lalitpur,shallow_tube,50.97,14.16,220.22,11.8741,18.55,2.0982,64.48,92.857,357.8,2.241,0.615,8.67,green,wet,8.36
1100,27.73888498990473,85.44207338956824,Lalitpur,dug,4.81,3.18,153.0,3.4027,44.97,0.706,1.0,1.44,869.8,6.966,0.01,7.84,urban,wet,37.73
1101,27.75179133024232,85.39957131916212,Bhaktapur,shallow_tube,58.28,9.1,113.52,7.5313,15.07,0.3587,96.04,138.303,477.0,2.892,0.986,6.99,urban,dry,5.87
1102,27.60871151607095,85.27732334450437,Kathmandu,dug,4.47,1.69,748.14,16.8489,44.4,3.5321,3.23,4.647,212.9,5.115,0.231,6.7,peri-urban,wet,31.16
1103,27.69117367432039,85.33943628511072,Lalitpur,dug,7.03,12.46,258.11,8.9017,28.99,0.8564,1.0,1.44,164.5,2.739,0.438,6.89,peri-urban,dry,24.92
1104,27.754468195110768,85.35634809992838,Kathmandu,shallow_tube,52.05,0.5,1287.22,111.382,11.56,5.7695,29.01,41.771,179.8,9.79,0.746,6.55,urban,dry,0.0
1105,27.737035715636043,85.40137915717077,Kathmandu,shallow_tube,44.45,20.54,518.47,14.7637,35.12,4.1893,47.97,69.078,494.4,3.203,0.631,6.35,urban,dry,25.73
1106,27.737079049181908,85.40549658192143,Kathmandu,deep_tube,119.16,42.95,176.54,4.1613,42.42,0.8188,50.0,72.0,470.1,4.762,1.151,6.87,urban,dry,46.83
1107,27.626999113866127,85.30564066625485,Kathmandu,shallow_tube,55.14,10.03,203.14,6.641,30.59,0.9602,87.11,125.439,793.7,4.299,1.016,7.68,peri-urban,wet,14.78
1108,27.632461569099295,85.42097136580979,Kathmandu,dug,2.67,11.49,150.94,7.9981,18.87,0.5548,9.49,13.659,156.2,2.318,0.629,7.42,peri-urban,wet,25.66
1109,27.623586638979035,85.21534323245338,Kathmandu,dug,9.92,23.81,145.08,11.1975,12.96,0.9224,1.0,1.44,477.1,3.34,0.519,6.12,peri-urban,dry,51.33
1110,27.65073523031903,85.26083862997957,Kathmandu,deep_tube,134.98,18.72,61.39,2.6201,23.43,0.2614,702.26,1011.249,270.5,1.507,0.563,7.93,green,dry,15.27
1111,27.739499402057717,85.42687658731636,Bhaktapur,shallow_tube,11.01,18.65,312.73,23.3829,13.37,2.2657,137.88,198.554,248.5,5.203,0.504,6.43,urban,dry,12.84
1112,27.608241739148312,85.36893466616338,Kathmandu,deep_tube,40.75,18.83,179.79,9.5273,18.87,1.781,783.56,1128.32,488.9,8.017,0.292,6.93,urban,wet,10.57
1113,27.65268868149751,85.35334254244046,Kathmandu,shallow_tube,33.77,1.28,630.91,28.6725,22.0,2.4294,106.91,153.95,747.0,7.603,0.8,6.93,urban,dry,8.6
1114,27.69121354607946,85.40459613908986,Kathmandu,shallow_tube,35.88,16.84,633.05,46.4134,13.64,3.1804,88.48,127.406,338.9,3.307,0.01,7.08,peri-urban,dry,7.01
1115,27.609943658497595,85.36372588307128,Kathmandu,dug,7.18,6.63,504.8,22.5722,22.36,1.7969,1.0,1.44,561.6,4.565,0.299,7.23,urban,dry,42.53
1116,27.612689860732008,85.3732719396924,Kathmandu,shallow_tube,51.38,16.13,203.1,18.2136,11.15,0.9578,50.18,72.261,607.8,1.928,0.268,7.29,green,wet,15.34
1117,27.615741400273706,85.2438419506351,Kathmandu,shallow_tube,44.03,12.15,204.02,4.1573,49.07,0.5881,60.46,87.057,311.9,3.7,0.877,7.03,urban,dry,0.14
1118,27.75381941851706,85.39050248511941,Kathmandu,deep_tube,97.21,3.17,337.2,10.4234,32.35,1.6845,664.75,957.233,575.9,7.664,0.965,6.7,urban,wet,4.04
1119,27.642170958095605,85.3397002085885,Bhaktapur,shallow_tube,54.78,0.5,400.69,11.9412,33.56,2.1803,51.22,73.761,320.3,2.807,0.604,6.92,green,wet,4.35
1120,27.654714314711057,85.34271020883054,Kathmandu,shallow_tube,60.83,14.5,236.95,19.2946,12.28,1.2321,5.0,7.2,537.6,6.498,0.829,6.76,urban,wet,40.28
1121,27.787038206091516,85.2842240463287,Bhaktapur,deep_tube,98.63,15.63,2000.0,70.5372,28.35,10.1832,1171.67,1687.212,294.6,3.592,0.914,7.23,green,wet,18.77
1122,27.669493928299527,85.35989346833303,Kathmandu,dug,6.2,4.88,1674.32,45.4486,36.84,9.0995,10.63,15.311,252.2,10.154,0.921,8.38,urban,wet,12.21
1123,27.62134733640292,85.34010287750391,Kathmandu,shallow_tube,55.7,10.06,228.19,7.4097,30.8,1.5633,59.37,85.5,351.2,3.16,0.453,6.57,green,wet,9.14
1124,27.733760119806682,85.37103006767647,Kathmandu,dug,5.14,0.86,98.41,2.0383,48.28,0.7985,5.93,8.54,371.4,1.055,0.01,6.91,peri-urban,dry,10.35
1125,27.70557927680868,85.33200683768256,Lalitpur,shallow_tube,48.95,19.98,243.08,5.7973,41.93,1.7262,23.95,34.492,462.6,2.227,0.247,6.82,green,wet,16.7
1126,27.722036602167364,85.42721284447059,Kathmandu,deep_tube,81.4,28.66,311.46,11.7024,26.62,0.9923,948.99,1366.541,311.1,3.769,0.359,7.27,urban,dry,16.69
1127,27.72150675825561,85.21553798178314,Kathmandu,shallow_tube,50.06,0.5,214.02,17.4073,12.29,1.4881,5.0,7.2,413.6,2.875,1.704,7.66,peri-urban,dry,22.49
1128,27.600218308204592,85.33255892318148,Kathmandu,dug,9.31,10.16,1934.95,78.4369,24.67,8.363,1.0,1.44,193.6,2.874,1.599,6.63,peri-urban,dry,33.8
1129,27.682205422373862,85.39743294083,Bhaktapur,shallow_tube,42.6,8.02,173.95,4.3587,39.91,1.2505,113.43,163.341,753.7,9.09,0.275,6.86,urban,dry,20.1
1130,27.754067224339366,85.31004612015424,Lalitpur,shallow_tube,51.79,32.06,209.06,4.264,49.03,1.6177,71.79,103.382,163.1,7.798,0.911,7.49,urban,dry,15.48
1131,27.608048171683677,85.21723515306981,Lalitpur,dug,8.33,10.81,409.99,13.2128,31.03,1.5745,6.59,9.491,315.0,9.225,0.719,7.47,urban,dry,30.99
1132,27.796459687264086,85.43672136109366,Lalitpur,shallow_tube,29.11,15.15,251.63,5.5213,45.57,2.1252,46.63,67.152,367.0,0.01,0.41,6.8,peri-urban,dry,20.49
1133,27.761280072026267,85.33348868259948,Lalitpur,shallow_tube,82.59,10.57,275.89,6.6934,41.22,2.165,69.36,99.88,881.6,6.948,0.524,7.46,urban,wet,10.75
1134,27.689509296282846,85.23966379249077,Kathmandu,shallow_tube,38.88,5.56,184.89,11.1412,16.59,0.4151,69.97,100.757,292.5,5.927,0.361,7.04,urban,dry,0.0
1135,27.71106231145741,85.2073960459095,Lalitpur,shallow_tube,53.01,23.47,520.52,14.2499,36.53,3.4712,59.09,85.095,268.5,3.359,0.527,7.04,peri-urban,dry,20.57
1136,27.780853261697175,85.31021809287377,Lalitpur,deep_tube,30.0,10.99,140.7,6.614,21.27,1.2488,257.68,371.064,577.4,2.862,0.346,7.91,green,wet,19.62
1137,27.643563303857043,85.42317657852378,Lalitpur,deep_tube,164.32,35.4,762.92,48.509,15.73,4.5052,369.85,532.589,162.6,1.199,1.127,7.27,green,dry,25.04
1138,27.642273328763025,85.20993228834118,Kathmandu,deep_tube,219.25,20.42,72.64,2.1762,33.38,0.2449,169.77,244.47,863.9,2.436,0.347,7.67,peri-urban,dry,20.75
1139,27.680434085408482,85.36633740806589,Bhaktapur,dug,3.31,15.91,235.02,8.8402,26.59,1.5725,3.86,5.555,625.2,1.512,0.782,7.13,peri-urban,dry,41.78
1140,27.67954639146074,85.3102514002328,Lalitpur,deep_tube,204.12,17.03,176.19,22.9275,7.68,0.9056,310.94,447.754,505.6,1.758,0.59,7.81,peri-urban,dry,17.69
1141,27.681893689668524,85.35432345661452,Bhaktapur,shallow_tube,49.3,6.77,1365.42,126.9201,10.76,8.9562,181.87,261.891,167.9,1.832,1.117,7.7,agriculture,dry,0.0
1142,27.70391785566685,85.43759678604478,Lalitpur,shallow_tube,73.69,8.26,402.18,61.7626,6.51,1.8913,22.84,32.884,373.9,2.985,0.541,6.51,peri-urban,wet,12.49
1143,27.787479855115574,85.20257584961344,Kathmandu,deep_tube,102.79,14.98,297.69,11.4516,26.0,2.5871,224.37,323.093,253.9,7.961,0.466,7.33,urban,dry,6.06
1144,27.622602525069397,85.26375891740912,Kathmandu,dug,8.21,21.1,349.19,37.2739,9.37,1.0352,5.98,8.615,414.0,4.78,0.886,8.16,urban,dry,41.94
1145,27.67352319329027,85.41597150816975,Kathmandu,shallow_tube,76.99,16.09,26.36,0.734,35.91,0.2158,16.83,24.232,844.3,1.306,0.872,6.9,green,dry,28.48
1146,27.69046897059993,85.4126998445799,Lalitpur,deep_tube,188.28,1.0,161.12,14.0904,11.43,1.1829,786.79,1132.976,548.8,8.498,0.865,7.66,urban,dry,12.2
1147,27.72629965653746,85.39906959457446,Kathmandu,dug,2.7,11.45,259.72,6.2741,41.4,1.6471,4.95,7.129,340.8,3.897,0.392,7.24,urban,dry,31.97
1148,27.77020531926035,85.43980964616262,Kathmandu,shallow_tube,39.98,16.29,1579.72,32.4216,48.72,11.4369,10.82,15.577,247.2,7.052,1.187,7.37,urban,dry,30.56
1149,27.717440425975365,85.27598797666543,Kathmandu,dug,7.92,15.03,368.19,17.9715,20.49,1.5626,9.89,14.244,269.5,2.841,0.255,6.6,agriculture,dry,30.23
1150,27.608898885363683,85.37456730798694,Lalitpur,shallow_tube,46.39,24.05,728.51,52.0985,13.98,3.0231,5.0,7.2,119.7,0.417,0.507,6.8,peri-urban,wet,36.16
1151,27.746332003851204,85.3175849036565,Lalitpur,shallow_tube,52.73,19.54,1150.78,69.0729,16.66,5.5675,5.0,7.2,849.3,2.809,0.983,6.33,urban,dry,42.25
1152,27.62055711571146,85.33577847167884,Kathmandu,shallow_tube,29.6,0.5,373.75,61.3649,6.09,2.3658,63.72,91.76,529.1,5.654,0.279,7.67,peri-urban,dry,6.85
1153,27.65539795635698,85.26053617493481,Bhaktapur,shallow_tube,81.79,26.59,178.82,18.278,9.78,1.0548,18.04,25.977,470.6,6.139,0.818,7.49,urban,dry,28.17
1154,27.796625281996324,85.25437329570504,Bhaktapur,shallow_tube,35.26,13.25,304.47,8.2133,37.07,1.0893,35.18,50.663,241.4,1.633,0.488,7.99,peri-urban,dry,16.29
1155,27.730276634231203,85.23609113971742,Kathmandu,dug,8.73,0.2,649.63,74.8256,8.68,1.9614,5.75,8.284,498.2,2.821,0.01,6.76,green,dry,21.46
1156,27.625448634548608,85.21797197285129,Lalitpur,shallow_tube,53.75,10.55,292.88,11.4714,25.53,0.8492,5.0,7.2,535.9,3.241,0.769,6.79,urban,wet,40.84
1157,27.676685226662784,85.26706067329101,Lalitpur,shallow_tube,38.36,17.42,309.21,14.6715,21.08,2.9895,24.59,35.406,224.4,10.165,0.194,7.96,urban,dry,24.96
1158,27.617601050061143,85.3569531072675,Kathmandu,deep_tube,244.5,5.43,85.62,4.583,18.68,0.3451,439.01,632.172,2000.0,3.62,0.844,6.15,urban,dry,33.81
1159,27.765300133396146,85.38193027408168,Kathmandu,deep_tube,154.32,36.62,220.28,5.8408,37.71,2.0675,560.09,806.53,434.8,8.035,0.373,6.87,urban,dry,28.35
1160,27.644243731215493,85.26119822660395,Kathmandu,dug,6.07,9.04,362.25,12.5861,28.78,3.2684,6.76,9.736,205.6,3.976,0.01,7.35,urban,wet,15.27
1161,27.73965738532612,85.35765932223981,Bhaktapur,shallow_tube,18.36,20.06,469.1,9.7347,48.19,3.2103,35.17,50.645,405.0,3.49,0.239,8.38,urban,dry,27.32
1162,27.69439544058753,85.26943428713857,Bhaktapur,dug,5.66,12.94,197.65,11.5443,17.12,1.2845,2.74,3.946,162.9,2.079,1.085,6.85,agriculture,dry,30.83
1163,27.790817470607145,85.25067914912768,Lalitpur,shallow_tube,59.38,0.59,1219.68,31.266,39.01,10.8286,144.75,208.438,339.2,6.727,0.783,6.48,urban,wet,1.43
1164,27.699680085132403,85.42587702633926,Lalitpur,deep_tube,125.81,16.84,346.02,63.6494,5.44,2.4385,50.0,72.0,324.2,0.01,0.665,7.65,peri-urban,wet,11.59
1165,27.78696651485438,85.41842817122648,Kathmandu,deep_tube,140.22,35.9,129.74,2.7266,47.58,0.8416,135.12,194.567,486.9,5.428,0.593,7.91,urban,dry,38.75
1166,27.771974950014055,85.20082917610122,Kathmandu,dug,6.08,6.51,319.06,8.4783,37.63,1.3134,5.63,8.108,552.4,1.769,1.294,7.61,urban,dry,33.69
1167,27.74576123980388,85.25727866693917,Bhaktapur,dug,3.6,5.69,91.81,2.0532,44.71,0.9105,4.58,6.595,914.0,1.817,1.093,7.15,peri-urban,dry,46.14
1168,27.677299198175344,85.33152270944595,Lalitpur,shallow_tube,54.27,0.5,120.09,5.0755,23.66,0.2635,93.97,135.312,287.8,0.01,0.353,7.27,peri-urban,wet,0.0
1169,27.602209272011333,85.3188898886958,Kathmandu,shallow_tube,20.35,32.01,90.19,10.9225,8.26,0.258,100.38,144.542,617.6,8.716,0.603,7.68,urban,dry,25.24
1170,27.718788810561374,85.4438711233376,Kathmandu,shallow_tube,39.77,16.06,217.37,9.0075,24.13,2.0757,141.47,203.72,403.0,1.558,0.227,7.04,peri-urban,wet,7.0
1171,27.619018759960547,85.26059411491232,Kathmandu,shallow_tube,29.0,3.47,354.34,9.8537,35.96,1.4403,58.48,84.205,547.9,4.292,0.414,6.69,peri-urban,wet,2.77
1172,27.716004960463394,85.3766214087518,Kathmandu,shallow_tube,36.52,5.29,57.45,2.71,21.2,0.4129,71.69,103.234,391.7,3.982,0.953,6.23,urban,wet,10.3
1173,27.69435610578253,85.26981965947462,Kathmandu,dug,8.02,13.01,275.63,17.592,15.67,2.2695,1.13,1.632,528.5,3.551,0.856,7.56,urban,dry,54.18
1174,27.692174041046766,85.42493527274493,Kathmandu,shallow_tube,45.53,5.84,223.57,5.3335,41.92,0.6904,68.6,98.782,458.6,3.564,0.541,7.22,urban,wet,2.45
1175,27.613940936541347,85.25585115615905,Kathmandu,shallow_tube,66.21,19.22,276.73,7.174,38.57,1.0471,49.11,70.719,615.5,6.914,1.005,7.14,urban,dry,25.9
1176,27.761706335154457,85.29502323643646,Lalitpur,shallow_tube,54.93,1.35,118.4,3.3303,35.55,1.0792,88.5,127.445,544.0,2.691,0.855,6.66,urban,dry,16.03
1177,27.76050845143147,85.38463081164285,Lalitpur,deep_tube,207.54,5.28,421.7,17.8307,23.65,2.8355,521.9,751.536,474.1,1.568,1.047,7.41,peri-urban,wet,0.0
1178,27.684179704495143,85.36291649892189,Kathmandu,shallow_tube,34.84,20.3,281.3,13.1203,21.44,1.4202,11.65,16.779,1192.8,2.05,1.017,6.94,green,dry,50.09
1179,27.73914610560648,85.37680021823726,Kathmandu,dug,5.71,7.65,200.12,4.7902,41.78,1.0207,1.06,1.532,529.2,7.636,0.92,7.81,urban,wet,29.64
1180,27.6804622393038,85.20638857116235,Kathmandu,shallow_tube,27.8,22.34,114.93,3.5959,31.96,0.6634,5.0,7.2,163.4,3.391,0.962,6.77,urban,dry,49.72
1181,27.71104061778286,85.26331772391687,Kathmandu,deep_tube,191.42,30.23,62.04,1.5827,39.2,0.5398,447.86,644.913,235.9,1.274,0.764,7.78,peri-urban,dry,21.24
1182,27.66370371531706,85.30627922472796,Lalitpur,dug,5.15,13.6,259.37,28.324,9.16,1.9564,1.0,1.44,818.2,2.513,1.372,7.11,urban,dry,54.07
1183,27.614800915139902,85.33234149687445,Lalitpur,shallow_tube,48.99,15.62,277.66,16.0142,17.34,1.8386,93.55,134.705,240.3,2.977,0.312,6.73,urban,wet,14.96
1184,27.637086248280948,85.43953768693997,Kathmandu,shallow_tube,41.77,27.99,93.06,2.1297,43.7,0.2319,61.91,89.146,352.0,3.971,0.834,6.79,urban,dry,21.95
1185,27.716495013510823,85.37076068677115,Lalitpur,shallow_tube,94.04,10.91,974.29,31.0159,31.41,3.1632,22.73,32.726,244.1,2.478,1.323,6.96,agriculture,wet,12.31
1186,27.779751845195996,85.42316650395573,Kathmandu,shallow_tube,11.29,7.8,485.97,58.236,8.34,2.2105,5.0,7.2,192.6,3.855,0.01,7.53,urban,wet,35.83
1187,27.730725886463464,85.25264597352066,Kathmandu,dug,5.38,6.25,149.14,4.394,33.94,1.3753,3.98,5.729,260.9,8.005,0.543,7.33,urban,dry,38.58
1188,27.776697148467104,85.31236044956033,Kathmandu,deep_tube,142.85,29.16,1214.46,72.6861,16.71,9.494,891.1,1283.19,516.7,0.711,0.283,7.01,peri-urban,dry,24.61
1189,27.659479554631545,85.31847071833606,Kathmandu,dug,9.44,2.38,2000.0,89.7158,22.29,7.0872,6.13,8.822,304.5,6.618,1.183,6.16,urban,wet,10.41
1190,27.708514209840764,85.44552047526886,Lalitpur,deep_tube,137.39,18.16,2000.0,43.8181,45.64,19.0377,480.25,691.554,350.8,5.206,0.704,7.37,urban,dry,19.23
1191,27.7750523215316,85.44861939442691,Kathmandu,dug,5.01,2.79,675.21,13.8037,48.91,5.1456,4.71,6.789,183.6,10.167,0.402,7.93,urban,dry,20.61
1192,27.763069914652085,85.25763378049793,Kathmandu,shallow_tube,39.34,17.72,147.87,7.4845,19.76,0.7971,5.0,7.2,675.8,6.739,0.472,7.2,urban,dry,47.64
1193,27.65517976338437,85.24832849931131,Lalitpur,shallow_tube,61.45,5.66,565.75,19.3829,29.19,3.9035,39.49,56.863,204.8,2.329,0.554,7.0,urban,wet,0.0
1194,27.77889830897496,85.25150684298023,Kathmandu,shallow_tube,31.31,1.64,363.42,21.0692,17.25,1.2148,60.34,86.887,328.8,4.392,1.089,7.72,urban,wet,0.0
1195,27.630070025183848,85.35430546479186,Bhaktapur,dug,8.34,0.2,698.69,14.8289,47.12,2.3816,6.03,8.683,629.4,8.008,0.475,7.83,urban,dry,20.06
1196,27.667785438671373,85.22240816952748,Bhaktapur,shallow_tube,22.93,5.98,99.28,2.2243,44.63,0.2263,37.0,53.281,819.4,4.192,0.228,7.0,peri-urban,wet,17.22
1197,27.678444045720408,85.40562309412651,Kathmandu,deep_tube,30.0,7.41,92.71,2.4392,38.01,0.4152,596.13,858.422,288.4,7.112,0.486,7.25,peri-urban,wet,18.0
1198,27.683407991793846,85.4487235483242,Kathmandu,shallow_tube,45.13,9.14,135.12,3.12,43.31,0.6963,19.36,27.885,525.8,0.01,0.757,8.16,peri-urban,wet,18.21
1199,27.602377281769478,85.35936676470354,Kathmandu,dug,4.36,17.33,223.45,4.7748,46.8,0.6996,3.01,4.337,363.7,4.684,0.442,7.65,peri-urban,dry,38.21
1200,27.706965615648024,85.43590195545592,Kathmandu,shallow_tube,47.92,28.81,67.53,2.297,29.4,0.549,5.0,7.2,115.7,8.33,0.529,6.89,urban,dry,41.23
1201,27.635963113996205,85.40071938447247,Kathmandu,deep_tube,144.95,1.0,605.44,44.8347,13.5,4.9375,548.61,790.001,112.1,6.886,0.949,7.16,peri-urban,wet,0.0
1202,27.732804321344,85.27399824554143,Kathmandu,dug,6.45,10.45,364.49,65.0021,5.61,3.3546,7.92,11.398,334.4,3.752,0.292,6.75,urban,dry,30.23
1203,27.76464313014221,85.39464331648948,Kathmandu,dug,3.95,11.63,679.72,23.251,29.23,6.7885,1.0,1.44,885.3,1.525,0.584,6.82,agriculture,dry,49.3
1204,27.674629707390594,85.30589434639543,Kathmandu,deep_tube,115.73,9.47,567.26,21.2509,26.69,2.2501,652.47,939.551,1521.7,5.841,0.01,7.43,urban,dry,32.48
1205,27.77775540510059,85.38387110145719,Bhaktapur,dug,9.27,6.75,119.72,6.2029,19.3,0.4897,5.61,8.075,110.8,3.06,0.816,7.1,agriculture,dry,29.09
1206,27.669205256805352,85.21440584542104,Bhaktapur,dug,4.58,11.11,224.69,12.6805,17.72,0.987,7.21,10.377,407.2,1.55,1.176,6.59,peri-urban,wet,28.3
1207,27.792788253396733,85.43984840311096,Lalitpur,shallow_tube,24.57,0.5,159.0,3.3235,47.84,1.2072,82.26,118.453,645.8,6.105,0.039,7.13,urban,wet,3.81
1208,27.768189703960964,85.23624894139112,Kathmandu,shallow_tube,41.07,0.5,312.06,9.3849,33.25,2.1026,37.33,53.758,147.8,9.804,0.981,7.16,urban,wet,0.0
1209,27.764406509368474,85.24852594179178,Kathmandu,shallow_tube,16.64,8.12,109.4,4.8912,22.37,0.7724,143.26,206.294,1126.4,4.223,0.619,6.56,urban,dry,22.6
1210,27.651311701249792,85.25488275495391,Kathmandu,shallow_tube,71.17,6.24,89.95,2.0023,44.92,0.629,65.54,94.371,388.3,5.208,0.681,7.36,urban,wet,10.68
1211,27.621337276845317,85.2136475692628,Lalitpur,deep_tube,128.11,8.49,309.1,11.5995,26.65,2.2922,643.31,926.363,403.7,6.112,0.183,6.09,urban,wet,8.87
1212,27.708852004361898,85.23330742681921,Kathmandu,shallow_tube,63.27,12.24,577.27,15.0632,38.32,1.4994,5.0,7.2,343.0,3.605,1.204,6.61,urban,wet,32.02
1213,27.61480399805118,85.25905787382747,Kathmandu,shallow_tube,31.0,24.7,526.57,50.8167,10.36,3.1642,95.93,138.137,1098.9,1.843,0.394,7.59,peri-urban,dry,26.97
1214,27.77454609681207,85.2703339352016,Kathmandu,shallow_tube,35.38,7.95,411.07,27.5852,14.9,1.3707,31.98,46.057,300.1,6.056,1.195,7.89,peri-urban,dry,2.42
1215,27.694291268176162,85.28226532124114,Kathmandu,deep_tube,118.21,1.0,127.8,5.4859,23.3,1.0551,85.22,122.716,576.9,9.866,1.152,7.2,urban,dry,6.94
1216,27.654531052630688,85.34296806362734,Kathmandu,deep_tube,282.57,11.11,474.05,40.5359,11.69,4.1888,904.9,1303.059,1021.7,0.772,0.332,8.03,agriculture,wet,21.62
1217,27.689448141645702,85.35847284747311,Kathmandu,shallow_tube,33.42,9.99,1097.78,56.1651,19.55,2.3145,25.42,36.603,756.1,6.339,0.01,6.93,urban,wet,28.48
1218,27.732620407009033,85.38017106256783,Kathmandu,dug,6.62,8.45,365.41,7.4794,48.86,3.5287,3.62,5.213,621.7,1.68,0.265,7.48,peri-urban,wet,42.39
1219,27.601208539371616,85.30075808363564,Kathmandu,shallow_tube,41.04,17.38,290.6,19.2673,15.08,1.8866,106.03,152.678,292.9,3.898,0.127,6.33,agriculture,dry,15.47
1220,27.6543881605626,85.33465791188308,Kathmandu,deep_tube,101.57,24.85,159.89,3.339,47.89,1.2837,200.1,288.143,95.5,5.161,0.492,6.45,urban,dry,17.54
1221,27.759475074954036,85.3935496648823,Kathmandu,shallow_tube,48.12,16.6,340.79,9.6919,35.16,1.9623,94.19,135.641,357.1,1.906,0.496,7.64,urban,wet,6.34
1222,27.623659778008147,85.35046190751181,Bhaktapur,shallow_tube,14.67,11.95,399.6,15.7552,25.36,1.8196,78.47,112.997,309.5,5.297,0.01,7.26,urban,wet,0.47
1223,27.681854545729237,85.27374559598059,Kathmandu,shallow_tube,45.25,20.8,391.74,16.7464,23.39,3.7047,46.73,67.285,428.1,6.761,0.434,7.89,urban,dry,32.47
1224,27.678109529344894,85.35792439820578,Bhaktapur,dug,3.16,3.48,305.69,13.4994,22.65,1.4199,5.91,8.515,474.5,5.643,0.417,6.53,urban,dry,23.2
1225,27.63598283932214,85.30621551450338,Lalitpur,deep_tube,191.74,7.44,170.98,9.7031,17.62,0.9292,308.48,444.204,803.9,0.365,0.878,7.29,peri-urban,dry,2.31
1226,27.727568835977547,85.33572374533915,Kathmandu,shallow_tube,8.0,14.97,640.33,17.0673,37.52,4.3413,90.69,130.587,1218.6,1.73,0.572,7.03,urban,dry,35.24
1227,27.760227741659754,85.26819661767021,Kathmandu,shallow_tube,57.76,20.1,280.52,27.3571,10.25,1.6531,15.71,22.629,355.8,7.178,0.793,8.0,urban,dry,36.39
1228,27.781602325492845,85.22293797195647,Kathmandu,shallow_tube,22.76,19.94,531.75,38.6257,13.77,5.0363,62.0,89.284,293.3,1.619,0.393,7.36,peri-urban,dry,9.35
1229,27.695422606335487,85.20106878116512,Bhaktapur,shallow_tube,27.48,10.23,238.61,7.0418,33.88,1.181,60.55,87.186,514.8,6.189,0.711,6.88,urban,dry,14.06
1230,27.64891191018626,85.34877410933566,Kathmandu,deep_tube,88.05,1.0,462.55,54.7476,8.45,3.1322,539.04,776.222,641.1,9.529,0.553,6.89,urban,wet,17.45
1231,27.70045338777044,85.40911909515411,Kathmandu,shallow_tube,30.44,1.37,213.93,12.0489,17.75,1.5736,67.2,96.772,270.2,3.755,1.284,7.31,peri-urban,wet,0.0
1232,27.782365452808698,85.42662506912835,Kathmandu,shallow_tube,39.4,4.43,1132.73,121.6137,9.31,5.7213,95.33,137.271,243.5,3.746,1.02,7.59,peri-urban,wet,3.32
1233,27.75386611776493,85.40786044495846,Kathmandu,shallow_tube,34.21,11.81,1130.93,25.665,44.07,8.9052,36.83,53.038,182.5,1.812,1.139,7.48,peri-urban,dry,13.28
1234,27.682907702570255,85.32524504085823,Lalitpur,dug,6.52,10.99,514.46,13.0768,39.34,2.9072,2.9,4.178,533.7,8.581,0.213,7.15,urban,dry,39.61
1235,27.747380402318193,85.38221225484115,Kathmandu,dug,1.5,4.38,255.38,9.9469,25.67,2.481,7.22,10.4,551.0,5.013,0.73,8.46,urban,wet,32.0
1236,27.61576559942204,85.3251720085502,Lalitpur,dug,6.88,10.76,195.48,21.121,9.26,1.0225,5.91,8.516,345.6,0.87,0.443,7.93,peri-urban,wet,38.26
1237,27.788390180732275,85.43800998113646,Lalitpur,dug,6.42,0.2,329.77,7.3553,44.83,0.9468,7.23,10.405,292.6,6.114,0.263,6.49,peri-urban,dry,12.63
1238,27.777728636178818,85.36946279607672,Kathmandu,shallow_tube,47.72,22.39,786.49,32.9724,23.85,4.5619,61.87,89.094,645.9,2.812,0.632,6.93,urban,dry,31.39
1239,27.6191530720213,85.34201166044689,Kathmandu,shallow_tube,59.27,12.19,38.04,0.9231,41.21,0.2521,5.0,7.2,319.7,0.849,0.875,6.34,urban,wet,29.01
1240,27.6637208862693,85.31131750704539,Lalitpur,shallow_tube,40.44,24.01,150.34,13.2632,11.33,0.8914,123.05,177.19,232.0,3.174,0.376,5.79,agriculture,dry,23.17
1241,27.742125090476144,85.35048123815174,Bhaktapur,shallow_tube,74.94,0.85,893.08,18.3329,48.71,6.2044,110.49,159.098,226.7,4.939,0.561,7.96,peri-urban,wet,0.98
1242,27.690176739285523,85.44583039940932,Kathmandu,dug,8.76,0.2,106.52,4.8481,21.97,0.751,7.13,10.26,630.1,8.422,1.467,6.86,urban,dry,17.63
1243,27.633516496664804,85.29175043553272,Kathmandu,shallow_tube,58.23,0.5,445.3,14.3251,31.09,2.821,35.83,51.599,677.0,7.526,1.625,6.69,urban,wet,9.37
1244,27.663041798503947,85.3654067153831,Kathmandu,shallow_tube,54.77,25.47,373.72,22.8542,16.35,2.1204,68.87,99.166,285.7,1.988,0.66,7.16,peri-urban,dry,11.83
1245,27.61200216377122,85.35518100300605,Kathmandu,dug,4.78,9.4,721.87,25.7783,28.0,6.7292,8.78,12.638,570.3,6.394,0.193,6.85,urban,dry,34.06
1246,27.634993127978152,85.4301401755251,Kathmandu,shallow_tube,35.8,15.88,254.81,10.7191,23.77,1.8651,26.66,38.391,196.6,0.01,1.081,7.78,peri-urban,dry,21.64
1247,27.71849711619056,85.25987420812525,Kathmandu,deep_tube,183.09,43.35,403.09,17.8874,22.54,1.4447,823.25,1185.477,486.0,8.373,1.103,7.83,urban,dry,42.33
1248,27.626080776996073,85.25873419423723,Lalitpur,dug,8.86,16.82,2000.0,119.5377,16.73,11.4076,4.55,6.547,663.5,0.187,0.534,6.85,peri-urban,dry,47.06
1249,27.64929850501406,85.30773286081751,Kathmandu,shallow_tube,23.93,0.5,786.57,23.0798,34.08,5.0792,60.38,86.942,956.3,8.662,0.96,6.73,urban,wet,6.68
1250,27.701616107237136,85.23346927104087,Kathmandu,dug,7.81,1.15,212.46,32.0803,6.62,0.5698,8.1,11.67,686.7,4.377,0.589,6.91,peri-urban,wet,17.88
1251,27.759507452116377,85.25716877959665,Kathmandu,shallow_tube,48.5,34.62,177.86,6.4484,27.58,1.3496,5.0,7.2,337.9,0.414,0.693,6.35,green,dry,46.41
1252,27.642817493717704,85.43335999731006,Bhaktapur,dug,8.48,6.45,592.11,17.1982,34.43,4.5304,7.5,10.799,326.6,5.936,0.641,7.09,urban,dry,24.02
1253,27.742955473086926,85.41550873681425,Lalitpur,dug,6.87,12.76,47.46,1.0782,44.02,0.1906,5.25,7.555,124.7,7.952,0.763,6.71,urban,dry,33.85
1254,27.661653400597253,85.32171214377587,Lalitpur,deep_tube,240.81,10.88,183.77,10.0924,18.21,0.8586,957.59,1378.926,214.6,0.01,0.396,6.73,urban,wet,3.35
1255,27.70724183421367,85.36773950851757,Lalitpur,shallow_tube,38.49,5.88,629.32,85.5771,7.35,3.2556,54.79,78.894,353.7,4.542,0.155,6.74,urban,wet,0.0
1256,27.742647830404042,85.29231720573888,Kathmandu,shallow_tube,58.34,0.5,1379.99,33.5268,41.16,7.6552,132.93,191.42,374.6,6.713,0.176,7.41,urban,dry,3.77
1257,27.775403312323537,85.27018548823567,Kathmandu,dug,7.54,5.15,509.74,11.6101,43.91,4.0763,5.14,7.398,213.3,6.396,0.448,7.15,urban,dry,22.68
1258,27.64572421160589,85.42186972120282,Lalitpur,shallow_tube,72.86,10.33,324.36,6.6254,48.96,3.2316,70.19,101.068,450.3,2.634,0.508,6.83,urban,wet,15.61
1259,27.695654412965194,85.34134987949616,Lalitpur,deep_tube,217.69,32.11,579.88,40.1455,14.44,5.457,777.1,1119.018,829.4,4.575,0.01,6.19,urban,dry,19.62
1260,27.707667302588852,85.3586714035918,Bhaktapur,shallow_tube,42.2,9.39,1061.65,25.9277,40.95,6.7366,37.32,53.736,211.5,0.373,0.344,7.27,peri-urban,wet,16.95
1261,27.688502246389064,85.33491193013259,Kathmandu,shallow_tube,51.93,13.62,245.35,5.8172,42.18,2.4504,23.93,34.455,428.8,2.11,0.311,7.42,peri-urban,wet,18.5
1262,27.690266242651898,85.42461583711965,Kathmandu,shallow_tube,12.04,15.43,116.31,3.1907,36.45,0.6113,55.52,79.942,334.8,5.238,0.86,7.18,urban,wet,10.79
1263,27.758237337446875,85.24017985252483,Lalitpur,shallow_tube,42.94,0.5,77.34,2.3364,33.1,0.2401,28.84,41.523,351.0,1.921,0.584,6.72,peri-urban,wet,0.0
1264,27.787956589285727,85.29895920218922,Kathmandu,dug,6.56,1.01,113.84,2.8377,40.12,0.257,3.43,4.943,460.9,2.551,1.015,7.5,urban,wet,34.73
1265,27.672843408949657,85.24289373594078,Kathmandu,shallow_tube,50.07,1.25,205.87,8.8485,23.27,1.9284,99.19,142.829,312.3,7.915,0.315,7.84,urban,wet,3.98
1266,27.79726494172916,85.38108185020351,Kathmandu,shallow_tube,55.58,15.49,338.33,13.0313,25.96,3.2765,72.37,104.214,693.7,4.568,0.874,7.17,urban,wet,27.51
1267,27.628425407383176,85.42112552030663,Kathmandu,shallow_tube,40.01,0.5,150.35,3.2529,46.22,1.4382,28.29,40.743,313.1,5.157,0.379,6.54,peri-urban,wet,4.02
1268,27.697408859893994,85.43031867911223,Lalitpur,shallow_tube,24.26,5.03,382.11,13.002,29.39,2.9278,20.63,29.711,544.2,2.255,0.433,6.68,peri-urban,dry,10.68
1269,27.608879311833928,85.23984958516812,Bhaktapur,shallow_tube,50.47,5.89,727.88,23.1043,31.5,2.2912,32.78,47.201,379.4,6.862,0.395,7.75,urban,wet,5.43
1270,27.731299662515777,85.32738236165771,Kathmandu,deep_tube,158.4,3.44,218.64,8.9677,24.38,1.9639,81.35,117.149,157.8,8.108,0.792,8.49,urban,wet,7.83
1271,27.635246567630183,85.32466500520466,Bhaktapur,shallow_tube,52.32,0.5,2000.0,49.6838,40.25,4.4622,54.49,78.47,990.4,4.685,0.98,7.33,urban,dry,9.55
1272,27.726896299183803,85.39236681865862,Kathmandu,shallow_tube,26.4,9.82,198.47,4.6048,43.1,1.6264,85.64,123.326,492.9,2.604,0.626,7.62,peri-urban,wet,21.09
1273,27.681774112190713,85.42560312464477,Kathmandu,dug,5.67,8.7,766.4,60.8051,12.6,6.3692,15.83,22.801,821.1,2.412,1.001,7.74,urban,dry,19.53
1274,27.731516377360666,85.2470042883884,Kathmandu,shallow_tube,23.63,14.98,1308.66,95.543,13.7,10.4926,45.75,65.874,420.9,8.561,0.135,8.33,urban,wet,22.88
1275,27.75997164435058,85.33221084355469,Lalitpur,shallow_tube,35.28,19.98,248.0,10.5398,23.53,1.1862,37.26,53.66,618.8,3.407,0.01,7.86,urban,dry,25.85
1276,27.67553019016784,85.28816120163359,Kathmandu,deep_tube,145.53,7.44,70.71,1.5722,44.98,0.2633,81.11,116.793,496.8,4.601,1.118,6.25,green,dry,5.1
1277,27.642535285898976,85.35099693845807,Bhaktapur,shallow_tube,37.23,24.84,228.4,6.1094,37.38,1.3331,30.32,43.655,405.9,6.697,0.01,7.71,urban,dry,34.87
1278,27.647042144842416,85.39254678777621,Kathmandu,shallow_tube,44.36,14.5,175.26,26.407,6.64,0.6638,92.32,132.947,494.9,6.121,0.01,7.7,urban,dry,13.34
1279,27.704687741772005,85.20895589689265,Kathmandu,shallow_tube,24.95,13.13,51.1,8.73,5.85,0.464,25.72,37.033,565.0,3.72,0.166,7.49,green,wet,25.22
1280,27.78351655680597,85.41606869008518,Bhaktapur,dug,7.97,0.2,317.81,7.4131,42.87,3.0787,1.0,1.44,300.3,9.058,0.222,8.12,urban,wet,31.87
1281,27.655276164221256,85.34247425979258,Lalitpur,deep_tube,247.45,16.63,183.28,8.666,21.15,0.4192,720.23,1037.129,182.9,1.706,0.461,6.29,peri-urban,dry,14.98
1282,27.683597604837775,85.37820268927895,Kathmandu,shallow_tube,38.25,20.98,189.68,4.3317,43.79,0.9453,103.8,149.466,270.0,4.127,0.407,7.18,urban,dry,11.26
1283,27.74800150255456,85.32843628612012,Kathmandu,shallow_tube,35.92,13.33,191.12,4.0607,47.07,1.2711,90.28,129.996,213.6,5.482,0.413,6.9,urban,dry,5.59
1284,27.736552482395194,85.4064542291886,Lalitpur,shallow_tube,35.42,0.5,213.42,18.1977,11.73,1.2962,43.09,62.054,603.0,3.587,1.032,7.61,urban,dry,10.51
1285,27.717611213467794,85.2806196884299,Kathmandu,dug,6.37,11.88,1768.59,36.2675,48.77,15.1259,6.62,9.527,246.9,6.39,0.407,7.24,urban,dry,28.44
1286,27.726997417972488,85.23602129026287,Kathmandu,shallow_tube,41.12,0.5,156.08,3.7683,41.42,0.3974,25.04,36.063,244.3,5.396,0.392,7.46,peri-urban,wet,0.0
1287,27.68888712195491,85.23209882887441,Bhaktapur,shallow_tube,40.65,14.39,215.43,5.0827,42.39,1.9172,11.63,16.751,416.6,6.928,0.609,8.32,urban,dry,29.09
1288,27.68229697522731,85.28637688675312,Kathmandu,shallow_tube,25.09,29.65,2000.0,81.4129,24.57,17.24,5.0,7.2,420.1,3.456,1.302,6.73,urban,dry,60.9
1289,27.7622772447176,85.429728649249,Lalitpur,shallow_tube,41.35,10.51,276.77,6.0892,45.45,0.9922,61.74,88.909,276.0,2.594,1.02,7.46,peri-urban,wet,13.57
1290,27.61747538318136,85.39051087697125,Kathmandu,dug,2.79,3.0,139.94,23.7799,5.88,0.8093,6.55,9.43,503.3,5.533,0.384,7.28,peri-urban,dry,20.74
1291,27.72975923294728,85.40040734886573,Lalitpur,dug,6.73,7.69,736.17,88.1126,8.35,2.5118,4.37,6.299,328.0,5.14,0.226,7.87,urban,wet,24.25
1292,27.629640826533745,85.37270411227826,Kathmandu,dug,8.04,10.47,236.97,5.951,39.82,2.3062,5.57,8.026,465.3,0.507,0.702,7.39,peri-urban,wet,31.03
1293,27.760662582441444,85.35361473149334,Kathmandu,dug,4.36,0.2,401.96,8.1115,49.55,3.5754,1.18,1.7,413.1,11.738,0.138,6.73,urban,dry,23.93
1294,27.613857640618065,85.27146695891157,Kathmandu,shallow_tube,55.08,20.17,126.53,13.0528,9.69,0.62,87.99,126.7,170.9,4.451,0.493,7.02,agriculture,dry,10.69
1295,27.621292760717537,85.27741987538013,Kathmandu,deep_tube,119.41,48.56,443.37,11.6246,38.14,2.906,814.21,1172.46,652.0,8.117,0.246,7.35,urban,dry,39.57
1296,27.643214346534677,85.30417482051087,Kathmandu,deep_tube,135.2,1.0,319.12,17.0819,18.68,2.7082,116.53,167.802,665.7,7.206,0.944,7.32,urban,dry,11.06
1297,27.654333361336604,85.32421596393618,Kathmandu,shallow_tube,70.86,40.11,735.61,23.6392,31.12,3.0691,5.0,7.2,323.8,1.57,0.656,7.19,peri-urban,dry,52.98
1298,27.636645173381073,85.34626051203618,Kathmandu,shallow_tube,40.6,12.3,337.76,23.0855,14.63,2.911,41.43,59.657,650.5,4.798,0.826,6.87,urban,wet,23.06
1299,27.635281517213972,85.33599240894942,Kathmandu,deep_tube,230.12,15.57,413.49,18.5046,22.35,3.6636,614.7,885.162,285.6,4.813,0.995,6.69,urban,dry,19.64
1300,27.69498379744223,85.30094177261395,Bhaktapur,shallow_tube,32.83,2.42,365.02,8.1698,44.68,1.572,115.29,166.017,334.9,4.597,0.01,7.05,agriculture,wet,0.0
1301,27.780900828243617,85.40056080449746,Kathmandu,shallow_tube,50.27,6.32,1206.63,221.0823,5.46,9.1461,113.36,163.236,181.4,3.025,0.709,8.01,peri-urban,wet,0.0
1302,27.735043929507928,85.202559500644,Kathmandu,dug,7.05,2.79,258.97,8.3243,31.11,2.0108,8.01,11.531,149.2,3.706,0.414,7.26,peri-urban,dry,8.12
1303,27.64525246385355,85.4053404481673,Kathmandu,dug,11.08,7.65,193.48,4.04,47.89,1.1594,5.46,7.86,1045.9,7.02,0.516,7.52,urban,wet,32.62
1304,27.65686902038899,85.36331155383898,Kathmandu,shallow_tube,47.15,25.16,218.77,20.8571,10.49,0.7104,5.0,7.2,489.6,0.431,1.073,6.05,urban,dry,51.61
1305,27.746903354854755,85.22568886058015,Lalitpur,shallow_tube,18.69,8.89,673.34,18.888,35.65,6.4511,5.0,7.2,857.1,6.444,0.849,7.78,urban,dry,37.64
1306,27.7427344374019,85.27079581794526,Kathmandu,shallow_tube,40.42,3.63,44.67,0.8958,49.87,0.2353,66.9,96.332,196.9,5.507,0.453,6.99,urban,dry,4.28
1307,27.78306343852786,85.34689399441082,Kathmandu,deep_tube,120.93,1.0,1468.31,134.0088,10.96,4.1606,77.9,112.173,642.1,7.264,0.746,7.07,urban,dry,9.46
1308,27.72334551835731,85.43875337074564,Lalitpur,dug,4.32,4.21,455.02,29.3266,15.52,1.5932,4.91,7.075,363.1,4.506,0.117,7.35,agriculture,wet,40.08
1309,27.71838637684452,85.22404992345058,Kathmandu,deep_tube,152.47,19.34,941.54,30.3856,30.99,8.3022,525.83,757.2,93.4,5.97,1.022,6.85,urban,dry,9.18
1310,27.623751760725153,85.27758567851431,Kathmandu,shallow_tube,41.5,4.98,85.9,11.027,7.79,0.4458,8.39,12.078,248.8,5.302,1.09,6.74,peri-urban,dry,14.82
1311,27.70810072099957,85.3152664223024,Kathmandu,shallow_tube,44.27,7.26,107.7,2.1673,49.69,1.0645,69.47,100.03,199.2,7.514,0.492,6.67,urban,dry,4.05
1312,27.64295800774785,85.26708701681214,Kathmandu,shallow_tube,21.29,14.89,154.79,7.4672,20.73,0.8971,90.9,130.89,208.4,0.538,0.292,6.7,peri-urban,dry,13.7
1313,27.727967953121954,85.2236070199234,Lalitpur,shallow_tube,44.7,5.34,102.62,3.7805,27.14,0.2804,54.48,78.45,481.6,4.984,0.998,7.68,urban,dry,2.82
1314,27.744601795000023,85.3380108642181,Kathmandu,shallow_tube,24.64,13.92,476.06,23.8432,19.97,1.8417,34.77,50.072,383.0,4.373,1.328,7.89,peri-urban,dry,11.42
1315,27.685635807622873,85.36919398794784,Kathmandu,dug,8.95,6.57,257.64,5.2092,49.46,1.801,2.38,3.425,319.0,2.005,1.044,7.08,peri-urban,wet,30.84
1316,27.717632822016043,85.32659408114633,Lalitpur,shallow_tube,35.52,9.59,263.68,7.7828,33.88,1.3684,67.42,97.092,343.4,6.716,0.562,6.49,urban,wet,9.79
1317,27.766674954850878,85.25104976564819,Kathmandu,dug,9.33,9.43,2000.0,75.488,26.49,4.9901,1.0,1.44,317.9,3.422,0.349,7.26,urban,wet,40.97
1318,27.79621096768206,85.4477995025798,Kathmandu,shallow_tube,41.67,17.18,536.86,26.484,20.27,2.0511,35.54,51.184,599.5,8.133,0.315,8.14,urban,dry,11.18
1319,27.65887607177559,85.27563052312847,Kathmandu,shallow_tube,50.32,1.71,693.13,27.1584,25.52,3.0339,31.46,45.309,251.0,5.603,1.104,7.84,urban,wet,6.68
1320,27.665359900959896,85.34658811695628,Kathmandu,shallow_tube,32.36,8.42,704.01,14.5329,48.44,1.9897,5.0,7.2,199.9,2.618,0.821,7.78,peri-urban,dry,35.99
1321,27.78980590840896,85.29592185040961,Lalitpur,deep_tube,255.89,24.12,106.67,7.707,13.84,0.6039,430.06,619.292,318.7,0.312,0.01,7.01,urban,dry,9.54
1322,27.794385159334215,85.40669064549591,Kathmandu,shallow_tube,53.83,11.18,257.5,9.9348,25.92,1.8497,23.02,33.142,443.1,6.245,0.32,7.13,urban,wet,9.67
1323,27.713789994152673,85.31319165231952,Bhaktapur,shallow_tube,28.43,16.11,582.17,18.4583,31.54,1.8789,52.23,75.213,225.7,1.381,0.539,6.94,peri-urban,dry,9.49
1324,27.61813493012259,85.39945980869469,Kathmandu,shallow_tube,37.9,17.59,146.48,5.3374,27.44,0.6345,132.71,191.101,450.0,0.611,0.879,7.26,peri-urban,dry,9.84
1325,27.63978235824163,85.22123343044288,Kathmandu,shallow_tube,28.09,21.69,431.33,11.8862,36.29,2.5804,5.0,7.2,336.9,2.632,0.785,7.31,urban,wet,40.78
1326,27.717326691824677,85.39469513734427,Lalitpur,deep_tube,72.7,19.61,776.14,25.7749,30.11,4.6474,258.06,371.612,421.8,4.804,0.925,7.38,urban,dry,16.98
1327,27.767081175776614,85.30328363033284,Lalitpur,dug,8.91,0.94,283.41,6.8887,41.14,1.1862,6.23,8.969,809.9,6.27,1.609,6.52,urban,wet,31.5
1328,27.767699443582295,85.37547947336633,Kathmandu,deep_tube,71.47,26.19,434.32,10.5074,41.33,3.1468,724.26,1042.93,313.8,3.181,0.333,6.97,green,dry,19.79
1329,27.70858326998659,85.40148510074734,Kathmandu,deep_tube,145.29,22.07,862.93,21.1179,40.86,5.3932,887.04,1277.338,379.4,9.552,1.064,7.46,urban,dry,9.54
1330,27.686651312737844,85.29569291388601,Kathmandu,dug,7.0,13.99,400.87,9.3772,42.75,1.9972,3.61,5.193,1026.3,4.363,0.713,7.28,peri-urban,dry,44.1
1331,27.71005683549387,85.3524941804338,Lalitpur,deep_tube,110.36,20.44,131.9,2.9492,44.72,0.3705,531.52,765.394,520.9,6.599,0.01,7.38,urban,wet,10.93
1332,27.616648149575738,85.2544732660473,Lalitpur,shallow_tube,40.01,18.78,93.98,4.1211,22.81,0.5004,104.86,150.994,827.9,7.149,0.609,6.95,urban,dry,17.61
1333,27.642475912821016,85.23145436697871,Kathmandu,shallow_tube,42.54,4.36,83.28,6.3928,13.03,0.7221,78.81,113.487,638.9,4.5,0.256,6.8,peri-urban,wet,12.34
1334,27.741117316012904,85.4430269319752,Kathmandu,dug,5.62,2.78,1045.24,38.9954,26.8,8.0863,1.0,1.44,182.7,2.845,0.519,7.7,peri-urban,dry,21.85
1335,27.765627046760592,85.24802174558901,Kathmandu,shallow_tube,75.7,5.32,1285.07,104.2175,12.33,3.7739,5.0,7.2,549.9,0.01,0.552,6.53,green,wet,33.95
1336,27.698817208646233,85.32064404593025,Kathmandu,shallow_tube,42.76,4.69,186.19,10.5916,17.58,0.8679,26.25,37.803,418.3,2.009,0.411,7.55,agriculture,wet,5.4
1337,27.72303516227665,85.25683080627238,Bhaktapur,deep_tube,187.55,7.79,307.31,20.3933,15.07,1.985,477.27,687.269,692.6,4.061,0.228,7.87,agriculture,wet,20.43
1338,27.72900840244816,85.25541366873428,Kathmandu,deep_tube,147.42,19.17,174.06,4.5163,38.54,1.6086,834.24,1201.306,119.0,0.916,0.794,7.44,agriculture,dry,15.47
1339,27.655984697199845,85.35995446489963,Kathmandu,shallow_tube,51.2,8.21,766.93,22.0142,34.84,4.9977,78.08,112.442,257.1,6.106,0.169,7.25,urban,dry,14.71
1340,27.607075843034664,85.27048775131868,Lalitpur,dug,7.03,14.55,591.7,37.9826,15.58,4.3142,1.0,1.44,654.6,4.045,0.352,6.81,urban,dry,57.9
1341,27.679570935155848,85.29126281733993,Kathmandu,dug,4.21,1.53,1026.12,21.5962,47.51,8.844,9.21,13.267,1086.1,9.105,1.321,7.77,urban,dry,9.86
1342,27.67967046096065,85.37934272334267,Bhaktapur,deep_tube,135.53,15.95,88.15,2.2764,38.72,0.6278,1010.53,1455.17,244.4,4.919,0.079,6.1,urban,wet,17.9
1343,27.66062075476039,85.32892699180866,Lalitpur,deep_tube,181.37,35.25,276.3,13.0583,21.16,2.4279,138.72,199.754,103.5,5.558,0.584,8.28,urban,dry,15.67
1344,27.709377380005773,85.3997111468243,Lalitpur,shallow_tube,8.0,12.55,92.87,17.2982,5.37,0.7202,20.72,29.83,2000.0,1.229,0.638,7.71,urban,wet,40.47
1345,27.7176575767671,85.32003075440475,Kathmandu,shallow_tube,30.89,10.28,623.97,24.1103,25.88,5.0241,25.62,36.889,428.7,0.83,0.495,7.32,agriculture,wet,12.35
1346,27.740793673360873,85.37504053120333,Bhaktapur,shallow_tube,70.63,14.8,277.25,23.7107,11.69,2.2491,95.18,137.061,531.5,10.005,1.235,6.82,urban,wet,15.08
1347,27.641905880324504,85.20201827370447,Lalitpur,deep_tube,179.22,26.96,161.01,4.5972,35.02,0.6447,308.72,444.564,456.4,0.413,0.399,8.18,agriculture,dry,23.93
1348,27.69818431569566,85.36515183295275,Kathmandu,dug,5.82,2.34,93.13,3.2099,29.01,0.3414,6.23,8.968,284.7,8.876,0.259,7.39,urban,wet,23.55
1349,27.66915284356431,85.30687241254617,Lalitpur,dug,10.22,7.37,2000.0,143.2128,13.97,10.5633,9.51,13.699,443.4,2.598,0.775,7.11,peri-urban,dry,22.62
1350,27.668262522006334,85.25714301924698,Lalitpur,dug,4.89,1.92,398.93,30.2368,13.19,2.6023,4.42,6.36,912.0,4.569,0.529,7.47,urban,wet,31.42
1351,27.712506059511277,85.41072316848673,Lalitpur,shallow_tube,38.02,5.89,225.51,9.0176,25.01,1.778,45.59,65.651,509.8,2.639,0.986,7.47,urban,wet,7.51
1352,27.63187862169237,85.2823052652517,Kathmandu,deep_tube,143.09,18.24,235.56,4.9368,47.72,1.4316,381.78,549.76,176.7,2.329,0.702,7.73,peri-urban,wet,12.98
1353,27.70200604176065,85.35176497559777,Lalitpur,shallow_tube,36.84,3.42,220.33,12.1135,18.19,0.4973,15.39,22.164,675.3,4.793,0.815,7.13,urban,wet,19.07
1354,27.787718412676387,85.26855313459268,Kathmandu,dug,6.3,4.87,489.69,21.8067,22.46,3.4899,6.07,8.736,658.4,8.627,0.562,8.3,peri-urban,wet,31.34
1355,27.7755738013821,85.30241354313809,Kathmandu,shallow_tube,39.96,12.68,284.43,6.2449,45.55,2.1648,5.0,7.2,591.7,4.311,0.617,6.61,urban,dry,46.76
1356,27.692866088279253,85.3387506180941,Lalitpur,dug,4.01,6.14,435.56,56.6321,7.69,3.997,1.68,2.416,425.8,6.059,0.228,6.72,urban,dry,37.04
1357,27.726697790367542,85.30121640605441,Kathmandu,deep_tube,96.16,5.98,126.91,3.4488,36.8,0.9478,212.35,305.79,543.0,4.283,0.189,7.15,urban,wet,5.67
1358,27.791636831195113,85.4227128468398,Bhaktapur,shallow_tube,38.62,5.68,152.51,20.2601,7.53,0.8845,5.0,7.2,212.4,6.128,0.739,7.17,urban,wet,22.16
1359,27.717486057377176,85.43924966828496,Kathmandu,dug,1.5,11.49,83.89,7.1383,11.75,0.6671,2.76,3.971,442.0,0.01,0.999,7.27,agriculture,dry,35.16
1360,27.67468805226967,85.42690452621963,Kathmandu,dug,7.44,0.99,216.44,35.5785,6.08,0.5088,4.81,6.923,127.6,0.01,0.542,6.69,peri-urban,wet,18.22
1361,27.752929648158204,85.26443443095376,Lalitpur,shallow_tube,18.35,23.25,103.06,2.4674,41.77,0.5016,79.5,114.486,1312.4,9.717,0.792,7.23,urban,dry,33.64
1362,27.682909910629593,85.20244697217656,Lalitpur,dug,3.18,2.45,270.12,9.0421,29.87,1.0559,7.95,11.452,501.4,10.365,0.674,7.08,urban,dry,20.16
1363,27.673981246399286,85.33315305366025,Kathmandu,shallow_tube,58.33,18.99,157.48,5.1163,30.78,1.4258,134.07,193.06,469.7,4.112,0.299,6.63,urban,dry,14.07
1364,27.67388011423325,85.41345680195819,Lalitpur,shallow_tube,55.63,20.71,613.07,42.8036,14.32,4.2783,75.33,108.478,428.4,6.828,0.465,7.48,urban,wet,7.95
1365,27.611907213106832,85.44001121029207,Kathmandu,dug,5.82,6.09,382.26,22.8765,16.71,2.6874,4.65,6.697,301.7,4.2,0.146,7.4,urban,dry,32.57
1366,27.742147035737613,85.43383607716441,Bhaktapur,shallow_tube,8.4,9.51,318.32,20.226,15.74,1.4267,89.8,129.306,279.4,0.01,0.076,7.39,urban,wet,0.0
1367,27.613020938500984,85.32746553211118,Bhaktapur,deep_tube,234.14,70.78,298.09,14.3897,20.72,0.7665,540.93,778.934,1050.4,3.816,0.395,7.81,urban,dry,53.74
1368,27.781584507483384,85.2586539892313,Kathmandu,shallow_tube,20.94,9.99,399.14,12.7987,31.19,1.8153,7.84,11.284,116.3,6.053,0.924,8.13,urban,dry,14.88
1369,27.655580949490414,85.26485343777145,Lalitpur,shallow_tube,23.8,16.28,121.91,9.6724,12.6,0.2842,12.86,18.519,309.1,0.674,0.787,7.87,peri-urban,wet,28.93
1370,27.76771172854923,85.38123486015262,Kathmandu,shallow_tube,28.34,7.2,341.71,44.3723,7.7,2.8271,62.01,89.289,743.5,6.407,0.923,6.69,urban,dry,10.25
1371,27.683734607854305,85.27170564399006,Kathmandu,shallow_tube,46.56,14.47,266.99,9.9529,26.83,1.3051,97.74,140.74,379.9,3.821,0.844,7.25,green,dry,16.07
1372,27.750760972412046,85.32818618574002,Kathmandu,deep_tube,239.52,32.03,551.34,38.0219,14.5,3.1617,414.52,596.914,498.0,2.823,1.069,6.53,green,wet,20.17
1373,27.72868421305952,85.3081403102116,Lalitpur,shallow_tube,56.94,2.4,63.14,1.394,45.29,0.3079,12.91,18.597,180.1,6.159,0.665,6.71,urban,dry,9.45
1374,27.795690629642866,85.31364386472342,Lalitpur,shallow_tube,52.46,17.53,663.69,16.4425,40.36,6.4079,5.0,7.2,175.8,7.607,0.341,8.18,urban,dry,42.56
1375,27.694203782003736,85.365582638076,Bhaktapur,shallow_tube,39.82,7.07,64.87,6.6208,9.8,0.203,34.78,50.09,613.9,3.555,0.568,6.94,urban,wet,18.88
1376,27.769893605197097,85.44793891237615,Kathmandu,dug,6.84,4.71,165.91,7.8986,21.01,0.4305,10.32,14.857,175.1,4.248,1.28,7.92,peri-urban,dry,20.13
1377,27.66933807540585,85.28259261831721,Kathmandu,shallow_tube,49.23,0.5,1420.52,63.7942,22.27,7.6256,24.3,34.993,677.9,5.524,1.046,7.46,agriculture,dry,23.04
1378,27.793335550850045,85.27066374105686,Kathmandu,shallow_tube,22.16,13.36,232.93,14.3647,16.22,1.0494,76.97,110.844,396.5,1.275,1.387,6.82,urban,wet,12.3
1379,27.77673998491951,85.38825924048773,Kathmandu,shallow_tube,45.07,2.71,638.47,37.8499,16.87,3.9401,98.93,142.46,276.8,4.169,0.452,6.65,agriculture,wet,0.0
1380,27.701415959814543,85.41082772356532,Kathmandu,dug,6.8,0.2,339.98,8.7362,38.92,3.1535,10.44,15.039,421.5,6.959,1.086,7.47,agriculture,dry,1.33
1381,27.768435022908893,85.27404068256519,Bhaktapur,shallow_tube,68.31,3.07,921.94,20.2381,45.55,5.604,67.95,97.854,267.7,11.61,1.147,7.42,urban,dry,18.03
1382,27.63371302612269,85.23233980706792,Kathmandu,dug,6.46,5.97,304.28,14.9126,20.4,1.4468,6.18,8.905,243.4,1.885,0.254,7.16,peri-urban,wet,36.18
1383,27.73487271637295,85.40406759935787,Lalitpur,shallow_tube,22.71,9.17,452.8,19.745,22.93,4.498,20.03,28.847,237.9,6.108,0.923,7.58,urban,wet,15.61
1384,27.732985050129283,85.34050529557605,Lalitpur,shallow_tube,37.05,9.51,333.21,16.7564,19.89,2.6947,5.0,7.2,442.6,1.011,0.638,7.71,peri-urban,dry,23.74
1385,27.76821138720615,85.38258210543152,Kathmandu,deep_tube,212.95,11.31,333.14,7.3111,45.57,1.2373,819.84,1180.567,664.5,1.548,0.634,6.77,peri-urban,dry,8.32
1386,27.770407323456354,85.41022145427605,Kathmandu,deep_tube,129.78,5.66,513.51,24.5594,20.91,3.8282,246.3,354.666,197.3,6.958,0.517,6.73,urban,dry,0.0
1387,27.60359069419985,85.28664556344809,Kathmandu,shallow_tube,29.02,31.53,321.64,14.032,22.92,1.6269,19.56,28.172,263.3,6.811,0.838,7.48,urban,dry,20.45
1388,27.653427769098695,85.21857897845898,Kathmandu,shallow_tube,28.54,0.66,208.91,12.4542,16.77,0.5309,29.1,41.904,352.1,0.155,0.208,6.84,peri-urban,dry,0.0
1389,27.79704084297466,85.40883734487713,Kathmandu,shallow_tube,33.11,5.89,114.33,3.4182,33.45,0.7358,24.22,34.872,833.7,3.588,0.596,6.77,urban,wet,14.01
1390,27.695035194585365,85.3992453503768,Kathmandu,deep_tube,41.84,36.07,228.63,14.3498,15.93,0.9709,695.1,1000.948,453.3,5.727,0.881,7.05,urban,wet,35.57
1391,27.635131138698235,85.28752951986529,Kathmandu,dug,4.32,4.57,730.71,35.7008,20.47,5.961,5.6,8.065,213.9,7.405,0.799,6.83,urban,wet,25.59
1392,27.654973379677674,85.4298395163796,Kathmandu,deep_tube,181.73,14.77,252.29,5.6277,44.83,0.8828,799.84,1151.772,325.5,7.94,0.752,6.83,urban,wet,11.69
1393,27.66430598050281,85.2878531602825,Lalitpur,shallow_tube,39.5,8.35,250.13,7.5064,33.32,0.6012,80.77,116.306,303.8,6.568,0.061,6.58,urban,wet,0.0
1394,27.62442124084616,85.37004947521413,Kathmandu,shallow_tube,31.92,0.5,460.07,14.2232,32.35,3.2339,47.05,67.751,235.5,6.139,0.574,6.46,urban,wet,0.0
1395,27.727628913674437,85.31482311338355,Bhaktapur,dug,9.33,9.1,141.79,7.6049,18.64,0.7775,2.53,3.642,945.8,0.102,1.005,7.16,peri-urban,wet,48.16
1396,27.685872964077838,85.36951987754773,Lalitpur,shallow_tube,50.03,9.12,111.01,12.2389,9.07,1.0847,54.81,78.926,390.3,4.056,0.583,6.61,urban,dry,1.97
1397,27.727121799309035,85.24077450153791,Lalitpur,shallow_tube,36.57,13.22,318.02,51.1478,6.22,2.4882,103.13,148.512,492.7,3.096,0.474,6.99,urban,wet,9.64
1398,27.726672958452163,85.44408977490782,Kathmandu,dug,8.13,7.15,55.85,3.3394,16.72,0.2909,8.17,11.772,282.0,1.456,1.223,6.66,agriculture,dry,22.9
1399,27.74937294222691,85.34911891984876,Bhaktapur,dug,7.56,16.13,366.42,7.9089,46.33,2.8423,1.12,1.617,762.7,1.429,0.946,6.99,urban,dry,34.02
1400,27.633846046180025,85.21101208404065,Kathmandu,shallow_tube,41.62,5.7,97.46,10.2187,9.54,0.33,5.0,7.2,197.4,2.843,0.877,7.66,peri-urban,dry,21.24
1401,27.636560416057858,85.23110230146376,Kathmandu,deep_tube,181.63,20.09,624.06,14.1935,43.97,5.9948,113.46,163.383,138.3,3.559,0.335,7.22,peri-urban,dry,7.63
1402,27.62446269681675,85.27333086910917,Kathmandu,deep_tube,181.81,1.39,298.21,19.6055,15.21,1.7056,405.59,584.056,344.2,6.215,0.168,6.93,green,wet,8.88
1403,27.778123366253364,85.4353350878083,Kathmandu,shallow_tube,13.55,8.56,1863.31,72.1756,25.82,5.1553,28.93,41.653,533.9,0.79,1.447,7.82,urban,dry,9.89
1404,27.72304984104342,85.29069650574675,Kathmandu,shallow_tube,44.6,17.39,352.31,7.7721,45.33,2.8838,44.3,63.793,665.4,3.424,0.76,7.25,agriculture,wet,19.77
1405,27.76959501577558,85.2435505084108,Lalitpur,deep_tube,107.13,1.0,306.45,32.4616,9.44,0.8592,92.25,132.846,244.2,4.524,0.796,6.18,peri-urban,dry,0.38
1406,27.76998786215115,85.37694728922747,Bhaktapur,dug,6.64,14.26,494.36,67.4472,7.33,3.6326,7.63,10.987,321.0,1.53,0.884,7.4,green,wet,26.42
1407,27.697621118373768,85.2246866796738,Lalitpur,shallow_tube,44.54,21.35,35.38,0.7379,47.95,0.11,129.66,186.709,264.8,2.302,0.2,7.63,urban,dry,13.17
1408,27.7010449100646,85.26005968201946,Kathmandu,dug,5.62,8.85,199.28,12.0505,16.54,0.52,5.27,7.584,316.1,5.813,0.528,7.63,urban,wet,26.83
1409,27.6985524546687,85.40691629176312,Kathmandu,shallow_tube,58.27,14.43,256.32,19.7454,12.98,0.9644,91.38,131.581,268.4,3.838,0.369,7.0,urban,dry,11.4
1410,27.705266470195905,85.26424789093946,Kathmandu,shallow_tube,42.93,11.48,238.54,7.0252,33.96,2.3504,30.73,44.257,245.3,3.197,0.299,6.51,urban,wet,17.9
1411,27.61593998466285,85.3771331317233,Kathmandu,shallow_tube,54.63,13.94,624.86,34.3962,18.17,3.0265,153.72,221.364,1260.9,3.008,0.196,7.55,peri-urban,dry,33.51
1412,27.69636562196352,85.44792016277921,Kathmandu,dug,4.98,6.47,114.53,11.6889,9.8,0.4102,7.27,10.463,623.8,1.594,1.076,7.24,peri-urban,wet,35.56
1413,27.694119423387203,85.37963408224894,Kathmandu,shallow_tube,24.51,10.64,158.23,3.7611,42.07,0.5813,58.92,84.847,561.5,4.777,0.826,7.76,agriculture,dry,15.73
1414,27.767172162237177,85.34744824996129,Lalitpur,deep_tube,162.34,34.69,85.52,2.7633,30.95,0.3691,628.87,905.578,259.2,3.714,0.822,7.54,green,dry,29.49
1415,27.77748559089962,85.2543372198927,Kathmandu,shallow_tube,44.73,17.05,711.1,92.2126,7.71,2.0351,24.88,35.829,570.8,3.779,0.399,7.62,urban,wet,17.07
1416,27.75263579923168,85.20259979719705,Kathmandu,dug,4.54,9.13,468.24,26.0338,17.99,4.6129,1.0,1.44,291.8,7.642,0.66,6.61,urban,dry,37.67
1417,27.629870662178174,85.3255492284534,Lalitpur,shallow_tube,35.65,13.24,631.31,32.5343,19.4,2.8972,46.8,67.389,206.7,2.003,0.867,7.45,peri-urban,dry,4.47
1418,27.75135826854906,85.21792493735578,Bhaktapur,deep_tube,305.25,1.0,1224.31,41.4353,29.55,10.0167,828.0,1192.314,250.3,8.627,0.278,6.93,urban,wet,4.01
1419,27.615267625082264,85.27704852341486,Lalitpur,shallow_tube,33.78,0.5,167.06,8.1039,20.61,1.0597,123.28,177.519,328.1,2.385,0.586,6.64,urban,dry,4.75
1420,27.754272416610927,85.34381331002328,Kathmandu,shallow_tube,36.43,1.85,402.78,20.3226,19.82,3.4766,5.0,7.2,265.7,4.477,0.633,8.06,agriculture,wet,20.22
1421,27.75656540399169,85.23951214565041,Kathmandu,shallow_tube,37.99,0.92,61.51,1.2749,48.24,0.1386,110.54,159.18,562.8,3.722,0.984,7.94,peri-urban,wet,7.74
1422,27.618813009807468,85.20301248059673,Lalitpur,shallow_tube,49.64,11.32,269.27,7.6686,35.11,2.2865,30.14,43.395,512.2,8.13,0.397,8.55,urban,wet,15.17
1423,27.76538443059368,85.27814840016944,Kathmandu,shallow_tube,31.21,8.12,719.01,29.7995,24.13,2.1476,40.13,57.791,524.7,6.007,1.271,6.64,urban,wet,13.16
1424,27.776767161386267,85.24703617196323,Kathmandu,shallow_tube,15.5,18.42,190.86,5.6777,33.62,0.5606,85.2,122.692,1434.7,1.649,0.429,7.7,agriculture,wet,42.63
1425,27.729315656091565,85.25457147244269,Kathmandu,shallow_tube,42.22,4.11,106.75,7.4506,14.33,0.5649,75.77,109.111,224.0,4.861,0.715,6.78,urban,dry,0.0
1426,27.662169654185433,85.34390772456828,Kathmandu,shallow_tube,48.99,0.5,530.62,24.5989,21.57,4.3933,5.0,7.2,252.9,2.348,0.877,6.8,green,wet,25.12
1427,27.677656046170853,85.23968553224435,Kathmandu,shallow_tube,42.93,14.46,179.91,4.1627,43.22,1.7316,22.08,31.793,580.6,4.78,1.403,7.36,green,dry,24.23
1428,27.611924447436046,85.3568022271109,Kathmandu,shallow_tube,29.32,19.26,421.07,17.4439,24.14,3.4496,27.77,39.991,607.9,0.01,0.748,7.3,peri-urban,dry,25.32
1429,27.69959491767293,85.39906925273962,Lalitpur,shallow_tube,23.65,4.03,189.02,6.6249,28.53,0.7213,71.56,103.049,438.1,6.968,0.01,7.27,urban,wet,7.86
1430,27.796762051172344,85.31911385580634,Kathmandu,deep_tube,140.63,33.7,74.28,5.8531,12.69,0.5484,50.0,72.0,209.2,4.69,0.661,7.02,urban,dry,31.77
1431,27.6360781803659,85.39012635592977,Kathmandu,dug,3.28,12.74,1002.77,117.4649,8.54,7.8906,3.76,5.409,1110.5,1.822,0.173,7.1,peri-urban,dry,51.95
1432,27.72577469405604,85.2030209363786,Lalitpur,shallow_tube,47.8,18.98,151.79,4.0339,37.63,1.1329,21.82,31.426,267.0,2.811,0.195,5.99,peri-urban,dry,23.7
1433,27.660046469875592,85.43689423333078,Kathmandu,shallow_tube,42.21,13.2,181.84,4.18,43.5,0.7586,112.89,162.567,273.4,6.862,0.735,7.48,urban,wet,0.18
1434,27.623430700015255,85.26737328866562,Kathmandu,shallow_tube,70.37,0.5,2000.0,161.4122,12.39,7.8099,5.0,7.2,793.0,7.409,0.381,7.47,urban,dry,36.19
1435,27.65521390736241,85.32715194983432,Kathmandu,deep_tube,147.5,20.18,485.6,52.2377,9.3,3.0836,50.0,72.0,1007.8,1.263,1.232,8.2,peri-urban,wet,27.45
1436,27.77533052122055,85.39775259453558,Kathmandu,dug,6.47,11.33,351.52,7.6384,46.02,2.9052,7.04,10.137,239.1,8.403,1.275,6.86,urban,dry,29.14
1437,27.74116925080883,85.29578863970882,Kathmandu,deep_tube,247.37,38.14,618.81,17.8995,34.57,6.1769,1039.79,1497.301,323.0,0.867,0.01,7.11,peri-urban,dry,14.9
1438,27.60029299861384,85.42478177525166,Kathmandu,shallow_tube,31.47,14.18,493.81,12.2877,40.19,1.3378,40.66,58.552,295.0,1.818,0.653,7.13,urban,wet,1.64
1439,27.66694895317181,85.24880202305583,Lalitpur,shallow_tube,41.09,7.49,343.95,34.6028,9.94,2.9238,23.12,33.291,189.8,4.832,0.371,6.61,urban,wet,7.77
1440,27.73558598126322,85.38206743353336,Kathmandu,shallow_tube,51.76,1.0,204.24,19.3984,10.53,0.6858,13.47,19.393,139.0,6.02,0.686,7.59,agriculture,wet,8.48
1441,27.687563659321125,85.32761255866906,Bhaktapur,shallow_tube,59.3,14.56,543.26,11.9012,45.65,1.5642,95.07,136.899,163.9,5.122,0.537,7.13,urban,dry,6.66
1442,27.726274815993822,85.428272044513,Bhaktapur,deep_tube,163.86,25.82,613.72,18.301,33.53,3.31,903.04,1300.374,105.0,7.121,1.144,6.66,urban,dry,19.08
1443,27.75009804869421,85.2434285258019,Kathmandu,shallow_tube,19.95,17.08,353.48,29.4549,12.0,3.5137,92.62,133.379,198.4,4.55,1.016,8.17,urban,dry,2.15
1444,27.78895325318003,85.44730857498449,Kathmandu,deep_tube,232.24,1.0,223.8,7.2721,30.77,1.4264,463.69,667.713,177.5,5.421,1.354,6.67,green,dry,1.61
1445,27.709501929562492,85.24524327884147,Lalitpur,deep_tube,94.79,1.0,165.08,5.0332,32.8,0.4147,265.01,381.621,513.9,4.453,0.012,7.75,green,dry,2.49
1446,27.695441698390653,85.426150870886,Kathmandu,deep_tube,148.0,27.7,501.64,11.46,43.77,3.3787,265.67,382.563,452.6,3.467,0.408,6.31,peri-urban,dry,23.11
1447,27.79055193940433,85.39126559942788,Bhaktapur,shallow_tube,57.85,17.16,639.63,13.2623,48.23,2.3718,29.68,42.746,905.1,4.889,0.858,7.32,agriculture,wet,24.68
1448,27.77581579765243,85.244570807054,Lalitpur,dug,4.42,3.73,192.51,11.1729,17.23,1.114,5.08,7.314,375.0,9.49,0.125,7.44,urban,wet,30.71
1449,27.6067640886346,85.29378747395737,Kathmandu,shallow_tube,24.75,29.62,89.79,3.2937,27.26,0.731,15.74,22.668,590.2,6.614,0.498,7.77,urban,dry,42.87
1450,27.795231058025056,85.35180315067484,Kathmandu,shallow_tube,46.8,15.8,417.35,24.5504,17.0,3.7437,5.0,7.2,709.0,2.148,0.88,6.96,green,wet,47.45
1451,27.68320739932218,85.24599294018596,Kathmandu,shallow_tube,49.78,3.76,173.78,7.4133,23.44,0.7921,17.35,24.991,191.8,7.724,0.538,7.01,urban,dry,1.2
1452,27.664234956109052,85.43425734860209,Kathmandu,shallow_tube,24.41,8.84,267.48,14.4426,18.52,1.2531,59.14,85.166,251.1,5.348,1.002,6.86,urban,wet,3.76
1453,27.73479988539122,85.30520830093153,Kathmandu,dug,5.6,11.58,788.32,22.2292,35.46,5.0588,5.03,7.243,584.2,4.928,0.58,7.33,urban,dry,25.44
1454,27.641223815652097,85.40954316805198,Bhaktapur,shallow_tube,28.19,15.04,659.96,46.0775,14.32,5.8009,5.0,7.2,316.4,3.999,0.336,7.83,urban,wet,38.98
1455,27.674309877771087,85.3025590040719,Kathmandu,shallow_tube,37.66,22.53,696.12,44.0897,15.79,6.656,81.81,117.802,890.4,1.777,0.611,6.62,peri-urban,wet,25.31
1456,27.77090512885332,85.34452423273201,Kathmandu,dug,4.1,5.81,1045.52,89.1158,11.73,8.6725,1.91,2.746,260.6,7.151,0.888,6.73,urban,wet,34.88
1457,27.663324136639325,85.23409324524515,Kathmandu,shallow_tube,53.44,16.65,799.68,22.0668,36.24,7.2481,8.05,11.598,210.6,2.291,0.629,6.26,peri-urban,wet,34.43
1458,27.755219985937998,85.27808015746882,Bhaktapur,deep_tube,104.26,34.0,314.37,23.6012,13.32,0.8913,404.6,582.625,247.1,3.359,0.846,7.49,agriculture,dry,27.15
1459,27.62595996016267,85.29930939554573,Bhaktapur,deep_tube,244.19,15.76,261.59,7.4522,35.1,2.5324,733.81,1056.69,580.3,2.558,0.776,7.2,urban,wet,20.51
1460,27.767253679658367,85.33711453550923,Kathmandu,shallow_tube,32.99,23.05,238.2,8.5985,27.7,1.3285,60.63,87.312,1289.4,0.01,0.621,6.89,agriculture,dry,40.52
1461,27.787137956430442,85.26260597196307,Kathmandu,shallow_tube,17.5,14.27,55.45,2.4379,22.74,0.171,116.87,168.289,584.9,0.475,0.486,7.7,peri-urban,dry,15.92
1462,27.693744569788247,85.2489202624354,Kathmandu,deep_tube,98.82,48.96,391.73,17.1528,22.84,0.9085,499.93,719.904,356.2,8.038,1.165,7.18,urban,dry,40.6
1463,27.663654805087273,85.3504171968364,Lalitpur,shallow_tube,33.31,16.8,620.26,25.0175,24.79,6.0226,70.33,101.272,435.7,2.965,1.292,7.23,peri-urban,dry,8.53
1464,27.650533240100696,85.44966813858782,Kathmandu,dug,6.42,23.33,233.47,8.7225,26.77,0.7397,1.0,1.44,347.9,2.572,0.786,6.92,urban,dry,38.07
1465,27.772457914919027,85.28935337983083,Kathmandu,shallow_tube,65.37,2.8,121.94,3.9215,31.1,0.9321,111.95,161.209,281.3,11.262,0.807,6.75,urban,dry,0.24
1466,27.66911175057549,85.33499359328862,Kathmandu,deep_tube,235.0,18.93,529.35,38.2354,13.84,3.662,50.0,72.0,569.4,1.665,0.754,7.33,agriculture,dry,16.33
1467,27.67718082117398,85.33268514836547,Lalitpur,dug,5.31,0.2,169.22,4.9263,34.35,1.6303,7.36,10.596,306.5,9.496,0.788,7.9,urban,dry,14.2
1468,27.74452570014788,85.35490083010433,Kathmandu,shallow_tube,55.55,9.82,328.45,8.4669,38.79,2.541,63.46,91.387,158.0,1.14,0.522,7.73,peri-urban,wet,1.53
1469,27.775480205868277,85.42822591208609,Kathmandu,shallow_tube,14.07,0.5,223.68,35.5261,6.3,1.2899,40.86,58.842,170.5,12.149,0.888,6.94,urban,wet,0.0
1470,27.68055898814291,85.36125442031397,Kathmandu,deep_tube,128.75,16.33,271.45,14.1034,19.25,1.2526,282.73,407.126,181.9,4.023,1.097,8.09,peri-urban,wet,11.63
1471,27.727223688584832,85.31207852998482,Kathmandu,dug,5.33,2.86,231.24,5.772,40.06,2.0747,5.75,8.283,92.5,2.825,0.628,7.2,green,dry,24.34
1472,27.604542822249936,85.44305573535983,Bhaktapur,shallow_tube,24.96,19.45,955.51,179.5823,5.32,5.0775,79.04,113.82,209.6,3.928,0.983,7.69,urban,dry,5.22
1473,27.62023270824528,85.31952484317456,Kathmandu,deep_tube,141.93,13.35,149.93,7.3923,20.28,0.6979,142.81,205.652,653.3,0.435,0.334,7.03,urban,dry,12.5
1474,27.76436181057745,85.23365691319685,Lalitpur,shallow_tube,37.25,29.38,1502.19,68.9818,21.78,14.4389,62.16,89.505,483.8,0.631,0.711,6.9,green,dry,34.82
1475,27.638069030360704,85.32081183580506,Bhaktapur,dug,5.47,14.73,112.86,4.9993,22.57,0.9608,2.78,3.997,1056.0,3.682,0.766,7.04,urban,dry,51.18
1476,27.741675631154173,85.38339188066274,Lalitpur,dug,3.74,5.77,386.53,28.8099,13.42,2.8246,10.15,14.62,361.3,3.943,0.84,7.26,urban,wet,22.11
1477,27.609998723500986,85.44719053443416,Kathmandu,shallow_tube,12.26,18.64,238.25,5.3805,44.28,1.3631,5.0,7.2,279.4,6.47,0.01,7.68,urban,dry,38.08
1478,27.663532245705902,85.3445779641967,Kathmandu,shallow_tube,32.03,11.09,466.29,34.7127,13.43,2.1289,30.55,43.995,755.6,2.01,1.261,6.86,peri-urban,wet,26.12
1479,27.703231929343282,85.37163956599304,Kathmandu,shallow_tube,59.57,27.55,1101.18,24.6572,44.66,8.6852,13.62,19.614,152.3,0.441,0.726,7.68,peri-urban,dry,30.34
1480,27.615546927049635,85.36558964547221,Bhaktapur,deep_tube,192.05,4.44,142.05,3.0632,46.37,0.5145,416.4,599.61,626.3,3.311,0.391,5.91,urban,wet,0.0
1481,27.617628346220624,85.40057954525679,Kathmandu,deep_tube,118.05,39.82,384.28,39.1069,9.83,2.9258,78.92,113.651,414.3,2.441,0.948,7.11,green,dry,29.78
1482,27.67434459958121,85.32021995895718,Kathmandu,shallow_tube,49.45,12.34,665.62,59.4263,11.2,2.5204,61.86,89.08,572.2,5.454,0.712,6.02,urban,wet,8.03
1483,27.65351343995855,85.4228963237368,Lalitpur,shallow_tube,39.19,9.49,117.91,12.4664,9.46,1.139,45.28,65.205,289.1,4.733,0.704,6.9,urban,dry,10.16
1484,27.617704109942828,85.38289951213451,Kathmandu,shallow_tube,61.04,17.87,544.29,54.1949,10.04,3.56,91.16,131.276,134.7,3.352,0.701,6.91,urban,dry,16.76
1485,27.688766301058415,85.32345789758007,Bhaktapur,shallow_tube,47.71,21.4,1288.42,33.7742,38.15,11.6485,45.47,65.475,717.5,5.057,0.988,7.15,agriculture,dry,18.83
1486,27.618872533563184,85.35052487138833,Bhaktapur,shallow_tube,55.61,5.56,404.05,11.319,35.7,2.716,5.0,7.2,824.8,8.503,0.723,7.04,urban,wet,31.85
1487,27.60533154498661,85.2019901419914,Kathmandu,shallow_tube,36.74,23.44,315.91,6.8553,46.08,0.7764,109.86,158.196,657.6,7.761,1.092,7.53,urban,dry,20.43
1488,27.790219058847544,85.30363158566513,Bhaktapur,shallow_tube,59.7,13.45,96.57,4.2783,22.57,0.2981,15.37,22.139,1127.0,4.445,0.333,8.21,agriculture,dry,37.9
1489,27.682733155345474,85.36179929307353,Kathmandu,shallow_tube,55.63,17.08,86.1,2.4624,34.97,0.2901,51.19,73.709,264.3,1.859,0.493,6.78,peri-urban,dry,16.04
1490,27.647189355378554,85.33387316094657,Bhaktapur,shallow_tube,8.0,6.41,152.94,3.5506,43.08,1.5149,13.77,19.824,983.4,8.299,0.01,7.04,urban,wet,34.25
1491,27.743341700451808,85.42905564800745,Bhaktapur,shallow_tube,47.59,36.86,115.17,9.4593,12.17,0.7619,65.29,94.013,1474.0,0.843,0.224,7.91,urban,dry,56.85
1492,27.635089737915735,85.42981038523115,Lalitpur,dug,1.5,1.39,55.8,2.1385,26.09,0.4961,4.2,6.053,357.2,1.301,0.456,7.0,peri-urban,dry,21.51
1493,27.71206944058484,85.20675460450987,Bhaktapur,shallow_tube,54.15,22.66,477.58,30.1139,15.86,4.7472,24.48,35.248,567.9,2.722,0.637,6.51,peri-urban,dry,29.58
1494,27.702784370616946,85.36245581107788,Kathmandu,shallow_tube,51.26,0.5,299.69,7.6562,39.14,1.4087,23.33,33.598,339.0,7.654,1.258,7.72,urban,wet,0.0
1495,27.72480335831714,85.39989865520731,Lalitpur,dug,3.95,18.42,539.87,16.5918,32.54,2.6496,4.69,6.756,233.6,4.451,0.076,7.66,urban,dry,36.68
1496,27.639786024425007,85.25535676696505,Lalitpur,deep_tube,136.07,1.0,553.03,17.6763,31.29,5.0446,493.9,711.22,285.1,5.588,0.475,7.23,agriculture,wet,17.03
1497,27.705587250505374,85.25798260615171,Lalitpur,shallow_tube,16.28,0.5,263.43,18.368,14.34,1.8062,84.38,121.514,844.3,11.049,0.239,6.86,urban,wet,4.76
1498,27.60604117340222,85.35318956021054,Lalitpur,shallow_tube,30.39,19.09,2000.0,196.4783,10.18,5.3975,28.76,41.415,519.1,6.402,1.254,8.53,urban,dry,20.55
1499,27.720353938074364,85.4419565587109,Kathmandu,dug,6.33,5.91,141.8,10.8746,13.04,0.6596,5.37,7.726,478.8,7.581,1.338,7.27,urban,dry,39.25
1500,27.760941085641626,85.37620091280853,Kathmandu,shallow_tube,12.79,34.0,130.36,23.8694,5.46,1.217,95.4,137.379,780.4,6.729,0.289,6.83,urban,dry,30.66
1501,27.690797239578032,85.32386241066983,Kathmandu,shallow_tube,50.34,13.93,78.81,2.4444,32.24,0.2068,62.5,90.001,775.5,2.204,1.043,7.14,agriculture,dry,27.11
1502,27.64240621207559,85.42767718326887,Lalitpur,shallow_tube,59.28,1.97,862.92,30.9909,27.84,7.0181,22.81,32.841,544.1,7.089,0.916,6.79,urban,dry,7.82
1503,27.651539291240475,85.25824248007889,Kathmandu,shallow_tube,25.14,12.72,1365.64,27.6291,49.43,9.5938,42.66,61.426,499.0,6.261,2.023,6.99,urban,wet,26.19
1504,27.737801502169017,85.31927015766038,Bhaktapur,shallow_tube,32.85,21.0,510.68,55.1302,9.26,4.3811,45.58,65.639,162.2,1.491,0.552,8.01,peri-urban,wet,21.52
1505,27.712233488749284,85.39558711105713,Bhaktapur,shallow_tube,56.05,7.06,118.69,2.9191,40.66,0.7438,119.83,172.552,216.8,8.295,0.744,7.69,urban,wet,7.63
1506,27.657431699086715,85.35927911220308,Kathmandu,shallow_tube,32.06,8.03,321.66,6.7106,47.93,1.2279,95.8,137.952,325.0,0.822,0.279,6.88,agriculture,dry,0.29
1507,27.76095187971811,85.36171436747112,Lalitpur,shallow_tube,27.39,8.82,438.96,11.0926,39.57,1.1392,44.32,63.828,227.6,4.18,1.037,6.83,urban,dry,1.18
1508,27.624734527490972,85.2719112215898,Lalitpur,dug,5.77,18.15,161.89,5.7296,28.26,0.3332,5.59,8.053,1009.2,5.908,0.71,6.94,urban,dry,48.67
1509,27.736435705213268,85.26961165267157,Kathmandu,shallow_tube,35.38,13.98,349.38,7.9462,43.97,1.5689,57.07,82.182,338.2,1.414,0.01,6.61,urban,dry,20.73
1510,27.74280751394563,85.35704278648814,Lalitpur,shallow_tube,22.87,34.14,211.81,5.3964,39.25,0.841,60.3,86.832,750.7,5.965,0.556,7.16,urban,dry,30.36
1511,27.79868719027232,85.37913465930227,Kathmandu,shallow_tube,43.15,18.51,186.96,6.5874,28.38,0.6847,67.19,96.755,1221.4,5.894,0.858,6.52,urban,dry,22.57
1512,27.602363467155644,85.44693224573076,Lalitpur,shallow_tube,44.32,8.39,181.7,11.0822,16.4,0.4681,66.21,95.346,552.8,4.974,0.039,7.92,urban,dry,14.21
1513,27.675470922972043,85.24009092387733,Lalitpur,shallow_tube,54.53,1.05,301.9,6.2579,48.24,1.1236,57.64,83.005,365.9,2.89,0.777,7.35,green,wet,11.15
1514,27.626518970945668,85.24297193737581,Bhaktapur,shallow_tube,26.58,27.1,476.42,45.4674,10.48,3.9396,68.14,98.125,697.7,4.513,0.576,6.91,urban,dry,32.97
1515,27.787892513864687,85.42861322820926,Kathmandu,shallow_tube,32.77,4.9,610.29,19.7554,30.89,2.0538,52.2,75.165,320.6,10.86,1.196,7.32,urban,dry,17.49
1516,27.737860974048242,85.28089595330904,Kathmandu,shallow_tube,35.88,5.15,179.51,28.3795,6.33,1.7803,26.94,38.788,1090.5,4.598,0.387,6.91,urban,dry,12.0
1517,27.718584617561543,85.36792630417101,Lalitpur,deep_tube,185.95,13.19,941.82,63.9362,14.73,4.8349,297.21,427.989,471.3,6.499,0.998,6.96,urban,dry,16.46
1518,27.643643447106587,85.3896478640246,Lalitpur,dug,4.12,0.2,265.24,5.321,49.85,2.1871,1.86,2.675,1052.4,4.322,1.03,8.01,urban,wet,37.53
1519,27.679634644537078,85.23771584637164,Kathmandu,deep_tube,115.32,30.05,135.18,4.4044,30.69,0.7145,473.86,682.353,265.0,5.46,1.606,7.29,urban,dry,17.58
1520,27.686264051717867,85.30277653057142,Kathmandu,shallow_tube,51.3,5.87,652.96,15.0475,43.39,3.2743,90.56,130.409,300.9,5.455,0.595,6.52,urban,dry,2.99
1521,27.738402678113783,85.26116116955262,Bhaktapur,shallow_tube,21.69,16.2,367.66,8.5142,43.18,1.035,57.91,83.388,599.5,0.48,0.888,6.81,agriculture,wet,19.44
1522,27.739144606043634,85.30225028527015,Kathmandu,deep_tube,190.18,23.82,477.79,10.2247,46.73,3.0697,570.45,821.442,387.1,4.028,1.233,7.61,urban,wet,27.62
1523,27.70291258824324,85.27502769940631,Lalitpur,deep_tube,172.69,31.94,253.15,20.6784,12.24,1.2786,50.0,72.0,331.7,5.141,0.383,6.93,urban,dry,27.42
1524,27.711420868965323,85.35281272203524,Bhaktapur,deep_tube,107.38,17.31,305.86,44.2271,6.92,0.9464,50.0,72.0,383.3,4.884,1.13,6.37,peri-urban,dry,14.58
1525,27.717880722640512,85.37924251154018,Kathmandu,shallow_tube,36.74,20.41,123.32,21.0933,5.85,0.9081,83.79,120.657,900.3,6.074,1.323,6.69,agriculture,dry,32.64
1526,27.607382491084387,85.25751145642977,Kathmandu,shallow_tube,17.86,11.19,758.16,27.3278,27.74,2.3317,5.0,7.2,182.8,6.47,0.939,7.47,urban,dry,23.76
1527,27.776391533705546,85.23487003495842,Kathmandu,shallow_tube,24.02,12.94,678.6,65.4289,10.37,4.471,5.0,7.2,205.8,3.409,0.75,6.21,urban,wet,30.71
1528,27.79558766250919,85.44450724323829,Kathmandu,shallow_tube,32.28,36.56,901.58,26.1955,34.42,4.5705,91.4,131.623,839.2,2.613,1.425,6.92,urban,dry,31.93
1529,27.612645785645142,85.37784530515766,Kathmandu,dug,7.1,14.11,199.14,7.7708,25.63,1.8086,5.87,8.446,182.4,0.679,1.425,7.61,green,dry,35.27
1530,27.71810325957737,85.41795808974825,Kathmandu,deep_tube,150.1,24.19,476.82,11.3438,42.03,1.0575,700.11,1008.153,610.6,3.948,0.553,7.86,peri-urban,wet,25.03
1531,27.75048152857184,85.35472252924502,Kathmandu,shallow_tube,51.21,13.76,296.01,7.4589,39.69,1.9624,60.57,87.222,875.3,3.565,0.308,6.44,urban,wet,23.56
1532,27.784520248730697,85.33931849918358,Kathmandu,shallow_tube,56.15,1.62,2000.0,151.9204,13.16,8.4897,108.77,156.634,430.6,4.597,1.531,7.22,urban,wet,0.0
1533,27.661237595015372,85.4329225161085,Kathmandu,shallow_tube,38.79,7.48,222.91,6.706,33.24,2.0793,135.73,195.458,246.7,4.7,0.09,6.84,peri-urban,wet,0.0
1534,27.688463771272477,85.41600217089062,Kathmandu,shallow_tube,29.66,2.64,1240.35,61.7721,20.08,11.5132,66.61,95.921,265.2,5.533,0.796,6.7,peri-urban,wet,0.0
1535,27.67822219463998,85.20770216852453,Bhaktapur,dug,8.13,9.83,431.76,23.185,18.62,3.4388,7.13,10.274,338.8,6.747,0.01,6.81,urban,wet,32.58
1536,27.62884713932236,85.27599240107352,Kathmandu,shallow_tube,67.98,10.32,1229.37,69.5705,17.67,6.5077,6.52,9.396,306.0,3.224,0.559,6.68,urban,dry,28.01
1537,27.626237508383603,85.36187684496143,Lalitpur,deep_tube,152.81,11.75,205.29,5.718,35.9,2.0296,334.51,481.692,512.5,1.666,0.301,7.7,urban,wet,3.73
1538,27.794324239937506,85.3395230100918,Kathmandu,dug,6.17,14.53,296.19,15.8148,18.73,1.2309,5.72,8.239,226.8,7.838,0.666,7.27,urban,dry,27.54
1539,27.619421970980433,85.34300403537108,Lalitpur,shallow_tube,43.91,14.7,181.51,3.848,47.17,0.9517,100.98,145.415,664.7,0.647,1.022,7.45,peri-urban,dry,28.9
1540,27.719474532959506,85.2002036543272,Kathmandu,deep_tube,119.11,1.0,204.76,6.8448,29.91,1.9149,50.0,72.0,197.6,7.6,0.522,7.95,urban,dry,1.69
1541,27.712781187882978,85.25978877503684,Kathmandu,deep_tube,170.67,46.11,140.51,24.5898,5.71,1.1762,147.34,212.173,298.4,6.118,1.385,6.71,urban,dry,31.26
1542,27.752505850450078,85.28278981153838,Lalitpur,shallow_tube,42.04,21.39,324.39,61.2892,5.29,1.0819,53.89,77.604,236.9,3.435,0.897,7.09,peri-urban,dry,20.83
1543,27.60859267856153,85.29061047862024,Lalitpur,dug,4.86,14.55,317.63,15.3189,20.73,2.5382,1.25,1.806,347.6,6.293,1.235,6.16,urban,dry,43.94
1544,27.669798185397944,85.23285946611317,Kathmandu,shallow_tube,31.37,20.06,179.96,7.4166,24.26,1.7478,96.74,139.298,584.5,3.256,0.363,6.3,urban,dry,25.52
1545,27.771479772866655,85.44713612980912,Kathmandu,shallow_tube,23.68,12.97,144.46,6.9982,20.64,0.7132,94.12,135.528,368.9,2.61,0.378,7.74,urban,wet,16.15
1546,27.77094247895065,85.38596056137091,Bhaktapur,shallow_tube,43.32,8.97,579.72,45.7047,12.68,1.2785,63.96,92.102,354.4,1.844,0.983,7.17,peri-urban,wet,12.97
1547,27.640850944883667,85.23784836604611,Bhaktapur,shallow_tube,49.03,13.35,362.03,12.8937,28.08,3.1519,58.1,83.657,318.6,1.339,0.147,6.89,peri-urban,dry,9.6
1548,27.71695760459017,85.4484174613913,Kathmandu,shallow_tube,45.17,9.42,48.23,1.6146,29.87,0.3609,90.85,130.819,595.0,6.431,0.586,6.79,urban,wet,13.81
1549,27.68473558620346,85.28227331654786,Lalitpur,dug,4.28,19.56,95.04,2.69,35.33,0.2435,5.77,8.303,459.0,4.851,1.277,7.3,urban,dry,41.18
1550,27.71109015045375,85.43330295068537,Lalitpur,dug,6.4,7.0,127.15,3.0667,41.46,1.0203,2.53,3.649,238.4,1.497,0.899,7.02,green,dry,32.98
1551,27.639368220265315,85.24529901346133,Kathmandu,deep_tube,56.02,23.07,656.07,17.6305,37.21,5.1076,219.89,316.647,230.3,1.556,0.879,6.44,peri-urban,wet,9.35
1552,27.669399935937726,85.30392410599191,Kathmandu,shallow_tube,45.15,23.23,47.71,0.9601,49.7,0.2616,126.66,182.391,462.5,4.095,0.906,7.29,urban,dry,23.52
1553,27.696737946249844,85.34503897749019,Lalitpur,dug,9.65,6.46,1494.94,42.1345,35.48,9.2289,5.56,8.008,345.2,4.758,0.91,7.53,urban,wet,24.0
1554,27.633856255508594,85.24952691613711,Kathmandu,deep_tube,176.34,3.16,39.58,3.1688,12.49,0.1634,311.12,448.011,215.4,9.526,0.413,6.94,urban,wet,0.0
1555,27.678846243655162,85.42914984722523,Lalitpur,dug,5.66,0.2,77.98,3.9342,19.82,0.1615,2.93,4.226,315.7,8.723,0.589,7.07,urban,wet,34.99
1556,27.78152660591128,85.30238936271816,Kathmandu,shallow_tube,19.4,15.55,138.17,4.2615,32.42,0.4074,82.98,119.491,471.5,6.783,0.524,7.1,urban,dry,9.62
1557,27.73481791995091,85.34359596874387,Lalitpur,shallow_tube,30.68,12.52,597.66,33.7938,17.69,5.6651,5.0,7.2,308.0,2.633,0.01,8.22,peri-urban,wet,41.09
1558,27.709732399152312,85.2614379927428,Lalitpur,dug,7.27,2.14,279.72,10.0567,27.81,1.3352,7.56,10.89,473.0,6.782,1.337,7.31,peri-urban,dry,25.07
1559,27.76977464425115,85.20259817563606,Bhaktapur,dug,4.78,9.56,432.97,15.3766,28.16,1.8262,9.9,14.262,513.1,7.69,0.771,7.21,urban,wet,31.33
1560,27.636503417969188,85.22694706544982,Kathmandu,shallow_tube,69.79,29.76,334.6,6.8254,49.02,3.0476,27.48,39.572,571.6,10.327,0.247,7.14,urban,dry,28.64
1561,27.72948804839137,85.31139846363361,Kathmandu,dug,5.97,11.0,76.9,4.663,16.49,0.2783,1.0,1.44,831.2,2.711,0.81,7.83,agriculture,dry,39.18
1562,27.701449941467168,85.42618374746148,Kathmandu,deep_tube,127.31,9.76,866.72,29.2265,29.66,6.5744,832.52,1198.823,581.6,3.146,0.593,7.73,urban,dry,19.54
1563,27.74188538065899,85.27719188216109,Lalitpur,shallow_tube,37.58,11.67,367.79,14.8863,24.71,1.7963,5.0,7.2,258.7,3.383,0.693,7.19,peri-urban,wet,26.29
1564,27.77304591917209,85.42511305292803,Kathmandu,dug,6.4,4.01,183.6,4.7343,38.78,1.6051,4.7,6.763,369.5,7.248,0.867,7.23,peri-urban,dry,32.52
1565,27.662153636959452,85.34241914664368,Lalitpur,shallow_tube,36.3,8.98,188.84,4.315,43.76,0.5084,5.0,7.2,415.7,2.555,0.853,6.91,agriculture,wet,26.32
1566,27.699371031661602,85.34722419537869,Lalitpur,dug,5.9,3.17,1442.61,37.6171,38.35,3.6173,8.58,12.352,199.6,9.324,0.819,7.44,urban,dry,9.3
1567,27.789791094436183,85.29057231941051,Lalitpur,shallow_tube,25.39,1.99,124.48,2.492,49.95,0.5749,56.99,82.066,393.4,6.783,0.435,8.06,urban,wet,0.61
1568,27.608648604995853,85.29347900680465,Kathmandu,dug,3.4,6.73,306.32,18.0233,17.0,1.0307,5.45,7.855,285.1,2.577,0.185,8.07,peri-urban,wet,26.03
1569,27.609201839565948,85.39456837349941,Bhaktapur,dug,5.14,15.07,296.65,10.4108,28.49,0.6392,4.72,6.799,1153.6,2.709,0.167,6.79,urban,dry,54.19
1570,27.723350665410344,85.26990187526694,Lalitpur,shallow_tube,67.05,8.43,610.95,20.8312,29.33,5.5086,54.96,79.146,862.9,2.55,1.016,7.86,urban,dry,24.87
1571,27.7347048087036,85.36981715626126,Kathmandu,dug,3.54,10.88,236.63,7.8534,30.13,1.4212,3.18,4.58,158.2,5.529,0.714,6.66,urban,wet,29.83
1572,27.621271486121874,85.36204213461859,Bhaktapur,shallow_tube,39.41,9.01,244.02,6.6647,36.61,1.2131,95.59,137.643,193.2,4.207,0.876,7.38,urban,wet,0.0
1573,27.604635216739403,85.3979326958396,Lalitpur,dug,4.6,2.24,417.4,11.5201,36.23,3.8035,4.71,6.778,289.6,3.449,0.664,8.16,urban,dry,27.47
1574,27.6319484326847,85.28325277983552,Kathmandu,deep_tube,163.0,1.64,726.45,39.3126,18.48,6.2361,704.91,1015.075,742.9,10.886,0.613,7.29,urban,wet,17.68
1575,27.660917228817617,85.36943422419172,Lalitpur,shallow_tube,37.73,21.9,424.07,22.3706,18.96,3.6653,93.34,134.416,276.0,7.16,1.1,7.45,urban,dry,17.39
1576,27.746770964993647,85.44032400724616,Kathmandu,shallow_tube,37.62,11.84,250.78,11.6308,21.56,2.3412,94.26,135.729,346.5,4.08,0.01,6.76,urban,dry,4.3
1577,27.637290784262213,85.28400013930191,Lalitpur,shallow_tube,29.83,0.5,158.02,10.6891,14.78,0.5462,96.0,138.242,306.1,4.868,0.01,6.76,peri-urban,dry,0.0
1578,27.67253393688259,85.32561593984519,Lalitpur,shallow_tube,31.02,26.77,355.26,9.5425,37.23,2.9156,17.66,25.43,789.2,2.261,1.228,8.0,peri-urban,dry,45.62
1579,27.76340617244488,85.28429886050768,Lalitpur,deep_tube,196.55,9.42,138.82,3.0252,45.89,0.317,409.05,589.037,875.3,2.875,0.797,6.93,agriculture,dry,12.12
1580,27.64849723416146,85.38560707593201,Kathmandu,dug,6.73,6.94,118.16,6.6602,17.74,0.2455,2.54,3.659,165.9,0.01,1.065,7.72,urban,wet,35.17
1581,27.76689428859389,85.32138514996674,Bhaktapur,deep_tube,30.0,56.16,1421.16,30.1161,47.19,9.5983,356.95,514.014,485.7,4.577,0.995,7.43,urban,dry,51.01
1582,27.621905028980336,85.32544589939255,Bhaktapur,shallow_tube,8.18,5.17,226.3,8.2743,27.35,1.431,45.13,64.985,579.7,5.698,0.916,6.82,urban,wet,16.9
1583,27.63286823710613,85.32572738547557,Kathmandu,shallow_tube,40.03,12.25,492.17,21.836,22.54,2.8965,103.64,149.236,518.4,2.208,0.911,7.44,peri-urban,wet,10.65
1584,27.70971752290992,85.4042991134291,Lalitpur,dug,5.23,12.64,165.78,3.654,45.37,0.5288,1.59,2.292,755.4,5.915,1.347,7.05,urban,wet,39.66
1585,27.686079065374866,85.35776173724905,Kathmandu,dug,5.77,11.15,234.41,24.6487,9.51,0.7474,3.69,5.316,299.8,4.694,1.186,7.15,urban,dry,35.95
1586,27.73295985533788,85.24200518731402,Lalitpur,dug,5.78,0.2,339.73,14.1698,23.98,3.1878,5.73,8.255,729.7,5.589,0.547,7.05,urban,dry,33.97
1587,27.62521220836748,85.30983721925284,Kathmandu,shallow_tube,39.0,0.5,325.61,10.3533,31.45,2.614,44.36,63.876,115.8,2.845,0.629,7.68,agriculture,wet,6.81
1588,27.774460962705266,85.22311080299764,Kathmandu,dug,5.76,6.66,212.23,11.5693,18.34,1.4384,3.93,5.665,760.4,3.206,0.196,6.75,agriculture,wet,42.47
1589,27.605393975660107,85.2913093355127,Kathmandu,deep_tube,94.83,37.94,1026.59,28.7775,35.67,8.4561,50.0,72.0,339.2,3.914,0.63,6.48,peri-urban,dry,32.34
1590,27.63420100333076,85.3859804391398,Kathmandu,shallow_tube,84.91,6.56,137.66,6.1239,22.48,0.8266,34.81,50.128,198.9,3.77,0.367,7.8,urban,dry,3.05
1591,27.649981889870013,85.23501712683232,Kathmandu,shallow_tube,15.32,0.5,628.09,107.6256,5.84,3.7167,22.35,32.182,381.0,5.634,0.687,7.18,urban,dry,1.95
1592,27.79723262212165,85.35846813157663,Kathmandu,dug,3.09,2.96,495.08,61.1226,8.1,3.9805,8.44,12.153,475.0,5.497,0.781,6.94,urban,wet,25.11
1593,27.7597707113113,85.36943811506832,Kathmandu,deep_tube,281.95,30.9,259.75,14.2239,18.26,0.5956,407.19,586.347,405.8,3.77,0.226,6.79,urban,dry,23.13
1594,27.719581935065754,85.20680209595241,Lalitpur,shallow_tube,20.34,13.58,52.6,1.5518,33.9,0.1057,90.63,130.512,732.3,8.269,0.428,7.2,urban,dry,18.06
1595,27.78136652097142,85.22185047147325,Kathmandu,shallow_tube,70.74,5.7,797.43,17.4532,45.69,1.6116,5.0,7.2,1168.6,2.377,0.978,7.3,urban,dry,51.99
1596,27.64672781961234,85.32100465866736,Kathmandu,shallow_tube,61.81,6.88,154.04,16.038,9.6,0.7231,35.99,51.826,872.2,5.375,0.85,6.78,urban,wet,12.19
1597,27.604241610126284,85.34428985439652,Kathmandu,dug,5.37,2.65,253.88,14.1184,17.98,1.1805,2.88,4.143,246.0,10.919,0.453,7.15,urban,wet,20.11
1598,27.645850974596023,85.38030389763904,Bhaktapur,deep_tube,148.72,19.34,112.97,4.9074,23.02,0.5919,218.31,314.36,506.3,4.99,1.385,6.98,urban,dry,23.34
1599,27.6733934697089,85.30511502020865,Kathmandu,shallow_tube,18.31,6.76,114.4,5.5468,20.63,0.6271,80.97,116.603,246.0,0.01,1.695,7.04,peri-urban,wet,6.95
1600,27.730739824269193,85.31899574862182,Lalitpur,dug,8.58,13.15,412.54,9.1825,44.93,2.1722,6.04,8.692,224.7,2.159,0.331,7.78,agriculture,wet,38.44
1601,27.720131608999274,85.41480570097545,Kathmandu,dug,6.02,16.23,391.46,10.8642,36.03,3.263,2.04,2.943,217.6,0.01,0.874,8.18,agriculture,dry,40.32
1602,27.64370981625016,85.36372660205194,Kathmandu,shallow_tube,26.7,20.29,601.47,21.9105,27.45,2.2177,84.77,122.073,131.4,1.305,0.456,7.9,urban,dry,10.47
1603,27.731158285384616,85.2292292136546,Kathmandu,shallow_tube,62.65,19.97,416.65,9.2373,45.11,3.5041,5.58,8.03,270.6,5.774,1.262,7.24,urban,wet,42.14
1604,27.691318412443245,85.41072177923563,Kathmandu,dug,6.95,12.96,616.28,18.3837,33.52,4.36,3.25,4.676,239.1,1.337,0.49,6.75,agriculture,dry,34.81
1605,27.778925237796877,85.22503728457812,Lalitpur,shallow_tube,45.73,28.4,307.97,8.5327,36.09,2.4386,19.53,28.117,305.4,9.288,0.349,7.58,urban,dry,44.31
1606,27.75318001561776,85.38462436978796,Kathmandu,shallow_tube,54.47,3.03,346.64,61.457,5.64,2.8964,64.76,93.256,727.2,0.668,0.837,7.64,green,wet,11.54
1607,27.614473589151018,85.35109762805273,Lalitpur,dug,5.4,3.26,180.46,16.586,10.88,1.2428,8.38,12.074,749.2,10.206,0.808,6.83,urban,dry,22.72
1608,27.73652424997936,85.23411308103047,Kathmandu,shallow_tube,47.7,14.13,804.87,22.4021,35.93,4.4286,37.49,53.991,745.5,9.715,0.567,7.05,urban,dry,8.89
1609,27.74118525333865,85.42384540550869,Kathmandu,dug,7.61,0.2,490.41,11.4397,42.87,1.9841,3.25,4.678,441.0,7.969,0.719,7.52,peri-urban,dry,21.15
1610,27.653969391593773,85.41923685548493,Kathmandu,dug,4.38,13.53,360.21,21.0886,17.08,3.1444,6.0,8.646,874.4,1.825,0.474,6.86,peri-urban,dry,40.01
1611,27.677931865831397,85.28872604908686,Lalitpur,shallow_tube,40.83,8.05,1142.91,42.388,26.96,5.6002,6.78,9.77,123.3,3.341,0.372,6.84,urban,dry,28.7
1612,27.619579927469868,85.25880248147587,Kathmandu,dug,5.16,4.35,429.66,31.3531,13.7,1.2853,8.5,12.244,544.6,3.382,0.858,6.62,green,dry,28.67
1613,27.614919391866625,85.32227564543867,Kathmandu,shallow_tube,50.33,24.62,225.7,10.1703,22.19,1.4193,5.0,7.2,422.5,4.009,0.517,6.86,peri-urban,dry,47.83
1614,27.697751682007315,85.37562358962354,Kathmandu,shallow_tube,40.26,0.5,1404.01,264.6197,5.31,4.3065,41.49,59.75,2000.0,7.391,0.968,6.17,urban,wet,45.48
1615,27.667412747202384,85.4271909082599,Kathmandu,shallow_tube,31.83,14.54,349.73,8.8004,39.74,3.1451,98.81,142.289,310.5,1.517,0.753,7.06,urban,wet,7.73
1616,27.606218922764935,85.35762281804682,Kathmandu,shallow_tube,14.03,0.5,573.6,12.8889,44.5,2.9265,38.68,55.705,615.1,8.245,1.417,8.77,urban,dry,0.82
1617,27.737742412135226,85.20936406685004,Kathmandu,dug,6.0,0.2,280.85,7.9977,35.12,1.4039,7.76,11.173,402.1,4.867,0.292,6.85,urban,wet,23.05
1618,27.765804378333083,85.32241652517801,Bhaktapur,shallow_tube,29.12,5.15,199.44,4.0083,49.76,1.8356,82.82,119.264,474.0,2.322,1.43,7.29,green,dry,13.95
1619,27.625360108570778,85.29171400011438,Kathmandu,deep_tube,199.92,20.65,125.41,9.0955,13.79,0.6603,557.27,802.469,836.1,3.278,0.278,7.31,peri-urban,wet,15.92
1620,27.686706918890888,85.3391189644427,Kathmandu,shallow_tube,50.12,35.96,304.57,6.4726,47.06,1.4867,79.85,114.981,119.5,2.188,0.33,6.55,urban,dry,33.74
1621,27.634232874951664,85.42189296124694,Bhaktapur,deep_tube,114.76,18.08,156.89,3.5391,44.33,1.5518,603.58,869.162,647.0,1.751,0.745,6.31,urban,dry,24.86
1622,27.782049475048996,85.35291058345899,Lalitpur,dug,1.5,4.89,282.92,8.0469,35.16,2.0595,6.63,9.543,291.4,6.41,0.588,7.93,urban,wet,28.63
1623,27.723886450006248,85.27350728065184,Lalitpur,shallow_tube,44.84,19.87,394.22,37.0675,10.64,1.9056,25.21,36.3,612.6,8.695,1.085,7.05,urban,dry,35.48
1624,27.74132638519277,85.38304366194257,Kathmandu,deep_tube,125.24,17.56,1371.92,31.2735,43.87,10.3194,50.0,72.0,593.2,8.355,0.552,7.07,urban,wet,16.53
1625,27.69460950089231,85.38418323646425,Lalitpur,shallow_tube,34.7,6.95,482.75,18.6236,25.92,3.5558,83.56,120.324,645.5,1.89,0.892,6.64,agriculture,dry,0.0
1626,27.73196343429132,85.39386134906944,Bhaktapur,shallow_tube,29.03,2.82,101.5,5.5902,18.16,0.34,5.0,7.2,807.9,6.51,0.335,6.99,urban,wet,21.39
1627,27.692715325447736,85.33241672908238,Bhaktapur,deep_tube,122.96,14.86,190.17,8.4322,22.55,1.6548,358.27,515.905,586.1,5.653,0.774,6.59,urban,wet,14.87
1628,27.752546366683777,85.254787843111,Kathmandu,shallow_tube,51.24,18.93,119.86,5.69,21.07,1.1731,46.25,66.606,352.8,2.169,0.301,7.83,green,wet,15.06
1629,27.61100484711427,85.24928218791118,Kathmandu,dug,7.85,7.82,259.55,23.1828,11.2,1.0597,2.83,4.079,395.9,8.388,0.571,6.63,urban,wet,33.09
1630,27.63562153119169,85.29438651365228,Kathmandu,dug,7.66,20.33,563.29,20.7892,27.1,1.5616,5.72,8.235,571.5,3.822,1.33,6.38,urban,dry,26.55
1631,27.74717641838147,85.35343143651599,Kathmandu,dug,4.74,0.2,492.88,13.435,36.69,4.0343,6.03,8.679,239.8,4.413,1.335,7.13,green,dry,24.85
1632,27.744234878367028,85.40229527586166,Kathmandu,shallow_tube,37.67,6.3,129.32,6.4524,20.04,1.154,56.25,81.006,398.3,1.114,0.453,8.09,peri-urban,wet,5.79
1633,27.6338127136406,85.23254213614244,Lalitpur,dug,4.69,6.79,508.88,29.2575,17.39,2.152,6.91,9.955,677.9,6.061,0.747,7.44,urban,wet,39.33
1634,27.783719026220183,85.24215947692485,Lalitpur,deep_tube,77.24,49.21,444.08,21.8544,20.32,1.8976,653.63,941.227,542.6,0.131,0.901,7.42,peri-urban,dry,42.26
1635,27.703454857953282,85.3278969405667,Kathmandu,deep_tube,188.29,34.98,412.7,26.7044,15.45,2.2914,656.34,945.136,454.5,3.289,0.35,7.53,urban,dry,17.95
1636,27.77712405285095,85.3592444602681,Kathmandu,deep_tube,75.04,36.11,630.41,20.3712,30.95,1.9909,184.31,265.404,716.3,0.053,0.988,7.0,peri-urban,dry,30.8
1637,27.648389247317624,85.2394572556123,Lalitpur,shallow_tube,66.92,14.23,355.6,11.3068,31.45,0.934,63.41,91.316,243.8,2.548,1.241,6.9,urban,wet,5.49
1638,27.799056121413088,85.304214955044,Kathmandu,shallow_tube,55.45,14.94,86.21,1.841,46.83,0.6444,104.26,150.139,586.9,4.853,0.249,7.18,urban,dry,14.41
1639,27.751160575855188,85.24105850112907,Kathmandu,deep_tube,81.02,11.69,898.53,40.9749,21.93,2.9176,411.88,593.107,853.7,6.074,0.621,6.96,urban,wet,16.33
1640,27.629136940277323,85.43831035332967,Lalitpur,shallow_tube,29.58,0.5,1488.15,53.735,27.69,6.041,60.92,87.72,161.9,11.381,0.441,7.76,urban,dry,1.31
1641,27.790889817331365,85.41514555651145,Lalitpur,dug,5.16,4.73,365.82,7.9877,45.8,2.2591,3.56,5.125,192.6,8.476,1.255,6.94,urban,wet,27.13
1642,27.71768486993904,85.24496068742032,Kathmandu,shallow_tube,52.7,6.72,95.53,2.9526,32.35,0.9445,30.32,43.658,363.1,7.305,0.854,7.49,urban,dry,1.65
1643,27.703233273236652,85.33609747796847,Kathmandu,shallow_tube,54.22,9.06,294.19,34.4101,8.55,2.0192,74.37,107.094,225.0,2.976,0.604,7.0,peri-urban,dry,8.21
1644,27.70050004900368,85.43059514545972,Kathmandu,deep_tube,91.18,25.01,601.7,15.7313,38.25,4.1958,50.0,72.0,292.3,0.01,1.521,7.06,agriculture,dry,20.34
1645,27.795124023143174,85.30647421603389,Kathmandu,shallow_tube,59.63,9.78,180.11,4.3913,41.01,0.9612,35.36,50.915,480.2,1.532,0.407,7.29,urban,wet,15.76
1646,27.6580618763684,85.24322717807947,Kathmandu,shallow_tube,17.41,12.25,133.2,4.029,33.06,0.4868,66.21,95.345,794.9,3.34,0.611,6.74,peri-urban,wet,27.34
1647,27.647721177556818,85.21776541870588,Kathmandu,deep_tube,202.23,22.82,278.1,30.5571,9.1,1.8777,442.68,637.461,429.5,3.083,0.278,7.21,peri-urban,dry,21.52
1648,27.65213947181538,85.34336776694126,Lalitpur,dug,7.28,9.75,195.68,5.9199,33.06,1.3091,1.21,1.737,219.0,7.38,0.616,7.21,urban,wet,42.1
1649,27.705224722355755,85.25108116535927,Lalitpur,shallow_tube,31.45,31.29,197.97,11.8991,16.64,0.8146,58.23,83.849,559.8,5.106,0.344,6.78,urban,dry,35.82
1650,27.774128407482994,85.22729504472105,Kathmandu,deep_tube,124.55,30.28,309.16,12.9085,23.95,1.7233,504.26,726.14,243.2,5.341,0.459,7.27,urban,dry,18.64
1651,27.717662637947875,85.36570166413999,Kathmandu,deep_tube,199.34,23.76,1001.52,40.7369,24.59,8.8053,454.68,654.739,227.0,2.816,1.296,6.37,peri-urban,dry,14.14
1652,27.781885247070825,85.29244698688034,Lalitpur,dug,4.61,0.25,277.3,21.6235,12.82,1.1295,3.54,5.097,290.6,3.309,0.01,7.58,peri-urban,wet,21.14
1653,27.659812619643336,85.30015656497605,Kathmandu,shallow_tube,17.37,10.43,299.55,9.4763,31.61,2.5115,71.04,102.293,361.7,2.322,0.747,6.66,peri-urban,wet,10.16
1654,27.692206847831432,85.43865757464113,Kathmandu,shallow_tube,63.01,2.92,204.4,4.9241,41.51,1.6993,40.81,58.768,1004.3,2.327,0.527,7.02,peri-urban,dry,8.86
1655,27.65948504307258,85.34979016676698,Kathmandu,shallow_tube,52.55,18.02,890.75,18.6435,47.78,4.4292,14.14,20.367,290.6,5.943,0.692,6.95,urban,dry,25.13
1656,27.6201853950057,85.431673854077,Bhaktapur,shallow_tube,45.41,14.66,354.46,12.7114,27.89,0.7173,48.18,69.376,352.8,1.876,1.133,7.46,peri-urban,dry,5.09
1657,27.652755606311462,85.26381606449898,Lalitpur,dug,9.77,5.65,1143.3,32.7043,34.96,4.7701,9.44,13.591,163.2,4.319,0.064,8.11,urban,wet,16.3
1658,27.694685335083292,85.42603249595625,Kathmandu,shallow_tube,34.23,21.45,323.49,11.1849,28.92,1.4329,100.65,144.939,294.9,5.18,0.043,7.58,peri-urban,dry,20.98
1659,27.637064342110236,85.2752298054998,Kathmandu,dug,6.41,18.62,543.18,25.9286,20.95,3.1117,5.44,7.832,269.7,3.109,0.01,6.29,urban,dry,48.11
1660,27.603391004298146,85.35524065365784,Bhaktapur,shallow_tube,43.2,0.5,202.29,11.2736,17.94,0.8314,74.74,107.619,678.9,9.007,0.297,6.52,urban,dry,9.4
1661,27.771761690902547,85.27986888647432,Kathmandu,shallow_tube,30.5,17.16,150.13,4.8282,31.1,1.147,28.93,41.657,766.0,0.591,0.582,7.28,peri-urban,dry,34.35
1662,27.72049391438948,85.4343728174237,Kathmandu,dug,5.21,12.42,127.4,3.5489,35.9,0.6926,8.37,12.048,521.1,8.611,0.756,6.08,urban,dry,37.52
1663,27.681500396246605,85.30828380299907,Kathmandu,shallow_tube,29.26,27.42,679.62,14.0524,48.36,2.7386,85.18,122.652,225.1,5.57,0.809,7.5,urban,dry,19.58
1664,27.60738352861547,85.27301218645002,Kathmandu,deep_tube,203.1,51.99,234.96,12.2317,19.21,1.9214,461.89,665.126,291.2,2.345,0.776,7.56,peri-urban,dry,26.84
1665,27.628280722182872,85.22926515593619,Lalitpur,deep_tube,63.56,14.66,238.96,8.0863,29.55,2.1261,734.25,1057.327,558.0,6.771,0.974,6.34,urban,wet,14.45
1666,27.65205176620536,85.34191697109117,Kathmandu,deep_tube,96.89,9.39,419.14,61.2291,6.85,3.9522,618.26,890.289,343.2,5.228,1.263,7.29,urban,dry,4.26
1667,27.605287976614783,85.3253205247865,Lalitpur,shallow_tube,22.78,1.96,162.72,4.8682,33.43,0.6175,24.77,35.669,516.3,2.456,0.01,7.55,peri-urban,wet,8.51
1668,27.651005640416948,85.29960291545379,Kathmandu,shallow_tube,64.73,13.69,218.71,6.601,33.13,2.1542,50.61,72.883,282.1,4.272,0.199,7.25,urban,dry,21.31
1669,27.643642577033148,85.32344791940027,Kathmandu,deep_tube,169.34,10.47,170.92,5.152,33.18,1.4667,65.14,93.8,124.1,3.405,0.156,6.88,urban,wet,1.56
1670,27.688784906642727,85.21140299103091,Kathmandu,deep_tube,153.72,7.53,210.16,30.2372,6.95,1.5029,50.0,72.0,476.7,0.643,1.002,6.79,peri-urban,wet,14.69
1671,27.73505349237327,85.22963626026848,Lalitpur,dug,3.53,6.27,419.58,79.6111,5.27,1.2348,6.16,8.865,411.6,0.488,0.499,7.0,peri-urban,wet,20.83
1672,27.7427620394688,85.20795482275624,Bhaktapur,deep_tube,205.45,16.32,282.14,41.4705,6.8,2.6934,445.94,642.159,908.4,5.52,1.119,8.33,urban,dry,21.22
1673,27.792965890020632,85.31782888938007,Kathmandu,deep_tube,30.0,36.71,86.39,1.8681,46.25,0.8295,446.81,643.4,840.7,1.722,1.065,6.87,peri-urban,dry,22.52
1674,27.730559040524856,85.2917897882217,Lalitpur,deep_tube,204.64,25.46,107.89,5.7923,18.63,0.3641,319.75,460.442,745.3,0.404,0.709,7.29,green,dry,26.16
1675,27.713034337419856,85.20046733628239,Bhaktapur,dug,6.31,21.15,255.27,5.545,46.04,1.5585,3.62,5.218,338.4,0.01,0.715,8.02,urban,dry,41.14
1676,27.778339023191997,85.34632101142077,Lalitpur,shallow_tube,66.46,11.14,38.28,0.8218,46.57,0.2701,98.06,141.21,574.0,5.354,0.615,7.59,urban,wet,4.15
1677,27.64422388491306,85.33898628913091,Kathmandu,shallow_tube,18.35,31.16,104.76,3.8198,27.43,0.4171,78.2,112.614,709.0,0.565,0.79,7.38,urban,dry,29.92
1678,27.737988561525963,85.41444092573062,Kathmandu,dug,5.25,0.2,812.85,27.9374,29.1,8.0998,10.57,15.216,118.7,5.507,1.01,7.6,urban,dry,4.5
1679,27.72883185715868,85.34108577792794,Kathmandu,shallow_tube,55.77,28.6,416.81,35.1723,11.85,4.1254,28.88,41.587,999.2,0.569,0.858,7.54,green,dry,41.36
1680,27.608577537401466,85.33715946318438,Bhaktapur,deep_tube,84.29,26.15,421.83,65.1317,6.48,2.2393,326.41,470.025,845.7,3.978,0.863,7.33,urban,dry,4.39
1681,27.703294773620144,85.25623688517244,Kathmandu,shallow_tube,26.7,13.58,274.12,18.8459,14.55,1.3777,83.12,119.696,155.4,6.839,0.723,7.03,urban,dry,18.5
1682,27.7048247835328,85.37376876968872,Lalitpur,shallow_tube,48.17,23.83,55.35,2.1449,25.81,0.486,23.62,34.009,193.5,2.875,0.636,7.43,peri-urban,dry,25.66
1683,27.65658269794985,85.26137456478165,Kathmandu,dug,2.89,1.2,742.25,15.0906,49.19,6.827,5.07,7.302,172.2,3.356,0.715,7.37,peri-urban,dry,21.34
1684,27.77402838828189,85.36851994743068,Kathmandu,deep_tube,156.03,1.0,225.03,8.0439,27.98,1.0577,859.22,1237.279,178.9,7.407,0.853,6.27,agriculture,wet,3.34
1685,27.67555883698205,85.2789259496226,Bhaktapur,deep_tube,199.27,17.36,1174.56,30.8914,38.02,4.824,129.62,186.659,1088.8,1.083,0.968,7.49,peri-urban,wet,21.31
1686,27.710094978945634,85.33930147767052,Lalitpur,deep_tube,169.79,1.0,552.8,57.0667,9.69,2.1352,380.35,547.705,596.7,7.489,1.348,7.75,urban,wet,4.16
1687,27.63498224478333,85.42067181274561,Kathmandu,dug,7.35,9.78,1458.26,124.2872,11.73,5.8117,4.25,6.118,226.8,5.49,0.632,7.61,urban,dry,37.52
1688,27.784931291523833,85.23641970217952,Kathmandu,shallow_tube,31.96,11.41,251.84,5.981,42.11,1.2874,5.0,7.2,317.7,4.591,0.449,7.58,urban,dry,24.58
1689,27.672853722979564,85.30056272207922,Kathmandu,shallow_tube,35.82,3.56,192.05,6.1983,30.98,0.7143,80.36,115.718,169.3,3.627,1.302,6.9,peri-urban,wet,5.27
1690,27.630440489505695,85.36617376650739,Kathmandu,shallow_tube,27.47,5.56,73.74,7.5243,9.8,0.253,46.81,67.41,298.3,2.483,0.97,7.34,green,wet,11.77
1691,27.673753776066828,85.24338660027529,Lalitpur,dug,8.44,6.81,200.01,6.7036,29.84,0.8028,1.0,1.44,407.5,8.895,0.6,6.39,urban,dry,35.87
1692,27.702143655582574,85.37024290593011,Kathmandu,dug,5.23,0.47,1011.5,76.914,13.15,4.2151,1.0,1.44,206.4,10.443,0.518,6.72,urban,wet,25.21
1693,27.792774521129154,85.20349659046829,Lalitpur,deep_tube,210.11,22.47,1163.23,173.02,6.72,4.31,384.82,554.143,340.9,6.297,0.961,6.35,urban,dry,16.87
1694,27.694990293175,85.36030731896611,Lalitpur,dug,8.03,14.43,79.9,2.8926,27.62,0.4639,2.04,2.941,376.8,3.606,0.465,6.82,urban,dry,36.01
1695,27.74708440909696,85.40464134989953,Kathmandu,shallow_tube,45.69,23.18,959.53,30.5632,31.4,9.5388,66.78,96.156,356.2,3.689,1.533,7.28,urban,dry,15.65
1696,27.752133388869765,85.31803621284553,Kathmandu,dug,7.37,9.37,404.63,17.1819,23.55,1.8994,3.49,5.02,544.4,5.484,0.242,7.58,urban,dry,36.64
1697,27.642549767969705,85.29105228656348,Kathmandu,dug,5.7,11.11,192.99,5.8865,32.79,0.5912,6.93,9.978,81.4,5.028,0.393,7.2,urban,dry,35.47
1698,27.756501403537182,85.22885819491859,Kathmandu,dug,7.47,14.07,513.87,36.3777,14.13,3.4276,2.58,3.716,666.1,6.238,0.364,7.14,urban,dry,49.04
1699,27.627355612212796,85.38197682583017,Kathmandu,dug,7.16,0.2,311.49,6.9015,45.13,2.9174,4.26,6.135,1121.3,5.469,0.666,6.67,urban,dry,25.37
1700,27.681151556264588,85.43794908609284,Kathmandu,shallow_tube,39.5,11.26,95.27,5.0439,18.89,0.5207,91.56,131.843,181.5,8.141,1.126,6.54,urban,wet,5.21
1701,27.669203799888198,85.38424140152338,Lalitpur,shallow_tube,42.09,1.13,838.19,24.2,34.64,5.3335,5.0,7.2,671.2,8.964,1.07,7.05,urban,wet,21.7
1702,27.632229838857675,85.39545820410638,Lalitpur,dug,7.86,3.92,333.16,7.4168,44.92,1.7932,6.16,8.866,534.9,2.117,0.344,7.67,peri-urban,wet,25.33
1703,27.749715202514963,85.43598898091294,Kathmandu,shallow_tube,38.97,0.5,584.97,19.1008,30.63,2.4373,16.37,23.58,355.3,3.364,0.182,7.03,green,dry,13.53
1704,27.728475542371555,85.27174370635532,Kathmandu,shallow_tube,16.82,16.14,504.11,28.3607,17.77,3.9729,28.79,41.462,214.4,0.126,0.999,7.05,peri-urban,dry,14.34
1705,27.68913394084797,85.39744677005913,Kathmandu,shallow_tube,38.85,4.78,99.91,2.5448,39.26,0.7945,11.22,16.155,351.3,12.025,0.616,7.87,urban,dry,10.29
1706,27.667246027164122,85.35636836335415,Kathmandu,shallow_tube,37.88,4.99,493.7,9.9416,49.66,1.334,184.18,265.223,209.6,2.879,0.595,7.68,peri-urban,wet,1.88
1707,27.606550896823332,85.27855101936605,Lalitpur,dug,6.75,2.3,116.99,2.6226,44.61,0.4729,2.18,3.135,317.3,0.01,0.13,7.07,peri-urban,wet,33.32
1708,27.65877887996637,85.36934443206435,Lalitpur,shallow_tube,32.03,12.63,109.46,3.3597,32.58,0.3605,87.87,126.533,356.1,2.019,0.827,6.81,urban,wet,4.53
1709,27.70962040376444,85.42031083009111,Kathmandu,shallow_tube,43.67,10.84,95.14,3.2242,29.51,0.2579,100.31,144.453,594.7,5.167,0.858,7.14,urban,dry,18.91
1710,27.648924415642323,85.29979417554942,Kathmandu,dug,5.26,10.64,908.45,109.4539,8.3,6.6139,9.76,14.061,281.8,1.123,0.501,7.54,peri-urban,dry,26.24
1711,27.738087138908977,85.42722118755027,Kathmandu,deep_tube,30.12,21.31,169.15,12.7422,13.27,1.0355,183.03,263.558,1672.8,2.643,0.122,6.79,urban,dry,37.3
1712,27.754996099893418,85.27818424470698,Kathmandu,shallow_tube,52.61,5.41,110.82,7.2457,15.29,0.9293,36.3,52.269,161.3,4.812,0.912,7.21,urban,dry,2.98
1713,27.617679449384326,85.30189988254551,Lalitpur,shallow_tube,46.65,28.75,325.63,26.686,12.2,2.8044,52.8,76.038,462.4,3.775,1.074,7.58,urban,dry,27.71
1714,27.72358170864016,85.2534954209318,Lalitpur,shallow_tube,29.34,0.5,468.02,11.7573,39.81,1.9015,67.22,96.798,1032.6,6.168,0.843,7.53,urban,dry,12.2
1715,27.751791812223203,85.33418850904391,Bhaktapur,shallow_tube,10.13,12.28,73.93,1.5249,48.48,0.2137,12.99,18.707,149.9,9.943,1.128,7.23,urban,wet,23.2
1716,27.62233016133619,85.22213106081145,Lalitpur,shallow_tube,32.54,8.8,1180.37,81.6845,14.45,8.3009,66.06,95.121,473.7,4.705,1.036,6.42,peri-urban,wet,9.97
1717,27.77644139455439,85.33315565829186,Kathmandu,deep_tube,152.56,30.38,261.91,14.5719,17.97,2.6176,446.87,643.49,245.0,2.618,0.861,6.72,urban,dry,27.34
1718,27.775921240412238,85.24141847448941,Kathmandu,dug,5.38,2.48,267.31,15.5207,17.22,1.8586,7.55,10.872,657.3,8.736,1.206,6.91,urban,wet,29.76
1719,27.64600245442132,85.2775237936419,Kathmandu,dug,7.83,11.94,239.25,6.1883,38.66,1.1811,9.52,13.708,602.5,6.716,0.514,7.76,urban,dry,32.04
1720,27.671176404589595,85.39214903688284,Lalitpur,shallow_tube,36.37,16.36,223.71,5.9134,37.83,0.6911,58.08,83.629,481.6,3.381,0.713,7.35,peri-urban,dry,16.31
1721,27.62068300855389,85.40229517667535,Lalitpur,shallow_tube,51.24,9.81,190.64,33.2851,5.73,0.5824,86.08,123.962,224.4,5.429,1.268,7.33,urban,wet,4.84
1722,27.751625306439912,85.27689039792016,Kathmandu,dug,7.17,6.83,187.5,25.8196,7.26,0.4434,1.0,1.44,646.9,8.641,1.025,7.59,urban,wet,36.58
1723,27.783541933983848,85.2789845868058,Kathmandu,deep_tube,181.39,18.01,216.32,4.9652,43.57,0.6365,299.08,430.673,269.6,2.975,0.765,6.07,peri-urban,dry,18.39
1724,27.671766752366896,85.41172568211937,Lalitpur,deep_tube,283.91,41.74,897.76,29.9542,29.97,7.2177,516.37,743.575,215.2,7.757,1.073,7.34,urban,dry,27.56
1725,27.775031589618354,85.34606582243384,Kathmandu,shallow_tube,46.39,32.8,611.37,101.3794,6.03,1.6623,42.59,61.336,338.1,1.77,1.11,7.28,urban,dry,31.35
1726,27.669804199130986,85.44031362969183,Kathmandu,dug,6.02,10.85,508.74,14.2397,35.73,3.4904,4.37,6.293,767.5,3.38,0.685,6.81,urban,wet,33.91
1727,27.753167777578195,85.28081923061704,Kathmandu,shallow_tube,13.8,3.16,144.57,3.534,40.91,0.7678,5.0,7.2,478.8,7.415,0.929,7.7,urban,dry,30.74
1728,27.736400696833535,85.22644806119789,Bhaktapur,deep_tube,192.22,10.59,470.84,16.1053,29.23,1.4186,50.0,72.0,458.3,4.609,0.79,7.08,urban,dry,17.02
1729,27.768759313721176,85.32813697960444,Bhaktapur,shallow_tube,10.33,7.34,905.51,72.4258,12.5,7.458,5.0,7.2,215.2,3.144,0.759,7.32,peri-urban,wet,36.06
1730,27.78551316836793,85.3481826578333,Lalitpur,deep_tube,94.48,68.2,262.92,13.6018,19.33,1.4992,175.96,253.383,251.8,1.795,0.559,6.9,peri-urban,dry,47.21
1731,27.62538539988408,85.41583823474168,Lalitpur,shallow_tube,47.94,17.68,1149.67,28.4186,40.45,11.053,15.91,22.908,122.2,3.327,0.881,7.09,peri-urban,dry,20.55
1732,27.60261849913977,85.24436805956525,Lalitpur,deep_tube,236.63,40.48,1808.65,52.7075,34.31,8.3368,50.0,72.0,1173.0,4.088,0.356,7.65,urban,dry,56.64
1733,27.78177173694627,85.35801389807081,Kathmandu,shallow_tube,19.02,7.41,243.98,6.233,39.14,1.9912,23.07,33.223,706.1,3.17,0.832,7.52,agriculture,wet,27.41
1734,27.621878954314806,85.37773405298799,Lalitpur,shallow_tube,45.36,29.54,229.22,15.5276,14.76,1.8683,73.27,105.507,454.2,4.767,1.066,7.81,urban,dry,24.99
1735,27.770670922030128,85.41146373058959,Kathmandu,shallow_tube,28.26,24.1,564.21,58.7991,9.6,4.1714,44.18,63.621,698.8,1.155,1.009,6.37,peri-urban,dry,25.18
1736,27.689202349686827,85.20127225810707,Kathmandu,shallow_tube,61.22,29.16,274.18,12.111,22.64,1.0241,114.16,164.388,493.8,6.492,0.407,7.55,urban,dry,23.63
1737,27.617907019424567,85.35389255019446,Kathmandu,dug,7.11,2.04,329.71,8.0853,40.78,1.571,4.67,6.731,203.8,9.033,0.521,6.06,urban,dry,21.47
1738,27.689633165519947,85.42547029382628,Kathmandu,deep_tube,56.72,17.77,416.49,12.4672,33.41,1.7698,403.78,581.438,235.9,2.885,0.01,6.65,urban,dry,12.92
1739,27.63941712929701,85.23544776035726,Lalitpur,shallow_tube,60.43,9.89,334.75,8.6952,38.5,2.5312,59.32,85.42,446.5,1.35,1.021,7.43,peri-urban,dry,9.89
1740,27.78291490726524,85.33712433527631,Kathmandu,deep_tube,96.38,7.94,199.23,4.8187,41.34,0.869,1278.76,1841.415,781.5,0.01,0.54,7.98,peri-urban,wet,21.84
1741,27.750179164339233,85.36705017431503,Lalitpur,shallow_tube,23.24,8.91,719.78,14.8415,48.5,4.9663,53.53,77.09,269.2,5.75,0.01,5.5,urban,wet,9.68
1742,27.660394427548372,85.33496806046318,Kathmandu,shallow_tube,28.87,30.23,85.24,2.0475,41.63,0.8264,31.84,45.857,1026.5,5.787,0.235,6.64,urban,dry,48.68
1743,27.66472883362199,85.27302383737467,Lalitpur,dug,4.9,9.48,146.52,7.1583,20.47,1.2617,4.57,6.58,377.8,0.303,1.028,7.88,peri-urban,dry,35.42
1744,27.669510587815225,85.33133845998329,Kathmandu,dug,7.19,11.5,607.38,75.6996,8.02,3.2207,3.79,5.463,356.5,2.438,0.828,7.73,urban,wet,46.16
1745,27.773757092634646,85.3978077424126,Bhaktapur,shallow_tube,51.6,10.56,1541.49,89.1326,17.29,13.9007,72.77,104.79,529.1,6.031,0.044,7.04,urban,wet,16.07
1746,27.737285833453154,85.21945355153814,Kathmandu,shallow_tube,45.8,23.01,432.21,21.8386,19.79,4.2721,34.9,50.261,607.5,6.385,0.015,7.25,urban,dry,28.72
1747,27.605118301449902,85.40787458777456,Lalitpur,dug,7.55,7.84,250.33,27.2085,9.2,1.4482,8.45,12.17,1054.2,8.333,0.837,6.64,urban,dry,41.3
1748,27.76656979005436,85.31242238424625,Bhaktapur,dug,3.68,7.21,136.16,3.0471,44.68,0.502,2.22,3.194,122.9,3.954,0.45,7.94,urban,dry,29.64
1749,27.66254562321346,85.32639875386477,Kathmandu,deep_tube,72.05,17.08,404.13,8.3549,48.37,1.3622,175.28,252.402,740.1,10.117,1.023,6.76,urban,dry,21.61
1750,27.612973225340276,85.36665169436847,Lalitpur,shallow_tube,70.46,22.13,484.36,15.9583,30.35,4.6248,54.96,79.142,458.1,4.968,0.061,6.72,urban,dry,24.99
1751,27.76734010285474,85.4114288309723,Lalitpur,deep_tube,116.44,25.01,335.67,8.2739,40.57,2.6442,1146.11,1650.392,512.9,5.85,0.575,6.97,peri-urban,wet,27.05
1752,27.70464126539373,85.20211993025637,Lalitpur,dug,3.06,5.75,175.46,7.271,24.13,0.644,5.92,8.531,542.9,6.474,0.611,7.14,urban,dry,22.38
1753,27.693640619314564,85.40056583322078,Bhaktapur,dug,3.72,2.03,345.84,14.3077,24.17,2.6912,6.46,9.303,343.8,6.997,0.946,7.16,urban,wet,16.44
1754,27.710004328351086,85.23794040347829,Kathmandu,shallow_tube,28.95,0.5,229.81,5.3237,43.17,0.7588,14.82,21.347,1171.4,2.746,0.622,6.36,green,dry,14.88
1755,27.672489892802787,85.4291679772843,Kathmandu,shallow_tube,51.0,21.11,1632.92,148.1319,11.02,6.7239,44.78,64.489,310.1,8.42,0.023,8.01,urban,dry,24.83
1756,27.77312782412376,85.41845611086538,Bhaktapur,dug,6.03,0.2,160.06,3.2736,48.89,0.7644,3.09,4.454,1052.9,8.808,0.347,7.09,urban,dry,35.31
1757,27.692393171090085,85.33069793726625,Lalitpur,dug,6.84,0.6,201.23,4.9902,40.32,0.5137,1.0,1.44,237.2,4.744,0.228,7.39,agriculture,wet,16.02
1758,27.606607067446177,85.44622560904376,Lalitpur,shallow_tube,13.36,13.07,403.44,22.8423,17.66,2.6719,47.96,69.061,1004.0,2.591,0.392,7.12,peri-urban,wet,25.64
1759,27.673267288482393,85.22088741929771,Lalitpur,shallow_tube,9.26,24.03,112.76,3.4492,32.69,0.5612,22.0,31.676,80.5,0.01,0.358,6.41,peri-urban,wet,25.58
1760,27.618272122222994,85.22826075842153,Kathmandu,dug,7.35,4.49,346.91,44.4696,7.8,2.3926,2.74,3.95,417.1,6.108,0.929,7.06,urban,dry,24.9
1761,27.78447331186626,85.21217784891938,Bhaktapur,dug,4.93,10.44,249.39,8.4766,29.42,1.2932,2.0,2.88,426.3,6.985,0.769,7.1,urban,dry,43.41
1762,27.60119496814519,85.39743620666863,Bhaktapur,dug,8.85,6.33,541.81,44.4976,12.18,4.3195,3.93,5.665,528.7,4.921,0.861,7.76,urban,dry,21.57
1763,27.645224229519844,85.21034658424774,Kathmandu,dug,10.89,3.65,134.47,3.2826,40.96,0.9445,4.27,6.146,567.1,5.087,0.609,7.78,peri-urban,dry,25.62
1764,27.756722147118673,85.38304581848918,Bhaktapur,shallow_tube,30.28,40.77,89.73,3.8512,23.3,0.2853,5.0,7.2,318.1,4.015,0.9,7.72,urban,dry,65.82
1765,27.742672544536045,85.31861222614062,Kathmandu,shallow_tube,21.08,8.86,1254.65,67.8415,18.49,10.859,43.04,61.977,726.6,5.422,0.785,6.96,urban,dry,23.36
1766,27.634923170001482,85.20720459378522,Lalitpur,shallow_tube,8.0,0.5,533.98,16.1389,33.09,2.144,73.96,106.498,288.7,2.239,0.78,7.75,peri-urban,dry,3.2
1767,27.778422928633695,85.40797749056374,Kathmandu,deep_tube,212.68,1.0,312.08,7.0908,44.01,2.9706,50.0,72.0,304.1,4.091,0.593,7.03,peri-urban,dry,0.0
1768,27.79011529057977,85.31687924469519,Kathmandu,shallow_tube,33.12,8.76,313.6,11.0804,28.3,0.8003,62.82,90.455,110.5,4.539,0.691,6.92,urban,wet,14.59
1769,27.77491728306379,85.35804819531018,Bhaktapur,shallow_tube,42.26,12.01,679.59,15.5164,43.8,4.3042,5.0,7.2,1437.2,7.425,0.686,7.57,urban,wet,59.69
1770,27.66958173469745,85.24240379861959,Kathmandu,dug,8.03,12.12,165.11,9.1006,18.14,0.9257,2.47,3.562,190.1,3.675,0.358,6.45,agriculture,dry,41.5
1771,27.76355765395607,85.34876901739906,Kathmandu,dug,5.33,18.38,256.77,6.2781,40.9,2.2165,1.0,1.44,546.0,3.839,0.831,7.2,green,dry,46.48
1772,27.77418981726399,85.28455832080819,Lalitpur,shallow_tube,46.45,14.54,427.49,11.3197,37.76,0.8837,58.49,84.221,237.4,3.884,1.001,7.73,urban,dry,8.89
1773,27.785438574752824,85.22905874511933,Lalitpur,shallow_tube,61.02,14.35,407.15,44.0018,9.25,1.1566,62.55,90.078,220.4,10.339,1.248,7.95,urban,dry,1.07
1774,27.661907614417668,85.23977625978816,Lalitpur,deep_tube,175.51,5.73,108.09,5.3548,20.19,0.5521,668.63,962.827,824.4,2.275,0.077,7.61,green,wet,13.63
1775,27.60212384649539,85.44729260019177,Kathmandu,shallow_tube,54.66,14.17,997.42,46.6536,21.38,2.6012,25.53,36.766,684.4,0.01,1.179,8.06,peri-urban,dry,30.71
1776,27.741336681551736,85.40558453362677,Kathmandu,deep_tube,213.54,20.08,203.33,10.3685,19.61,2.008,466.55,671.829,2000.0,3.28,0.524,7.61,urban,dry,47.68
1777,27.755402802612366,85.44226013610354,Bhaktapur,shallow_tube,51.9,8.4,62.05,1.2498,49.65,0.5458,53.83,77.51,342.3,6.151,0.708,7.58,urban,wet,7.22
1778,27.794822983547707,85.21555908194846,Bhaktapur,dug,8.36,2.6,763.48,36.6624,20.82,2.5391,5.22,7.523,275.4,7.885,1.081,7.77,urban,wet,22.02
1779,27.694080885184913,85.41139988353612,Kathmandu,dug,5.77,0.2,993.33,22.0839,44.98,6.0727,3.64,5.239,326.7,3.951,0.425,7.21,agriculture,dry,19.58
1780,27.678751894258127,85.39341129561397,Lalitpur,shallow_tube,17.61,4.07,87.83,1.9001,46.22,0.8611,65.99,95.033,616.8,6.597,0.01,6.43,urban,wet,12.29
1781,27.658479862724775,85.44516409315747,Lalitpur,shallow_tube,25.94,15.83,2000.0,94.5095,21.16,13.0578,33.78,48.649,355.8,6.341,0.582,7.57,urban,dry,16.56
1782,27.659164347865197,85.39867993831618,Kathmandu,dug,2.9,4.0,180.1,5.5949,32.19,0.4553,4.31,6.204,1125.6,3.16,1.001,6.8,peri-urban,wet,35.26
1783,27.600118951608533,85.44090787801996,Kathmandu,dug,7.31,11.22,478.18,15.7988,30.27,1.9697,2.48,3.569,1321.3,5.804,0.516,7.96,urban,dry,59.93
1784,27.63162151564778,85.30776854628913,Bhaktapur,deep_tube,44.18,5.15,802.95,70.0456,11.46,5.4313,62.42,89.889,1230.9,3.21,0.962,7.93,peri-urban,dry,20.7
1785,27.605095285253892,85.37010109168472,Kathmandu,shallow_tube,39.8,7.38,192.12,6.3825,30.1,0.9215,9.73,14.018,1219.9,4.768,0.01,7.79,peri-urban,wet,30.49
1786,27.730946841793145,85.29925025819352,Kathmandu,shallow_tube,43.03,29.31,451.18,10.6477,42.37,2.7593,83.16,119.757,211.0,1.393,0.828,7.29,agriculture,dry,8.63
1787,27.714320659047214,85.24845352861463,Kathmandu,shallow_tube,51.06,13.0,204.54,5.849,34.97,1.9763,12.55,18.071,229.4,0.901,1.211,7.64,peri-urban,wet,28.07
1788,27.75065713595812,85.36920269957153,Kathmandu,shallow_tube,48.42,7.18,194.83,5.6433,34.52,0.881,80.74,116.262,333.9,2.457,0.361,6.57,urban,wet,8.33
1789,27.77142303000502,85.34432850661413,Kathmandu,shallow_tube,16.65,25.37,560.86,27.8836,20.11,4.7999,28.58,41.162,348.5,3.691,0.059,6.7,urban,dry,32.67
1790,27.60995808458432,85.4062242018022,Kathmandu,dug,7.0,7.06,664.15,61.7092,10.76,1.6542,3.24,4.668,342.7,3.429,0.547,7.93,urban,wet,24.9
1791,27.67019275421014,85.28533497180005,Bhaktapur,shallow_tube,79.93,7.58,1068.17,142.5178,7.49,4.6787,33.18,47.781,324.1,5.915,1.008,6.56,peri-urban,wet,0.0
1792,27.755759511169426,85.25498054620643,Kathmandu,deep_tube,113.91,9.12,292.12,7.5129,38.88,2.4435,483.54,696.292,389.7,0.843,0.874,7.58,peri-urban,dry,2.76
1793,27.74938820973267,85.27629229295239,Kathmandu,dug,10.08,6.65,391.14,50.9545,7.68,3.5514,10.15,14.609,365.0,0.01,0.583,7.24,urban,wet,30.12
1794,27.666636048598228,85.40144962097685,Kathmandu,dug,6.82,11.01,291.39,13.9054,20.95,2.2867,3.66,5.266,332.6,9.645,0.796,7.62,urban,dry,37.22
1795,27.644581292856408,85.34244168655412,Kathmandu,deep_tube,182.73,11.84,1540.27,61.7294,24.95,9.5688,593.47,854.595,337.7,1.549,1.296,7.3,peri-urban,wet,7.28
1796,27.674882716794283,85.41760757811271,Lalitpur,dug,9.23,12.57,322.48,20.651,15.62,2.6263,7.2,10.364,410.9,0.587,1.334,6.48,green,dry,31.91
1797,27.619846864798298,85.34469084832554,Lalitpur,shallow_tube,61.62,0.5,184.33,3.9783,46.33,0.427,99.74,143.622,921.7,6.073,0.577,5.91,urban,wet,14.48
1798,27.714874499509037,85.43020979652346,Bhaktapur,dug,4.29,1.93,42.07,1.0232,41.12,0.2568,4.51,6.489,218.5,3.805,1.139,7.74,peri-urban,wet,15.35
1799,27.776038038867217,85.21179660376556,Kathmandu,shallow_tube,22.11,16.83,372.85,14.7891,25.21,3.2141,33.64,48.438,175.7,5.354,0.641,6.93,urban,dry,7.65
1800,27.706178324903618,85.44397011763705,Kathmandu,shallow_tube,46.24,9.55,194.06,4.5289,42.85,1.4604,20.59,29.654,1292.8,1.14,0.764,6.81,peri-urban,wet,27.38
1801,27.768242367381205,85.37000064788295,Kathmandu,deep_tube,177.79,35.39,323.3,22.5499,14.34,1.4927,874.06,1258.648,319.8,0.01,0.517,7.09,urban,dry,28.75
1802,27.71349313215398,85.23719493388057,Kathmandu,deep_tube,122.12,9.9,2000.0,50.5297,39.58,15.2209,679.04,977.82,263.2,3.056,0.865,7.43,peri-urban,dry,15.82
1803,27.781233199462665,85.35008962006013,Kathmandu,shallow_tube,77.84,0.5,2000.0,120.7962,16.56,17.7111,86.26,124.212,508.1,9.936,1.155,7.54,urban,dry,19.27
1804,27.72600969738389,85.24180671425582,Lalitpur,shallow_tube,10.35,12.02,425.53,15.905,26.75,1.9514,128.71,185.337,370.9,6.324,0.01,6.98,urban,dry,8.76
1805,27.670521996625215,85.21208572660952,Kathmandu,dug,3.15,2.46,740.08,25.1619,29.41,5.4416,5.68,8.177,145.1,10.106,0.838,7.21,urban,wet,15.47
1806,27.799435080753355,85.41970754002475,Kathmandu,shallow_tube,61.91,9.12,169.46,6.6167,25.61,0.443,66.01,95.056,905.1,6.162,1.44,7.35,urban,dry,23.77
1807,27.731920099570857,85.35346401735517,Kathmandu,dug,8.51,4.04,186.99,35.6128,5.25,1.3897,1.0,1.44,353.5,5.648,0.221,6.94,urban,dry,44.88
1808,27.759256860844673,85.35993449934459,Kathmandu,shallow_tube,47.82,4.45,286.47,16.317,17.56,2.2602,56.16,80.868,987.1,1.716,0.748,6.63,urban,wet,23.28
1809,27.774250110883028,85.3495055469455,Lalitpur,shallow_tube,11.98,16.63,326.79,10.2104,32.01,1.0389,5.0,7.2,213.8,1.42,0.168,7.36,peri-urban,dry,36.96
1810,27.799720012789933,85.32789022678455,Lalitpur,dug,4.29,0.2,445.48,29.4474,15.13,3.4929,4.43,6.382,1089.0,4.205,1.173,7.18,green,wet,37.58
1811,27.685094306602007,85.33475981923603,Kathmandu,shallow_tube,38.14,2.77,365.49,9.7365,37.54,1.6315,115.85,166.829,821.5,7.847,0.036,6.17,urban,wet,3.96
1812,27.7251724260217,85.22027866781278,Lalitpur,shallow_tube,49.04,15.84,365.06,10.4345,34.99,1.9912,48.64,70.041,550.1,5.144,0.696,6.68,urban,dry,18.44
1813,27.734361158922724,85.23446141574082,Kathmandu,dug,2.59,6.98,271.03,20.7966,13.03,1.8372,3.44,4.948,426.1,4.704,0.717,6.95,urban,wet,28.35
1814,27.63139888300655,85.22913665846764,Bhaktapur,shallow_tube,31.95,12.83,165.92,4.706,35.26,1.5931,57.32,82.541,338.7,6.907,0.496,7.21,urban,wet,6.7
1815,27.757928380328284,85.3322201469414,Kathmandu,shallow_tube,43.3,11.38,311.88,10.006,31.17,1.5617,36.82,53.02,314.7,1.264,0.277,7.98,peri-urban,wet,10.02
1816,27.60443052654978,85.22813786261997,Lalitpur,shallow_tube,25.72,18.57,202.08,22.0929,9.15,0.7356,21.45,30.885,611.3,7.484,1.507,7.2,urban,wet,44.57
1817,27.69875478411373,85.43104139132237,Kathmandu,shallow_tube,49.23,5.92,756.33,23.5063,32.18,3.6919,96.99,139.668,327.4,7.863,0.409,6.46,urban,dry,9.45
1818,27.682046246727445,85.40762678824986,Kathmandu,shallow_tube,53.77,14.59,197.55,5.1228,38.56,0.8987,63.41,91.308,790.8,6.264,0.42,6.55,urban,wet,27.2
1819,27.703194519254197,85.27344486163759,Kathmandu,dug,5.34,0.2,268.79,9.2514,29.05,0.6941,6.86,9.879,719.6,3.367,0.899,6.9,urban,dry,24.91
1820,27.712556245497208,85.25011677860537,Kathmandu,dug,6.8,11.9,407.87,25.3593,16.08,1.8132,7.09,10.217,909.4,7.031,0.941,7.6,urban,wet,33.6
1821,27.7221782400283,85.21947803961771,Lalitpur,shallow_tube,29.03,18.01,2000.0,89.3398,22.39,15.9365,119.27,171.753,550.8,2.25,1.491,6.22,urban,dry,14.94
1822,27.79748991198265,85.41712602923921,Lalitpur,shallow_tube,30.75,20.23,213.79,25.8586,8.27,1.3823,61.34,88.332,292.2,1.84,0.125,6.76,agriculture,dry,22.02
1823,27.78415290392659,85.42211638971749,Kathmandu,dug,4.81,4.76,260.12,6.3818,40.76,1.872,7.98,11.486,211.5,8.255,0.403,7.02,urban,wet,24.03
1824,27.689894602040734,85.31760010491114,Kathmandu,shallow_tube,52.97,6.95,198.69,9.1323,21.76,0.9488,5.0,7.2,321.6,2.605,0.246,7.18,green,wet,26.96
1825,27.661836679819007,85.29550615943485,Kathmandu,shallow_tube,67.35,15.8,484.0,56.5925,8.55,4.6901,53.44,76.96,446.2,8.573,0.325,7.77,urban,wet,24.39
1826,27.63860094091412,85.28944913072355,Lalitpur,dug,8.51,12.64,123.96,3.3661,36.83,1.0581,5.28,7.608,785.4,5.997,1.075,6.21,urban,dry,35.12
1827,27.69610817145797,85.29121187342403,Kathmandu,deep_tube,77.33,14.21,352.45,8.7123,40.45,3.0796,314.23,452.488,156.9,7.024,0.156,6.45,urban,dry,17.63
1828,27.662225636544886,85.2882692946108,Lalitpur,shallow_tube,15.64,6.77,1440.69,93.8775,15.35,9.3038,5.0,7.2,682.4,7.267,1.156,7.93,urban,wet,43.49
1829,27.672020689362103,85.43435360250187,Kathmandu,dug,4.25,6.56,317.95,7.2002,44.16,2.1883,1.89,2.717,203.7,3.091,0.55,7.21,urban,dry,20.34
1830,27.635881816838324,85.21168124306094,Lalitpur,dug,6.14,5.02,187.43,9.6743,19.37,0.3807,5.06,7.285,553.4,7.465,0.86,7.05,urban,dry,38.83
1831,27.6742550280809,85.40578347687055,Bhaktapur,dug,9.85,11.72,602.87,17.7077,34.05,2.0654,3.28,4.725,323.1,7.343,0.649,6.59,urban,dry,46.51
1832,27.796870773363416,85.39493997135293,Lalitpur,dug,4.7,14.65,73.95,6.7197,11.0,0.4182,6.19,8.912,434.6,0.98,0.589,7.17,peri-urban,dry,38.25
1833,27.76868145837453,85.37628560973715,Lalitpur,deep_tube,134.61,1.0,401.8,27.9007,14.4,3.2237,407.89,587.363,380.6,4.157,1.661,7.77,peri-urban,wet,7.57
1834,27.62310436119584,85.21247465936436,Kathmandu,dug,5.85,11.83,105.73,2.3504,44.98,1.0029,6.69,9.629,466.4,2.158,0.93,7.09,peri-urban,wet,31.55
1835,27.770431856782984,85.32652923871163,Bhaktapur,dug,2.51,4.98,873.34,172.6539,5.06,2.3682,1.93,2.774,168.7,10.905,0.395,7.27,urban,dry,18.71
1836,27.79499609511629,85.33201913664195,Kathmandu,shallow_tube,23.96,19.3,160.11,3.5344,45.3,0.811,63.18,90.976,362.1,8.736,1.119,7.46,urban,dry,21.44
1837,27.66291433213942,85.32389225281764,Bhaktapur,dug,4.68,15.51,352.26,11.7238,30.05,2.9916,3.64,5.244,567.9,6.476,0.652,7.66,urban,dry,43.36
1838,27.67548434556505,85.29482088261209,Lalitpur,dug,7.76,2.76,362.57,9.6407,37.61,2.0515,6.8,9.796,254.4,5.453,0.432,7.55,peri-urban,dry,10.79
1839,27.646721905258115,85.26630823852001,Lalitpur,deep_tube,163.02,19.57,86.51,1.8509,46.74,0.3406,876.37,1261.968,250.2,2.578,1.334,6.73,urban,dry,5.73
1840,27.691643650997527,85.36996730799403,Kathmandu,shallow_tube,14.37,15.99,489.81,59.544,8.23,2.9041,47.12,67.856,177.6,7.032,0.741,7.48,urban,wet,5.36
1841,27.7833924701459,85.26197157849602,Bhaktapur,shallow_tube,46.72,10.5,280.85,23.318,12.04,1.9821,107.18,154.346,344.4,7.627,0.486,7.18,urban,dry,18.1
1842,27.653928272261005,85.20336288232618,Kathmandu,shallow_tube,53.8,0.5,670.25,21.3873,31.34,2.1382,61.09,87.972,320.9,4.8,0.843,6.81,peri-urban,wet,0.61
1843,27.657353792113106,85.24536200355347,Kathmandu,deep_tube,211.77,1.0,1013.16,20.4316,49.59,3.5453,902.66,1299.824,427.9,2.955,1.065,7.03,urban,wet,2.95
1844,27.672830520902895,85.34808412002502,Bhaktapur,deep_tube,184.55,48.02,157.2,5.373,29.26,1.3785,324.18,466.823,380.5,1.077,0.43,7.59,urban,dry,49.52
1845,27.731325448833655,85.34341036626002,Kathmandu,shallow_tube,46.85,23.69,263.62,9.8725,26.7,2.2604,80.58,116.037,301.4,2.505,0.277,7.41,peri-urban,dry,12.27
1846,27.62854289694562,85.2981278415039,Kathmandu,dug,5.09,3.41,406.02,19.6751,20.64,2.3574,7.7,11.083,166.6,5.527,1.264,6.26,urban,dry,21.01
1847,27.602231415677807,85.2501753855436,Kathmandu,dug,9.35,8.35,774.3,23.9131,32.38,7.6531,2.34,3.367,232.1,2.602,0.664,7.5,urban,wet,32.17
1848,27.792762598768036,85.38593505853414,Kathmandu,deep_tube,79.84,32.3,54.89,9.1658,5.99,0.5081,354.98,511.167,747.3,2.027,0.01,7.15,peri-urban,dry,29.44
1849,27.778621775309976,85.32000898937683,Lalitpur,shallow_tube,38.46,14.22,593.46,15.6222,37.99,3.3625,32.35,46.585,612.6,4.017,1.041,7.48,urban,dry,27.43
1850,27.688345178086454,85.26247262722615,Lalitpur,dug,5.34,15.57,194.67,17.5065,11.12,0.7618,7.73,11.135,509.8,2.66,0.303,7.05,green,dry,32.02
1851,27.7463852715014,85.28649330654076,Kathmandu,dug,8.09,14.35,953.57,37.3948,25.5,4.8267,1.65,2.371,559.3,8.613,0.687,8.2,urban,dry,44.52
1852,27.604811369346756,85.3941588304711,Kathmandu,shallow_tube,15.37,19.0,1144.26,42.5109,26.92,2.3611,30.23,43.525,333.0,1.523,0.073,6.73,peri-urban,wet,19.2
1853,27.791674046576546,85.43335482790681,Kathmandu,deep_tube,242.99,22.62,702.32,15.905,44.16,5.1548,207.28,298.48,217.7,9.651,0.912,6.86,urban,dry,8.51
1854,27.68246424226485,85.34864707803636,Bhaktapur,shallow_tube,64.58,10.19,311.63,10.6497,29.26,2.5375,73.37,105.658,307.2,7.088,0.084,7.1,urban,dry,5.59
1855,27.730632633793824,85.2893952171739,Kathmandu,shallow_tube,41.2,9.17,196.99,4.0943,48.11,1.9466,58.66,84.47,194.3,7.828,0.584,6.81,urban,dry,11.54
1856,27.68686395444033,85.32185592461886,Kathmandu,dug,5.66,7.0,139.84,5.4824,25.51,0.8498,6.76,9.741,338.9,4.499,0.137,6.63,urban,dry,27.23
1857,27.70307859427865,85.26527718521446,Kathmandu,deep_tube,96.72,1.0,146.35,4.7179,31.02,0.7905,50.0,72.0,132.9,5.358,1.102,7.74,urban,wet,2.27
1858,27.660055350109438,85.35885835341423,Kathmandu,deep_tube,144.39,11.94,379.65,15.2861,24.84,1.6696,765.57,1102.427,262.1,8.575,0.877,6.46,urban,dry,15.78
1859,27.685446946509774,85.44243402057187,Bhaktapur,shallow_tube,44.42,11.69,360.98,14.5581,24.8,3.0088,79.47,114.437,481.5,4.542,0.6,6.72,urban,wet,18.95
1860,27.692545302734768,85.25484944212133,Lalitpur,dug,4.25,17.86,864.59,27.0443,31.97,6.7924,8.81,12.693,667.8,0.01,1.157,7.38,peri-urban,dry,39.14
1861,27.793984968927646,85.28941568877455,Kathmandu,dug,4.04,6.29,359.3,15.1694,23.69,2.7308,4.76,6.854,209.5,2.925,0.527,7.1,green,wet,27.49
1862,27.751945371882538,85.21214130789004,Lalitpur,shallow_tube,55.72,7.99,430.02,25.9903,16.55,0.9464,77.78,112.009,207.0,3.16,0.496,6.4,agriculture,wet,0.21
1863,27.701768848561166,85.31056837310241,Bhaktapur,shallow_tube,51.3,1.89,590.87,37.5236,15.75,1.4545,48.57,69.936,229.8,3.341,0.776,6.78,peri-urban,wet,0.0
1864,27.660767861497337,85.34677905360462,Kathmandu,shallow_tube,55.53,16.45,950.61,73.1453,13.0,7.6904,30.19,43.469,506.2,5.249,0.64,7.54,urban,dry,21.87
1865,27.717861628905165,85.33072477093457,Kathmandu,dug,8.56,1.27,817.41,27.8248,29.38,3.393,12.07,17.376,389.9,10.349,1.091,7.17,urban,wet,6.05
1866,27.627521834412395,85.36186170338046,Kathmandu,shallow_tube,16.75,8.01,323.0,35.9697,8.98,2.9629,42.85,61.698,739.7,8.216,0.844,6.53,urban,wet,18.32
1867,27.652500973844145,85.38101687034943,Lalitpur,dug,7.14,5.1,819.89,20.5337,39.93,6.9246,5.99,8.63,138.9,4.505,0.776,6.78,urban,dry,21.99
1868,27.73611896892412,85.36953160025854,Lalitpur,deep_tube,197.87,19.29,129.15,4.0704,31.73,0.2918,50.0,72.0,582.2,5.627,0.979,6.7,agriculture,dry,5.14
1869,27.72958477371188,85.25004980416263,Kathmandu,shallow_tube,29.15,25.01,114.02,3.4945,32.63,0.8559,76.46,110.103,335.4,8.869,0.619,7.42,urban,dry,20.64
1870,27.70830147726809,85.2768207363917,Kathmandu,shallow_tube,22.2,16.29,186.16,34.7359,5.36,1.8177,66.4,95.62,797.9,3.526,0.01,7.08,peri-urban,wet,2.72
1871,27.68707338659757,85.27332765913056,Kathmandu,dug,5.96,4.33,750.27,50.0437,14.99,7.4768,2.77,3.987,649.8,5.034,1.108,7.1,urban,wet,46.71
1872,27.788531186554074,85.36990959151437,Bhaktapur,dug,4.78,7.25,1273.3,31.7252,40.14,8.1846,5.0,7.202,361.7,2.761,0.465,6.69,urban,dry,31.19
1873,27.7440656602659,85.30566870524041,Kathmandu,deep_tube,30.0,17.83,217.6,7.8589,27.69,0.7973,50.0,72.0,643.1,6.298,0.514,7.27,urban,wet,21.69
1874,27.65402965474199,85.36524323323634,Kathmandu,shallow_tube,51.66,17.39,72.83,3.6124,20.16,0.7109,56.09,80.77,686.8,1.707,0.732,6.9,peri-urban,wet,36.44
1875,27.75431827096859,85.29477063033346,Lalitpur,shallow_tube,70.18,22.48,1335.52,114.9403,11.62,6.9883,39.49,56.859,1117.0,2.344,0.826,7.15,peri-urban,dry,22.86
1876,27.72761101929973,85.21797422912866,Bhaktapur,shallow_tube,51.35,12.76,260.78,11.6809,22.33,2.1164,43.02,61.952,271.2,3.744,0.925,6.94,urban,dry,21.0
1877,27.714397174948548,85.37242248678812,Bhaktapur,deep_tube,176.47,15.39,336.47,61.9669,5.43,2.2148,593.54,854.701,392.4,4.437,0.309,7.25,agriculture,wet,9.88
1878,27.789292923085558,85.40865618497716,Bhaktapur,shallow_tube,49.54,12.36,48.46,1.1642,41.63,0.4527,27.32,39.341,110.9,0.01,0.284,6.13,agriculture,dry,3.15
1879,27.75132372363756,85.43198688056104,Kathmandu,deep_tube,97.31,37.59,860.78,52.9674,16.25,3.1641,50.0,72.0,313.7,5.217,0.038,6.8,urban,dry,29.86
1880,27.70785107205803,85.31393004676272,Kathmandu,deep_tube,96.06,21.37,188.3,6.8958,27.31,1.1019,680.55,979.986,91.8,7.896,0.23,7.41,urban,dry,7.96
1881,27.687579337476077,85.2734941474322,Bhaktapur,shallow_tube,18.58,32.06,1502.76,168.773,8.9,10.1684,67.91,97.793,436.6,7.447,0.027,6.52,urban,dry,37.79
1882,27.629700825804385,85.22226108995612,Lalitpur,dug,6.93,12.35,130.54,4.1112,31.75,1.1068,1.53,2.202,304.9,2.371,0.518,6.52,urban,dry,30.43
1883,27.6530791050714,85.3351094835786,Kathmandu,dug,5.83,3.88,141.41,4.8411,29.21,1.1017,2.83,4.074,391.9,3.509,0.055,7.29,urban,dry,30.77
1884,27.616010053050598,85.23779202349468,Kathmandu,dug,7.92,6.77,107.75,11.5092,9.36,0.526,7.4,10.656,301.5,6.282,0.75,7.79,urban,dry,17.68
1885,27.79092523598311,85.327162215404,Kathmandu,dug,8.1,7.28,516.66,21.5785,23.94,3.2921,3.77,5.426,294.9,5.634,0.569,6.58,urban,dry,30.52
1886,27.747194640210417,85.34007021226668,Kathmandu,deep_tube,168.69,25.12,374.88,16.0028,23.43,1.0099,162.57,234.103,296.3,9.112,0.01,7.65,urban,wet,20.35
1887,27.63525970132968,85.28540344616049,Kathmandu,deep_tube,125.68,1.0,325.22,6.9655,46.69,1.8514,50.0,72.0,521.5,4.608,0.35,6.87,green,wet,4.17
1888,27.711979162159317,85.26120808453206,Kathmandu,dug,6.05,0.2,146.38,3.6188,40.45,0.9652,5.07,7.302,888.6,3.763,0.704,7.25,urban,dry,24.59
1889,27.744918143642185,85.28908157336886,Kathmandu,dug,4.2,0.84,78.53,6.7151,11.7,0.4737,1.0,1.44,226.6,4.683,0.507,7.64,peri-urban,wet,29.47
1890,27.788526159275666,85.38170281442517,Kathmandu,shallow_tube,57.03,7.59,57.57,7.9193,7.27,0.5408,56.38,81.191,244.2,4.003,0.465,8.05,agriculture,wet,1.23
1891,27.684470701813776,85.33629181204485,Kathmandu,dug,5.2,11.27,451.06,38.9502,11.58,3.6288,7.06,10.173,353.1,6.287,0.405,6.41,urban,dry,23.02
1892,27.630153794711454,85.2852086568665,Kathmandu,shallow_tube,41.87,16.36,750.24,55.2048,13.59,6.0164,5.0,7.2,244.0,5.459,0.663,5.93,urban,dry,27.58
1893,27.600370791296307,85.40446596507714,Kathmandu,shallow_tube,56.11,0.5,133.25,7.1993,18.51,1.324,7.57,10.897,274.9,1.965,0.01,7.99,peri-urban,dry,23.13
1894,27.606899944482212,85.40471060822449,Kathmandu,shallow_tube,47.83,10.47,910.78,94.0198,9.69,4.0184,5.0,7.2,417.7,4.968,0.918,7.52,urban,dry,41.3
1895,27.60075714672648,85.29506550650291,Kathmandu,dug,8.41,9.69,297.17,37.9218,7.84,2.773,1.59,2.286,338.3,0.681,0.45,6.53,peri-urban,dry,33.26
1896,27.69883064471962,85.39547317712258,Lalitpur,shallow_tube,26.04,0.5,242.37,7.7431,31.3,0.5182,45.8,65.948,180.1,11.586,0.453,6.35,urban,wet,0.0
1897,27.62453690760667,85.36800684892128,Lalitpur,dug,6.15,15.59,2000.0,319.0678,6.27,10.3879,5.85,8.418,953.8,6.287,0.286,8.2,urban,dry,46.73
1898,27.795252834502058,85.3958240742231,Kathmandu,shallow_tube,27.66,20.18,611.34,42.5478,14.37,4.6632,135.31,194.84,209.7,0.01,1.004,7.06,peri-urban,dry,10.01
1899,27.734870897481528,85.42015374092166,Kathmandu,shallow_tube,55.22,0.5,265.72,9.1141,29.16,2.346,42.18,60.743,642.5,4.222,0.548,7.06,peri-urban,dry,0.0
1900,27.652925053590568,85.32787668808665,Lalitpur,deep_tube,145.92,14.39,487.82,66.2756,7.36,4.5816,332.91,479.39,435.3,4.747,0.806,7.59,peri-urban,wet,19.95
1901,27.72936672406112,85.33688981319447,Kathmandu,deep_tube,111.03,11.01,79.49,8.5374,9.31,0.5528,425.42,612.612,436.3,7.821,0.01,7.3,urban,wet,8.75
1902,27.67238617513855,85.21958132977561,Bhaktapur,shallow_tube,27.85,12.1,911.97,29.6693,30.74,8.9145,42.53,61.24,809.3,2.362,0.709,6.53,peri-urban,wet,22.64
1903,27.734853737922865,85.41413089051993,Kathmandu,deep_tube,61.39,2.51,267.94,5.3832,49.77,1.215,1414.14,2036.36,521.4,1.595,0.463,7.06,urban,wet,10.17
1904,27.61536459664221,85.35588242488609,Kathmandu,dug,8.62,17.12,81.98,2.7694,29.6,0.6478,3.43,4.932,144.6,5.42,0.01,7.75,peri-urban,dry,37.24
1905,27.767987901387603,85.27788313213634,Kathmandu,shallow_tube,41.73,13.93,215.59,8.707,24.76,1.4575,48.2,69.403,116.0,4.367,1.224,6.5,urban,dry,0.0
1906,27.718434997868485,85.23079250101924,Kathmandu,shallow_tube,53.89,3.9,36.42,1.4614,24.92,0.3334,5.0,7.2,1011.9,6.205,0.353,6.66,urban,dry,30.4
1907,27.70114753310621,85.42446537656994,Lalitpur,shallow_tube,64.1,23.19,616.6,20.6707,29.83,3.8228,6.75,9.725,256.7,3.167,1.068,7.26,urban,dry,45.16
1908,27.619415612780788,85.39990297820597,Kathmandu,shallow_tube,15.91,15.23,271.48,15.5995,17.4,2.7089,91.08,131.16,338.9,2.61,0.808,7.72,urban,dry,12.68
1909,27.60857760717699,85.32672998989143,Kathmandu,shallow_tube,60.43,21.89,96.38,1.9309,49.91,0.4673,5.0,7.2,130.9,5.263,0.937,8.38,urban,dry,35.61
1910,27.610794327299,85.42249142110414,Kathmandu,shallow_tube,42.85,26.61,227.01,44.5044,5.1,0.9267,77.57,111.705,204.3,6.123,1.135,8.05,urban,dry,25.85
1911,27.646019770765438,85.29332235980155,Kathmandu,shallow_tube,63.7,9.32,238.6,7.3124,32.63,2.0959,12.33,17.761,260.4,9.153,0.254,7.37,urban,dry,22.48
1912,27.7672493726,85.36691335689447,Kathmandu,shallow_tube,33.28,26.75,49.43,6.7154,7.36,0.4069,63.55,91.509,180.0,8.077,0.53,7.32,urban,dry,26.03
1913,27.773293229458098,85.39464145633514,Bhaktapur,dug,6.34,14.39,313.73,6.7021,46.81,2.4589,2.69,3.871,780.9,6.627,0.762,7.31,urban,dry,39.79
1914,27.70727736946823,85.43567270663677,Lalitpur,shallow_tube,43.55,14.75,1703.09,173.157,9.84,4.1836,5.0,7.2,180.8,2.465,0.805,7.19,peri-urban,dry,40.47
1915,27.70000507051254,85.36853230727817,Kathmandu,deep_tube,203.29,9.59,354.39,11.5059,30.8,2.4032,683.11,983.682,384.8,2.438,0.538,7.29,green,wet,8.34
1916,27.655455545493535,85.43990631651229,Lalitpur,shallow_tube,25.84,3.98,434.87,10.2163,42.57,3.5881,75.11,108.157,275.1,5.062,0.326,7.17,urban,wet,4.59
1917,27.659080122207694,85.21151652392676,Kathmandu,shallow_tube,19.07,9.49,157.38,6.3601,24.75,0.6809,70.42,101.408,133.4,2.408,0.098,7.59,urban,dry,5.01
1918,27.602312817738543,85.2912347167963,Lalitpur,dug,6.41,6.68,350.3,22.0446,15.89,0.9908,5.88,8.467,340.5,2.953,0.28,7.7,peri-urban,dry,24.85
1919,27.689288537194564,85.42444005590424,Kathmandu,dug,6.63,9.38,1046.97,191.6025,5.46,2.3126,5.38,7.744,279.6,7.952,0.394,6.97,urban,dry,26.21
1920,27.71476270671519,85.3271121715947,Kathmandu,shallow_tube,28.38,22.26,138.38,3.3595,41.19,0.3861,17.94,25.837,171.0,8.208,0.885,7.31,urban,dry,45.15
1921,27.65251048909425,85.36378949182264,Kathmandu,deep_tube,69.51,2.87,766.54,43.5965,17.58,6.6434,50.0,72.0,1443.0,6.317,0.227,6.95,agriculture,wet,23.26
1922,27.69222303263528,85.3391228268742,Kathmandu,deep_tube,192.46,16.26,377.78,26.9706,14.01,3.056,1365.2,1965.894,601.9,3.855,0.477,8.09,urban,dry,20.12
1923,27.775655631584637,85.31704495406747,Kathmandu,shallow_tube,38.05,6.05,2000.0,73.5031,27.21,14.569,18.87,27.18,227.3,1.513,0.81,7.74,peri-urban,wet,18.87
1924,27.615721514759656,85.38687987371024,Kathmandu,dug,10.15,8.58,778.87,75.5013,10.32,6.8739,4.06,5.848,488.6,4.99,1.063,6.59,urban,wet,39.64
1925,27.652123405593763,85.28112948352259,Kathmandu,deep_tube,35.75,9.88,619.51,44.4944,13.92,5.5741,193.84,279.128,418.8,0.027,0.159,7.89,agriculture,wet,17.54
1926,27.670663224165683,85.23581973197422,Kathmandu,shallow_tube,39.26,17.63,81.44,1.7619,46.22,0.6909,105.84,152.411,704.8,2.64,1.093,6.74,agriculture,wet,22.69
1927,27.69403353595412,85.27524941192092,Kathmandu,shallow_tube,15.53,6.0,422.01,21.3831,19.74,1.4493,111.69,160.827,802.0,6.369,0.01,7.07,urban,dry,20.59
1928,27.759224810936708,85.4483382058878,Lalitpur,shallow_tube,36.07,21.61,401.45,9.9478,40.36,3.4123,86.72,124.879,101.9,4.928,0.531,7.03,urban,dry,8.06
1929,27.63721666632819,85.3767290270707,Bhaktapur,shallow_tube,26.94,0.5,136.81,4.9286,27.76,0.7016,59.28,85.367,1537.8,3.826,1.162,7.52,urban,dry,28.32
1930,27.701305590507953,85.27652037743809,Kathmandu,shallow_tube,42.25,22.7,446.29,16.7343,26.67,3.3881,93.33,134.396,191.4,7.692,0.588,7.78,urban,dry,12.02
1931,27.747620442833934,85.39792099137705,Lalitpur,shallow_tube,59.6,1.02,828.15,24.8196,33.37,4.9627,118.55,170.709,434.8,5.067,0.637,6.64,peri-urban,dry,0.0
1932,27.78748971214803,85.25119434548267,Kathmandu,dug,7.11,11.21,116.65,8.0743,14.45,0.2932,4.93,7.097,519.9,2.869,0.83,6.88,urban,dry,38.39
1933,27.61856917562478,85.41070371339613,Lalitpur,shallow_tube,38.63,0.5,315.35,12.6275,24.97,1.1356,29.8,42.909,606.0,8.439,0.528,7.24,urban,wet,2.89
1934,27.68554380547156,85.2688960551342,Lalitpur,dug,5.29,5.39,140.07,6.6417,21.09,0.3233,8.62,12.42,529.5,6.448,0.143,7.08,urban,dry,23.88
1935,27.67603716457402,85.2019376502164,Kathmandu,shallow_tube,39.14,19.39,461.78,19.9002,23.2,3.6258,31.68,45.625,714.4,2.363,0.891,6.57,urban,dry,34.67
1936,27.69407815131204,85.33682129192405,Kathmandu,shallow_tube,35.0,17.66,518.13,43.6606,11.87,3.3987,39.77,57.265,144.5,1.747,0.604,7.69,peri-urban,dry,16.49
1937,27.611681747618114,85.2298714482753,Kathmandu,deep_tube,176.01,1.0,395.82,19.9626,19.83,2.7523,780.55,1123.991,275.0,5.112,0.01,7.19,urban,dry,5.44
1938,27.64426744161563,85.36616404977224,Kathmandu,shallow_tube,47.75,20.87,1170.96,53.5546,21.86,10.2365,79.18,114.023,651.9,1.965,1.188,7.48,peri-urban,dry,17.87
1939,27.783901274835177,85.28533807298263,Lalitpur,shallow_tube,42.37,20.37,494.92,10.96,45.16,4.5577,9.21,13.258,158.4,0.969,1.164,6.92,peri-urban,dry,35.36
1940,27.65731158901721,85.30619743437418,Bhaktapur,shallow_tube,39.07,0.5,2000.0,85.2472,23.46,4.5692,58.73,84.566,471.2,5.211,1.06,7.12,peri-urban,dry,6.84
1941,27.7312980544886,85.35168892028548,Lalitpur,deep_tube,211.58,9.93,153.27,3.5887,42.71,0.6932,50.0,72.0,66.2,0.01,0.682,7.44,peri-urban,dry,3.41
1942,27.601634218481543,85.23052619815759,Lalitpur,shallow_tube,51.75,19.32,223.45,15.9558,14.0,0.9245,64.17,92.401,534.7,1.418,0.792,7.1,urban,dry,28.78
1943,27.719812502662233,85.30633825469937,Kathmandu,shallow_tube,54.3,0.5,564.74,11.6426,48.51,2.8941,122.27,176.063,544.5,10.73,0.093,7.21,urban,wet,0.0
1944,27.77687136195214,85.41715046950806,Lalitpur,shallow_tube,37.91,1.65,659.6,16.695,39.51,5.6176,61.28,88.238,519.6,1.508,1.029,7.46,urban,dry,1.8
1945,27.636925708662947,85.44382244255395,Kathmandu,shallow_tube,58.48,12.48,742.89,49.816,14.91,1.8745,21.97,31.637,603.6,2.453,0.29,7.73,agriculture,dry,30.24
1946,27.66320596289925,85.41888088080512,Lalitpur,shallow_tube,59.22,19.36,416.51,24.7565,16.82,4.1032,32.51,46.821,436.5,6.208,0.605,7.46,urban,wet,21.34
1947,27.615806869080235,85.33788030367876,Kathmandu,dug,5.57,6.88,194.01,5.3724,36.11,1.2362,2.15,3.09,332.3,4.744,0.562,7.98,urban,dry,29.49
1948,27.74104067040038,85.44139814861849,Kathmandu,dug,4.25,6.64,534.19,48.0775,11.11,1.5645,4.92,7.085,678.9,1.648,1.06,7.11,agriculture,dry,43.43
1949,27.646614458619823,85.2602573146891,Kathmandu,dug,6.01,0.2,1206.34,75.7678,15.92,4.3033,7.82,11.268,517.2,6.917,0.897,7.66,urban,wet,22.86
1950,27.61066954488322,85.25945462459336,Lalitpur,shallow_tube,30.89,3.53,363.1,14.6282,24.82,3.1155,37.91,54.584,759.4,6.304,0.823,7.9,green,wet,9.52
1951,27.642578241183223,85.38319846368027,Lalitpur,shallow_tube,35.87,28.24,1775.25,127.8999,13.88,7.0082,101.45,146.092,229.4,3.286,0.304,7.29,peri-urban,dry,17.76
1952,27.70826607185062,85.22148479782103,Kathmandu,shallow_tube,54.82,26.37,221.78,6.2178,35.67,0.828,24.14,34.762,391.7,0.01,0.15,7.07,green,dry,37.01
1953,27.686401109463254,85.21952760917854,Bhaktapur,dug,6.44,19.07,816.05,32.9919,24.74,3.1899,7.88,11.352,1042.2,2.351,0.946,7.77,peri-urban,dry,44.29
1954,27.69055467757061,85.20528037720193,Lalitpur,dug,5.45,4.92,474.81,13.2204,35.92,4.0045,1.24,1.783,533.6,4.587,0.863,7.34,urban,dry,42.24
1955,27.76677312852171,85.31763392519218,Lalitpur,shallow_tube,31.06,29.89,232.34,15.5643,14.93,1.4881,5.0,7.2,789.0,9.865,0.208,7.01,urban,dry,56.96
1956,27.6954469915668,85.39259687315864,Kathmandu,deep_tube,143.44,20.83,1232.48,109.7928,11.23,5.2809,457.37,658.608,401.8,4.19,0.232,6.58,urban,dry,32.06
1957,27.737897984342506,85.42857267721688,Kathmandu,deep_tube,141.47,34.31,668.61,45.8833,14.57,3.7187,50.0,72.0,475.0,3.036,0.802,8.14,peri-urban,dry,43.35
1958,27.723877471193862,85.26844581534547,Lalitpur,shallow_tube,47.09,12.48,273.55,11.8502,23.08,0.8665,58.51,84.26,472.5,0.884,1.595,7.33,peri-urban,wet,16.98
1959,27.6266061647706,85.32988429401418,Lalitpur,deep_tube,203.33,11.91,424.65,14.1789,29.95,3.6124,929.37,1338.299,825.1,7.06,0.465,8.35,urban,wet,24.82
1960,27.722873167969016,85.22624782971349,Lalitpur,shallow_tube,58.77,17.61,79.05,3.4945,22.62,0.6403,5.0,7.2,340.4,0.511,0.601,7.79,green,wet,43.78
1961,27.70004456778178,85.36161430456933,Kathmandu,shallow_tube,34.48,9.21,93.67,3.3964,27.58,0.4255,32.84,47.289,276.0,7.773,0.836,6.51,urban,dry,15.47
1962,27.7421971118213,85.35127086499729,Kathmandu,deep_tube,150.32,11.07,549.9,15.4652,35.56,1.4892,734.13,1057.15,393.1,2.395,0.493,6.58,urban,dry,3.75
1963,27.618232921951368,85.42067867277164,Lalitpur,shallow_tube,16.96,18.07,180.86,11.5766,15.62,1.6809,5.0,7.2,955.9,6.154,0.789,7.46,urban,wet,45.06
1964,27.607984941408635,85.30785722476078,Lalitpur,dug,2.37,7.36,306.56,29.0367,10.56,0.816,7.75,11.162,348.0,3.452,0.69,6.89,agriculture,dry,29.95
1965,27.634021256089166,85.27528912524419,Kathmandu,shallow_tube,66.37,29.37,1054.74,40.1649,26.26,10.5218,20.21,29.101,159.6,2.531,0.785,6.36,peri-urban,dry,31.1
1966,27.735547429354988,85.26151841280958,Kathmandu,deep_tube,99.43,25.67,2000.0,57.6115,34.72,16.1831,512.02,737.314,397.0,1.916,0.758,6.74,agriculture,dry,16.93
1967,27.662403300610098,85.30620515823387,Kathmandu,dug,1.84,4.18,153.49,9.5054,16.15,1.3223,9.83,14.149,349.5,7.196,0.445,8.09,green,wet,21.26
1968,27.607613336613237,85.31039435022439,Lalitpur,shallow_tube,19.2,5.69,236.27,10.3887,22.74,2.3,93.1,134.058,743.2,4.238,0.788,7.85,urban,dry,5.92
1969,27.71958490804676,85.22727621869201,Lalitpur,shallow_tube,28.49,15.86,117.01,5.3029,22.07,0.743,24.86,35.806,390.3,7.443,0.182,6.73,urban,dry,27.04
1970,27.77312359565383,85.40343337265601,Kathmandu,shallow_tube,26.41,1.68,339.69,19.524,17.4,0.9746,123.97,178.515,539.8,2.242,0.658,6.37,peri-urban,wet,13.7
1971,27.739840885550368,85.42051249510199,Lalitpur,shallow_tube,14.75,16.72,257.43,5.6172,45.83,0.8358,72.19,103.957,679.1,4.644,0.509,6.81,green,dry,19.6
1972,27.609352949947354,85.23052786071995,Kathmandu,shallow_tube,54.05,14.92,257.53,7.9051,32.58,1.5355,99.36,143.083,738.3,9.239,0.999,7.33,urban,wet,22.44
1973,27.74247274261933,85.43649640845865,Bhaktapur,deep_tube,126.15,17.07,71.76,3.0877,23.24,0.3419,686.93,989.178,307.6,5.117,0.726,7.18,peri-urban,wet,14.32
1974,27.710220121201917,85.33338092814363,Bhaktapur,shallow_tube,38.88,14.67,2000.0,91.1888,21.93,12.9925,61.65,88.781,476.4,2.166,1.023,7.47,peri-urban,dry,3.04
1975,27.7809778942775,85.40952874088578,Kathmandu,shallow_tube,39.43,4.05,627.03,13.329,47.04,2.923,110.02,158.436,625.4,6.844,0.01,7.93,urban,wet,16.25
1976,27.711574551997828,85.4339595968439,Lalitpur,shallow_tube,63.22,25.14,1214.95,84.5747,14.37,2.8256,33.05,47.596,267.6,2.921,0.589,7.63,agriculture,dry,20.53
1977,27.68341183471428,85.23406113801113,Kathmandu,shallow_tube,55.75,0.5,21.74,0.922,23.58,0.0779,125.78,181.125,318.9,2.316,0.779,6.82,green,dry,0.0
1978,27.64272985015333,85.25769255660983,Kathmandu,dug,7.9,3.51,299.97,39.1826,7.66,1.9014,8.2,11.81,1135.0,7.916,0.173,6.95,agriculture,dry,34.48
1979,27.65584176754946,85.39089846590593,Kathmandu,shallow_tube,27.22,9.16,822.07,24.7551,33.21,5.984,44.65,64.303,375.1,2.599,0.948,6.8,urban,wet,9.2
1980,27.617050150561393,85.32222133642614,Kathmandu,shallow_tube,59.39,23.58,743.29,29.9003,24.86,3.8254,5.0,7.2,255.0,9.111,0.876,7.22,urban,dry,44.65
1981,27.77780210378305,85.34252132738041,Kathmandu,deep_tube,145.47,42.79,176.84,21.8047,8.11,1.2564,50.0,72.0,536.0,0.546,1.149,7.84,peri-urban,dry,41.59
1982,27.70463065469345,85.35453927524625,Kathmandu,dug,6.01,10.35,1124.59,72.644,15.48,10.1387,5.5,7.926,265.6,7.524,0.502,6.96,urban,dry,38.93
1983,27.788479666261303,85.28618085567976,Kathmandu,deep_tube,144.56,47.15,71.35,2.923,24.41,0.1633,50.0,72.0,75.7,3.703,0.628,6.6,peri-urban,dry,27.67
1984,27.714296502731216,85.25068068112782,Kathmandu,shallow_tube,52.57,6.8,100.92,2.5603,39.42,0.7212,62.69,90.281,536.4,4.277,0.289,7.87,urban,wet,12.6
1985,27.71538631756141,85.30387214250158,Lalitpur,dug,7.91,16.36,166.76,5.9612,27.97,0.4125,5.25,7.567,433.2,7.572,0.587,8.25,urban,dry,41.76
1986,27.65615008034596,85.24892898568723,Kathmandu,shallow_tube,30.49,4.64,461.15,24.9031,18.52,2.8156,22.06,31.761,135.3,6.9,0.924,6.94,peri-urban,wet,8.11
1987,27.79902459989466,85.3189426124679,Lalitpur,shallow_tube,34.15,2.36,138.51,26.5452,5.22,1.263,13.97,20.119,1352.1,2.747,1.114,7.47,urban,dry,22.88
1988,27.743919736951273,85.32454015683074,Bhaktapur,dug,9.57,7.64,52.66,2.4488,21.51,0.3076,1.0,1.44,881.8,3.589,0.151,7.71,urban,dry,41.95
1989,27.70663756606822,85.23976273215074,Lalitpur,shallow_tube,36.27,6.62,97.19,2.9135,33.36,0.3491,35.35,50.905,813.2,7.593,0.529,7.22,urban,dry,7.24
1990,27.605985893013045,85.2709041521282,Lalitpur,shallow_tube,27.89,15.23,833.44,22.1436,37.64,4.1598,76.72,110.478,255.1,1.406,0.01,6.42,peri-urban,wet,4.81
1991,27.712990313123814,85.24583882366855,Kathmandu,shallow_tube,23.08,3.27,111.11,2.8848,38.52,0.7323,5.0,7.2,447.9,8.141,0.636,6.43,urban,wet,22.31
1992,27.77533421985262,85.36062601820147,Kathmandu,shallow_tube,30.22,0.5,143.42,16.885,8.49,0.3297,28.36,40.845,261.3,4.063,0.66,7.98,agriculture,dry,0.0
1993,27.71558041552681,85.33197002009553,Kathmandu,shallow_tube,50.92,14.64,518.09,78.4094,6.61,1.0821,29.18,42.014,366.1,2.093,0.1,6.93,peri-urban,wet,25.56
1994,27.782118666505117,85.24642516154634,Lalitpur,shallow_tube,30.92,13.26,746.78,47.6589,15.67,4.4559,46.33,66.722,680.9,4.16,0.899,7.44,urban,dry,7.96
1995,27.711682118455144,85.20404854399925,Lalitpur,shallow_tube,54.44,19.53,128.55,9.5329,13.49,0.3508,57.86,83.319,335.0,5.611,0.455,6.47,urban,dry,16.54
1996,27.750082179730253,85.38759162728455,Kathmandu,shallow_tube,50.33,14.08,122.86,3.675,33.43,0.8857,25.0,35.998,271.4,1.478,1.081,7.35,agriculture,dry,11.89
1997,27.67039821245153,85.30635299764796,Kathmandu,deep_tube,204.98,13.27,317.55,14.8878,21.33,2.9693,1022.71,1472.703,399.9,7.187,0.478,8.27,urban,wet,18.53
1998,27.764832807974233,85.20495267420691,Bhaktapur,shallow_tube,36.09,11.24,68.44,2.127,32.18,0.3759,95.04,136.855,346.3,5.533,0.785,7.53,urban,dry,11.5
1999,27.66413533607015,85.22723993997892,Bhaktapur,shallow_tube,38.78,0.5,76.34,4.368,17.48,0.4276,103.09,148.446,286.3,6.28,0.789,7.69,agriculture,dry,0.0
2000,27.734740500935377,85.28085719679937,Lalitpur,shallow_tube,33.0,5.99,1546.99,56.124,27.56,5.3221,91.55,131.832,355.2,0.496,0.645,7.96,agriculture,wet,5.46
