household_id,lat,lon,aquifer_id,uses_piped_water,uses_groundwater_well,uses_tanker,household_size,season,per_capita_lpcd,water_insecurity_index
HH_00001,27.744211,85.264288,AQ_0321,True,False,False,6,dry,98.1,19.75
HH_00002,27.629219,85.405751,AQ_0094,True,True,True,8,dry,46.33,91.78
HH_00003,27.647006,85.36307,AQ_0125,True,False,False,1,dry,101.32,26.16
HH_00004,27.62149,85.204228,AQ_0236,False,True,True,4,dry,43.06,28.35
HH_00005,27.781913,85.267408,AQ_0496,False,False,False,4,wet,29.7,53.07
HH_00006,27.732572,85.441362,AQ_0224,False,False,False,5,dry,24.61,41.39
HH_00007,27.783163,85.325719,AQ_0144,False,False,False,2,dry,30.67,54.34
HH_00008,27.795488,85.441088,AQ_0122,True,True,False,6,dry,77.75,32.26
HH_00009,27.632746,85.274856,AQ_0260,True,True,False,2,dry,66.87,40.08
HH_00010,27.763191,85.294579,AQ_0171,True,False,False,2,wet,70.02,14.02
HH_00011,27.617679,85.285556,AQ_0423,True,False,True,5,wet,80.56,11.16
HH_00012,27.683232,85.241635,AQ_0338,True,True,False,7,wet,82.08,19.3
HH_00013,27.797235,85.405212,AQ_0383,True,False,False,2,dry,65.9,19.31
HH_00014,27.611325,85.230095,AQ_0039,True,True,True,6,wet,76.56,34.54
HH_00015,27.716154,85.432191,AQ_0160,False,False,False,7,dry,52.58,33.73
HH_00016,27.689177,85.377146,AQ_0337,False,True,False,4,wet,79.77,18.95
HH_00017,27.746375,85.243491,AQ_0420,True,True,False,8,wet,107.28,33.84
HH_00018,27.614139,85.290385,AQ_0228,True,True,False,5,wet,52.42,38.82
HH_00019,27.70696,85.449056,AQ_0299,False,False,False,2,dry,54.16,26.62
HH_00020,27.686413,85.399098,AQ_0207,True,True,False,3,dry,70.05,21.79
HH_00021,27.719083,85.421649,AQ_0033,True,False,False,2,wet,114.6,11.61
HH_00022,27.726004,85.304346,AQ_0410,True,False,False,1,wet,50.46,28.3
HH_00023,27.628862,85.22339,AQ_0088,True,True,False,4,dry,58.8,17.65
HH_00024,27.747207,85.280004,AQ_0233,True,True,True,6,dry,59.94,17.61
HH_00025,27.701209,85.240628,AQ_0179,False,False,False,1,wet,36.02,74.14
HH_00026,27.752472,85.235969,AQ_0152,True,True,False,6,wet,100.73,21.22
HH_00027,27.601724,85.204993,AQ_0091,True,False,False,7,dry,50.92,49.84
HH_00028,27.703603,85.201866,AQ_0210,True,False,True,4,wet,125.48,15.52
HH_00029,27.684537,85.379517,AQ_0339,True,True,False,6,dry,102.01,56.04
HH_00030,27.646604,85.403286,AQ_0084,False,True,False,1,dry,64.59,35.4
HH_00031,27.717686,85.252691,AQ_0045,True,False,False,8,wet,92.8,14.92
HH_00032,27.765988,85.303907,AQ_0340,True,False,True,7,dry,48.31,31.11
HH_00033,27.65166,85.416753,AQ_0405,True,False,False,5,dry,61.24,19.71
HH_00034,27.69758,85.251064,AQ_0179,True,False,True,4,wet,118.96,56.75
HH_00035,27.725361,85.289686,AQ_0083,False,False,False,5,wet,39.89,36.41
HH_00036,27.697177,85.341463,AQ_0439,True,False,False,3,wet,83.56,26.99
HH_00037,27.783351,85.400205,AQ_0419,True,True,False,6,dry,103.47,11.05
HH_00038,27.717247,85.323092,AQ_0021,True,False,False,8,dry,64.97,20.3
HH_00039,27.638463,85.315984,AQ_0216,False,False,False,7,wet,44.23,40.75
HH_00040,27.667081,85.438066,AQ_0061,True,True,False,8,wet,76.55,22.92
HH_00041,27.706611,85.357886,AQ_0436,True,False,False,7,dry,52.65,20.66
HH_00042,27.675164,85.224787,AQ_0288,True,True,False,6,dry,74.24,39.87
HH_00043,27.724591,85.311719,AQ_0445,True,False,False,4,wet,66.17,13.08
HH_00044,27.632913,85.301583,AQ_0373,True,False,False,3,dry,84.38,83.18
HH_00045,27.785317,85.377605,AQ_0437,True,True,True,3,dry,82.06,18.66
HH_00046,27.616843,85.446144,AQ_0060,True,False,False,8,wet,27.56,46.52
HH_00047,27.733281,85.271351,AQ_0493,False,False,True,2,wet,61.53,24.13
HH_00048,27.793167,85.243696,AQ_0301,True,True,False,1,wet,84.06,40.8
HH_00049,27.729606,85.261364,AQ_0313,True,True,False,1,wet,98.63,15.82
HH_00050,27.734684,85.353625,AQ_0355,False,True,False,2,wet,94.64,23.29
HH_00051,27.778494,85.219657,AQ_0186,True,False,False,1,wet,56.52,26.23
HH_00052,27.797603,85.297347,AQ_0422,False,False,True,8,dry,57.8,21.78
HH_00053,27.746523,85.371181,AQ_0491,False,False,False,6,dry,26.9,60.73
HH_00054,27.656257,85.302782,AQ_0132,True,True,False,8,wet,65.12,15.54
HH_00055,27.646865,85.204913,AQ_0194,True,False,False,5,wet,54.57,15.24
HH_00056,27.601418,85.370063,AQ_0344,True,True,False,6,dry,49.55,18.84
HH_00057,27.765088,85.236652,AQ_0451,True,False,False,5,dry,79.8,27.24
HH_00058,27.723258,85.211215,AQ_0225,True,False,True,6,wet,69.83,34.22
HH_00059,27.724509,85.277229,AQ_0150,False,False,False,2,wet,59.28,23.75
HH_00060,27.762187,85.300089,AQ_0171,True,False,False,3,dry,60.74,14.02
HH_00061,27.789431,85.301616,AQ_0032,True,False,False,6,wet,78.15,20.03
HH_00062,27.779506,85.42694,AQ_0146,True,True,False,8,dry,100.01,17.43
HH_00063,27.617483,85.434123,AQ_0222,True,True,True,2,dry,80.82,21.23
HH_00064,27.640182,85.40128,AQ_0314,True,False,False,7,dry,81.86,23.91
HH_00065,27.770027,85.272288,AQ_0274,True,False,False,3,wet,82.53,16.37
HH_00066,27.715158,85.361288,AQ_0329,True,True,False,8,wet,56.45,27.82
HH_00067,27.603394,85.440092,AQ_0002,False,False,False,4,wet,40.56,30.33
HH_00068,27.786453,85.366487,AQ_0196,False,False,False,4,wet,35.9,24.32
HH_00069,27.764531,85.20332,AQ_0007,True,False,False,5,wet,39.34,43.86
HH_00070,27.699794,85.218053,AQ_0096,True,False,True,4,dry,110.02,9.58
HH_00071,27.736887,85.325805,AQ_0414,False,True,False,6,dry,70.41,36.04
HH_00072,27.629876,85.362064,AQ_0365,False,False,True,2,dry,100.59,53.14
HH_00073,27.634477,85.418099,AQ_0098,True,False,True,7,dry,52.49,39.91
HH_00074,27.792468,85.329591,AQ_0462,False,True,False,6,dry,78.44,20.62
HH_00075,27.61458,85.356708,AQ_0244,True,True,False,7,dry,85.83,17.29
HH_00076,27.763564,85.444737,AQ_0331,True,True,False,6,dry,60.76,23.87
HH_00077,27.700374,85.313739,AQ_0409,True,True,False,3,wet,68.92,15.21
HH_00078,27.709383,85.336562,AQ_0427,True,True,True,5,dry,78.88,20.39
HH_00079,27.617895,85.304496,AQ_0209,False,False,False,7,dry,43.89,29.66
HH_00080,27.625781,85.379999,AQ_0499,False,True,True,4,wet,72.6,34.53
HH_00081,27.620233,85.355784,AQ_0059,True,False,True,8,dry,93.32,18.5
HH_00082,27.646738,85.3598,AQ_0356,True,False,False,5,wet,68.2,38.87
HH_00083,27.647137,85.378415,AQ_0391,True,True,False,3,dry,76.7,33.4
HH_00084,27.625422,85.306885,AQ_0463,True,True,False,1,wet,100.46,15.25
HH_00085,27.632172,85.375087,AQ_0499,False,True,False,6,wet,71.92,34.53
HH_00086,27.701228,85.403656,AQ_0377,False,True,True,4,dry,76.78,27.16
HH_00087,27.787233,85.328379,AQ_0319,False,False,False,1,wet,40.76,39.07
HH_00088,27.678838,85.412051,AQ_0469,True,False,True,8,wet,92.71,21.81
HH_00089,27.698597,85.317976,AQ_0333,True,False,True,8,dry,93.76,43.25
HH_00090,27.766388,85.30088,AQ_0171,True,True,True,1,wet,79.32,14.02
HH_00091,27.66666,85.322982,AQ_0052,False,False,False,8,wet,17.42,82.7
HH_00092,27.758791,85.321621,AQ_0459,True,False,False,1,wet,88.37,27.03
HH_00093,27.666809,85.226705,AQ_0361,True,False,False,7,wet,62.31,18.58
HH_00094,27.692135,85.276772,AQ_0500,False,True,False,8,wet,69.59,27.77
HH_00095,27.607032,85.280786,AQ_0102,True,False,False,2,wet,122.99,19.36
HH_00096,27.671312,85.311826,AQ_0421,True,False,False,5,wet,116.67,17.06
HH_00097,27.793104,85.294337,AQ_0422,True,True,False,8,wet,62.79,12.78
HH_00098,27.691553,85.38988,AQ_0010,True,False,False,6,wet,63.78,35.16
HH_00099,27.641198,85.377324,AQ_0302,True,False,False,2,wet,78.86,17.55
HH_00100,27.755173,85.284683,AQ_0077,True,False,False,1,dry,65.95,13.33
HH_00101,27.712747,85.251245,AQ_0380,False,False,False,3,dry,31.21,49.32
HH_00102,27.77488,85.288132,AQ_0475,True,False,False,1,dry,79.47,21.02
HH_00103,27.744537,85.279806,AQ_0233,True,False,False,2,dry,71.48,17.61
HH_00104,27.616388,85.248995,AQ_0416,True,True,False,4,dry,48.09,6.64
HH_00105,27.788753,85.444122,AQ_0122,True,True,False,2,wet,93.6,32.26
HH_00106,27.708965,85.267436,AQ_0067,False,False,False,5,wet,37.02,40.82
HH_00107,27.74048,85.364725,AQ_0206,True,True,True,3,wet,72.43,60.23
HH_00108,27.622729,85.20098,AQ_0236,False,False,False,6,wet,42.18,28.87
HH_00109,27.799892,85.400568,AQ_0038,False,False,False,5,dry,36.68,46.12
HH_00110,27.660013,85.237816,AQ_0095,False,False,False,6,dry,56.11,45.18
HH_00111,27.656935,85.293993,AQ_0250,True,True,True,8,dry,76.46,24.25
HH_00112,27.615497,85.204507,AQ_0147,True,False,False,3,dry,100.82,9.0
HH_00113,27.620466,85.302625,AQ_0278,True,True,False,8,wet,83.74,23.94
HH_00114,27.760365,85.316594,AQ_0180,False,False,True,6,dry,82.6,27.23
HH_00115,27.672333,85.2271,AQ_0361,True,False,False,3,dry,77.33,18.58
HH_00116,27.633624,85.328065,AQ_0109,True,False,True,2,dry,79.07,19.08
HH_00117,27.697475,85.356273,AQ_0041,True,True,False,4,wet,82.21,77.27
HH_00118,27.708043,85.212581,AQ_0374,False,False,False,2,wet,49.25,16.83
HH_00119,27.612581,85.246837,AQ_0416,True,False,False,5,dry,59.81,5.49
HH_00120,27.767216,85.238697,AQ_0451,True,True,False,3,dry,79.48,27.24
HH_00121,27.660235,85.262244,AQ_0292,True,False,False,1,dry,47.43,24.64
HH_00122,27.69779,85.301852,AQ_0231,True,False,False,5,dry,59.21,9.86
HH_00123,27.797314,85.213982,AQ_0287,False,False,False,8,wet,31.99,61.43
HH_00124,27.767288,85.327985,AQ_0252,True,True,False,7,wet,83.02,26.02
HH_00125,27.705402,85.340399,AQ_0058,True,False,True,7,wet,70.94,12.37
HH_00126,27.663763,85.348374,AQ_0368,True,True,True,6,wet,70.13,45.26
HH_00127,27.642024,85.229083,AQ_0218,False,True,False,2,wet,91.68,33.32
HH_00128,27.659443,85.233907,AQ_0095,True,True,False,3,dry,83.05,36.18
HH_00129,27.629126,85.374358,AQ_0499,True,False,False,7,dry,93.71,25.53
HH_00130,27.787496,85.372982,AQ_0124,False,False,False,6,dry,44.22,37.53
HH_00131,27.63117,85.260861,AQ_0308,False,False,False,8,wet,33.63,40.72
HH_00132,27.614504,85.37582,AQ_0472,True,True,False,8,dry,81.0,14.62
HH_00133,27.680505,85.43001,AQ_0183,True,True,True,8,wet,66.13,38.67
HH_00134,27.789571,85.264639,AQ_0496,True,True,True,3,wet,85.09,31.9
HH_00135,27.667442,85.300565,AQ_0413,False,False,False,7,dry,35.93,35.2
HH_00136,27.624664,85.300243,AQ_0373,True,True,False,2,wet,66.85,83.18
HH_00137,27.670142,85.39321,AQ_0466,True,False,False,2,dry,64.22,11.36
HH_00138,27.67331,85.293338,AQ_0413,False,True,False,6,wet,87.56,26.76
HH_00139,27.630282,85.399613,AQ_0094,False,True,False,1,dry,55.77,98.58
HH_00140,27.673344,85.226451,AQ_0361,True,False,False,8,dry,82.86,18.58
HH_00141,27.725641,85.230343,AQ_0064,True,False,False,6,dry,95.98,14.89
HH_00142,27.782268,85.338525,AQ_0252,True,False,False,6,wet,42.78,30.35
HH_00143,27.6349,85.294676,AQ_0254,False,True,False,6,wet,88.42,29.09
HH_00144,27.730145,85.416705,AQ_0090,True,False,False,1,wet,100.03,16.45
HH_00145,27.778795,85.429948,AQ_0146,True,False,False,4,dry,73.76,17.43
HH_00146,27.748102,85.389232,AQ_0173,True,True,False,7,dry,55.82,26.35
HH_00147,27.721343,85.241697,AQ_0004,False,True,False,2,dry,83.75,27.95
HH_00148,27.617227,85.315952,AQ_0141,True,True,True,4,wet,97.64,43.52
HH_00149,27.634795,85.284369,AQ_0165,True,False,False,1,dry,71.08,7.14
HH_00150,27.709975,85.354896,AQ_0079,True,False,False,8,wet,75.06,11.82
HH_00151,27.732698,85.409073,AQ_0182,True,True,False,6,wet,72.65,12.09
HH_00152,27.770307,85.239153,AQ_0451,True,False,False,5,wet,74.49,27.24
HH_00153,27.794952,85.410635,AQ_0383,True,True,False,4,wet,87.78,19.31
HH_00154,27.619475,85.275766,AQ_0247,False,False,False,8,wet,40.01,33.89
HH_00155,27.727645,85.287502,AQ_0296,True,False,False,5,wet,124.11,17.07
HH_00156,27.730546,85.263917,AQ_0313,True,False,False,7,wet,103.99,15.82
HH_00157,27.672913,85.41092,AQ_0312,False,False,False,5,dry,42.6,65.85
HH_00158,27.712531,85.390547,AQ_0495,True,False,False,8,dry,63.79,25.02
HH_00159,27.742721,85.251878,AQ_0420,True,False,False,5,dry,91.06,33.84
HH_00160,27.686423,85.441648,AQ_0185,True,False,False,1,dry,75.57,10.4
HH_00161,27.690443,85.235696,AQ_0071,True,True,False,8,dry,81.41,33.17
HH_00162,27.663944,85.417025,AQ_0251,True,True,False,3,wet,77.44,30.79
HH_00163,27.77625,85.287547,AQ_0475,True,False,False,4,wet,84.44,21.02
HH_00164,27.662302,85.395731,AQ_0408,True,False,False,2,dry,64.59,23.54
HH_00165,27.688531,85.321317,AQ_0333,True,False,False,3,wet,68.92,43.25
HH_00166,27.688625,85.294048,AQ_0063,False,True,False,7,wet,106.17,37.76
HH_00167,27.673468,85.331487,AQ_0300,True,False,False,5,dry,62.81,16.68
HH_00168,27.704851,85.367682,AQ_0498,True,False,True,6,wet,102.82,35.34
HH_00169,27.653888,85.269381,AQ_0395,True,False,False,3,wet,82.9,62.76
HH_00170,27.715437,85.36193,AQ_0329,True,False,False,8,wet,85.62,27.82
HH_00171,27.60586,85.354526,AQ_0167,False,True,False,5,dry,126.26,31.08
HH_00172,27.671885,85.220368,AQ_0288,True,False,False,7,wet,92.53,39.87
HH_00173,27.638668,85.437686,AQ_0040,True,False,True,3,wet,62.45,23.15
HH_00174,27.610542,85.209392,AQ_0350,True,True,False,4,wet,31.91,36.27
HH_00175,27.743436,85.334524,AQ_0285,False,False,False,1,wet,15.54,53.36
HH_00176,27.74895,85.242059,AQ_0152,True,False,True,2,wet,81.11,21.22
HH_00177,27.637987,85.315178,AQ_0216,True,False,False,5,dry,54.34,28.29
HH_00178,27.729048,85.362743,AQ_0204,True,False,False,4,dry,57.05,27.81
HH_00179,27.764903,85.304427,AQ_0340,False,False,False,6,wet,37.4,46.66
HH_00180,27.796001,85.349065,AQ_0177,False,False,False,4,dry,31.59,34.61
HH_00181,27.741947,85.201839,AQ_0470,True,False,False,8,wet,68.89,7.59
HH_00182,27.713846,85.430193,AQ_0160,True,False,True,4,dry,72.39,24.73
HH_00183,27.793684,85.335138,AQ_0335,True,False,False,4,wet,93.33,14.11
HH_00184,27.734722,85.216225,AQ_0271,True,False,False,8,dry,70.87,22.65
HH_00185,27.693145,85.260061,AQ_0119,True,False,True,8,wet,30.57,31.96
HH_00186,27.716429,85.289193,AQ_0248,False,True,False,4,dry,41.84,26.7
HH_00187,27.632854,85.32593,AQ_0109,True,True,True,1,dry,80.84,19.08
HH_00188,27.667674,85.433881,AQ_0061,False,False,False,3,dry,49.35,32.32
HH_00189,27.782442,85.252337,AQ_0073,False,False,False,7,wet,43.49,56.18
HH_00190,27.70601,85.20696,AQ_0210,False,True,False,7,wet,98.03,24.52
HH_00191,27.649331,85.314904,AQ_0479,True,False,False,3,wet,98.33,25.21
HH_00192,27.748527,85.269942,AQ_0135,True,False,False,3,dry,109.03,17.15
HH_00193,27.712991,85.222036,AQ_0020,False,False,False,8,wet,62.62,42.02
HH_00194,27.73868,85.447661,AQ_0224,True,False,False,6,dry,62.63,17.15
HH_00195,27.655578,85.324547,AQ_0325,True,False,False,2,dry,60.04,33.45
HH_00196,27.77139,85.371052,AQ_0485,False,False,False,1,dry,10.27,42.19
HH_00197,27.776488,85.250878,AQ_0073,True,True,True,1,dry,66.14,43.28
HH_00198,27.662918,85.328022,AQ_0311,False,False,False,4,dry,46.0,30.46
HH_00199,27.788138,85.211945,AQ_0176,True,False,False,6,wet,98.8,28.89
HH_00200,27.679211,85.249789,AQ_0158,True,False,False,4,wet,72.21,34.13
HH_00201,27.684959,85.296388,AQ_0063,True,True,False,3,wet,82.86,28.76
HH_00202,27.701023,85.447093,AQ_0014,True,True,False,7,wet,84.53,19.54
HH_00203,27.693056,85.214559,AQ_0107,True,False,False,3,wet,71.26,18.47
HH_00204,27.631381,85.436891,AQ_0473,True,True,False,3,wet,47.48,15.57
HH_00205,27.75337,85.267072,AQ_0135,False,False,False,3,wet,63.82,26.15
HH_00206,27.788256,85.420409,AQ_0043,True,True,False,8,wet,93.03,15.95
HH_00207,27.703038,85.393663,AQ_0026,True,False,True,5,wet,114.85,99.07
HH_00208,27.622948,85.231534,AQ_0497,True,False,False,4,dry,108.98,19.86
HH_00209,27.705907,85.267215,AQ_0067,True,False,False,1,dry,73.56,24.03
HH_00210,27.707839,85.442204,AQ_0299,False,False,True,8,dry,64.37,26.62
HH_00211,27.696843,85.2159,AQ_0107,True,False,False,4,wet,104.09,18.47
HH_00212,27.79937,85.307586,AQ_0371,False,True,False,6,wet,83.65,16.94
HH_00213,27.66406,85.426663,AQ_0369,True,False,False,2,wet,89.04,19.08
HH_00214,27.681143,85.210271,AQ_0288,False,True,False,6,wet,55.82,48.87
HH_00215,27.669458,85.266307,AQ_0292,True,False,False,1,wet,86.26,23.09
HH_00216,27.653609,85.402866,AQ_0242,True,False,False,5,dry,74.34,15.25
HH_00217,27.611072,85.33453,AQ_0205,True,True,False,4,wet,94.12,100.0
HH_00218,27.764779,85.36188,AQ_0293,True,False,False,8,wet,103.81,13.59
HH_00219,27.793789,85.378489,AQ_0437,True,False,False,3,wet,80.65,18.66
HH_00220,27.623413,85.332044,AQ_0234,True,False,False,1,dry,86.5,17.22
HH_00221,27.625375,85.348123,AQ_0283,False,True,False,1,dry,114.1,32.74
HH_00222,27.602009,85.24871,AQ_0326,True,False,False,3,dry,65.99,41.38
HH_00223,27.698266,85.437626,AQ_0105,True,False,True,8,wet,55.33,35.37
HH_00224,27.742939,85.350948,AQ_0428,True,False,False,1,wet,42.03,33.72
HH_00225,27.659785,85.302704,AQ_0132,True,True,False,7,dry,66.15,15.54
HH_00226,27.605168,85.255445,AQ_0075,True,True,True,4,wet,61.26,19.82
HH_00227,27.756094,85.250294,AQ_0257,False,True,False,6,wet,78.99,54.85
HH_00228,27.601994,85.221192,AQ_0110,True,True,False,5,dry,57.07,65.86
HH_00229,27.761525,85.392868,AQ_0289,True,False,False,2,wet,73.26,32.66
HH_00230,27.75657,85.411378,AQ_0220,True,False,True,1,dry,74.48,36.46
HH_00231,27.759816,85.32712,AQ_0009,True,False,False,6,dry,82.49,21.54
HH_00232,27.745433,85.44519,AQ_0230,False,False,False,8,wet,33.24,43.4
HH_00233,27.631139,85.256416,AQ_0093,True,True,False,1,dry,83.38,18.78
HH_00234,27.637381,85.216665,AQ_0295,False,True,False,3,wet,67.55,25.48
HH_00235,27.799712,85.206204,AQ_0130,False,True,False,7,wet,71.5,30.3
HH_00236,27.768323,85.338655,AQ_0046,True,False,False,2,wet,101.16,11.3
HH_00237,27.780326,85.431548,AQ_0154,True,False,False,6,wet,95.96,19.87
HH_00238,27.777654,85.314985,AQ_0460,False,True,False,8,wet,56.47,27.7
HH_00239,27.721395,85.247125,AQ_0366,True,False,False,3,wet,79.22,17.93
HH_00240,27.617223,85.339784,AQ_0025,True,False,False,2,dry,40.41,17.55
HH_00241,27.700557,85.236109,AQ_0179,True,True,False,3,wet,41.38,61.92
HH_00242,27.704366,85.346414,AQ_0163,True,True,True,5,wet,66.51,65.85
HH_00243,27.601699,85.390251,AQ_0461,True,True,True,3,wet,62.37,16.73
HH_00244,27.610587,85.388733,AQ_0211,True,False,False,1,dry,97.27,23.09
HH_00245,27.791035,85.260038,AQ_0330,True,True,False,6,wet,60.16,31.62
HH_00246,27.715387,85.23871,AQ_0390,True,False,False,4,dry,62.03,13.9
HH_00247,27.671239,85.374253,AQ_0240,True,True,False,5,wet,38.79,25.43
HH_00248,27.68405,85.340528,AQ_0282,True,True,False,5,wet,101.82,18.54
HH_00249,27.601173,85.219627,AQ_0110,False,True,False,8,dry,80.28,74.86
HH_00250,27.654137,85.292623,AQ_0250,True,True,True,7,wet,84.53,24.25
HH_00251,27.713784,85.420427,AQ_0468,False,True,False,8,wet,85.09,37.2
HH_00252,27.682061,85.317675,AQ_0435,True,False,False,3,wet,67.56,29.07
HH_00253,27.60983,85.247766,AQ_0416,True,False,False,6,dry,67.9,5.49
HH_00254,27.660332,85.296005,AQ_0250,False,False,False,8,dry,55.42,33.25
HH_00255,27.77088,85.38725,AQ_0191,True,True,False,6,dry,61.45,27.42
HH_00256,27.6504,85.430189,AQ_0174,False,True,False,3,dry,65.72,32.81
HH_00257,27.716318,85.33337,AQ_0427,False,False,False,8,wet,14.36,50.77
HH_00258,27.761421,85.330822,AQ_0017,False,True,False,7,wet,104.6,35.42
HH_00259,27.62335,85.232266,AQ_0497,True,True,False,3,wet,94.49,19.86
HH_00260,27.66167,85.417385,AQ_0251,False,True,False,8,wet,81.22,39.79
HH_00261,27.752819,85.261953,AQ_0321,True,False,False,7,dry,56.8,19.75
HH_00262,27.674254,85.325425,AQ_0052,False,True,False,2,dry,83.56,63.15
HH_00263,27.745094,85.228308,AQ_0320,False,False,False,1,wet,33.91,35.1
HH_00264,27.708165,85.40459,AQ_0011,False,True,False,2,dry,26.16,39.79
HH_00265,27.634336,85.401958,AQ_0094,True,True,False,4,wet,90.63,89.58
HH_00266,27.739906,85.303004,AQ_0389,True,False,False,3,wet,116.7,22.89
HH_00267,27.62768,85.366441,AQ_0290,False,False,False,2,dry,65.87,27.14
HH_00268,27.6676,85.426717,AQ_0369,False,False,False,6,wet,45.87,30.55
HH_00269,27.717474,85.221351,AQ_0375,False,False,False,2,wet,63.72,29.02
HH_00270,27.758827,85.323649,AQ_0009,False,False,True,1,dry,66.43,30.54
HH_00271,27.77895,85.266917,AQ_0005,True,True,True,3,dry,87.79,100.0
HH_00272,27.779251,85.371428,AQ_0196,True,False,False,7,wet,76.06,6.86
HH_00273,27.771796,85.222193,AQ_0415,True,False,True,7,wet,71.98,29.5
HH_00274,27.635666,85.259842,AQ_0093,True,False,True,7,wet,96.32,18.78
HH_00275,27.683594,85.262798,AQ_0265,True,True,False,2,dry,57.32,16.48
HH_00276,27.659235,85.343071,AQ_0082,False,False,False,4,wet,33.99,41.0
HH_00277,27.688371,85.28668,AQ_0063,True,False,False,6,wet,89.22,28.76
HH_00278,27.751358,85.283,AQ_0233,True,False,False,8,dry,77.2,17.61
HH_00279,27.748888,85.237995,AQ_0152,False,False,False,2,dry,31.1,41.56
HH_00280,27.76154,85.261587,AQ_0488,True,True,True,6,dry,56.36,20.01
HH_00281,27.612651,85.232927,AQ_0049,True,False,True,7,wet,87.22,12.63
HH_00282,27.65064,85.338824,AQ_0082,True,False,False,3,dry,89.43,22.39
HH_00283,27.705516,85.363859,AQ_0436,True,True,False,8,dry,81.26,20.66
HH_00284,27.661874,85.373533,AQ_0123,False,False,False,4,wet,34.35,40.8
HH_00285,27.603225,85.293164,AQ_0070,False,False,False,8,wet,49.15,44.93
HH_00286,27.614547,85.397533,AQ_0051,False,False,True,1,dry,34.57,39.75
HH_00287,27.643556,85.369259,AQ_0125,True,True,False,3,wet,85.54,26.16
HH_00288,27.748177,85.365465,AQ_0491,True,False,False,2,dry,96.43,37.87
HH_00289,27.671106,85.402215,AQ_0467,True,False,False,1,wet,91.97,11.52
HH_00290,27.74908,85.294739,AQ_0362,True,False,True,4,wet,45.5,24.94
HH_00291,27.660554,85.314837,AQ_0264,False,True,False,2,wet,120.27,57.69
HH_00292,27.780655,85.224637,AQ_0186,False,True,False,4,wet,91.25,35.23
HH_00293,27.646416,85.377225,AQ_0391,False,False,False,3,dry,39.83,48.5
HH_00294,27.683021,85.222335,AQ_0288,False,False,False,5,dry,39.48,55.19
HH_00295,27.687556,85.257684,AQ_0119,True,False,False,5,dry,89.53,20.3
HH_00296,27.615105,85.406895,AQ_0015,True,False,False,1,wet,65.06,19.95
HH_00297,27.685534,85.349016,AQ_0392,False,True,False,4,dry,67.32,29.58
HH_00298,27.61794,85.440386,AQ_0222,False,False,False,7,wet,30.15,42.14
HH_00299,27.761452,85.314908,AQ_0180,True,False,False,7,wet,60.31,18.23
HH_00300,27.712633,85.435944,AQ_0160,True,False,False,7,wet,70.97,24.73
HH_00301,27.600766,85.259531,AQ_0200,True,False,False,8,wet,83.5,34.12
HH_00302,27.772369,85.319277,AQ_0457,True,False,False,2,wet,60.69,15.48
HH_00303,27.798913,85.369793,AQ_0384,True,False,False,7,dry,43.03,49.03
HH_00304,27.711576,85.276077,AQ_0444,False,False,False,6,wet,29.54,40.84
HH_00305,27.617292,85.200357,AQ_0147,True,False,False,8,wet,104.51,9.0
HH_00306,27.714463,85.449802,AQ_0299,False,False,True,8,dry,68.7,26.62
HH_00307,27.657369,85.270114,AQ_0395,True,False,False,1,wet,74.06,62.76
HH_00308,27.657037,85.39821,AQ_0242,True,False,True,5,dry,66.58,15.25
HH_00309,27.781151,85.443772,AQ_0154,False,False,True,6,wet,88.7,28.87
HH_00310,27.665651,85.22821,AQ_0361,True,False,False,1,wet,73.89,18.58
HH_00311,27.774005,85.359026,AQ_0184,True,False,False,7,dry,67.46,17.58
HH_00312,27.657452,85.384199,AQ_0432,False,True,False,3,dry,50.33,31.27
HH_00313,27.690683,85.44732,AQ_0105,True,False,True,6,dry,69.15,35.37
HH_00314,27.69638,85.325783,AQ_0333,False,False,True,2,dry,63.23,52.25
HH_00315,27.663187,85.38231,AQ_0262,True,False,True,6,wet,88.16,17.74
HH_00316,27.710109,85.406472,AQ_0315,False,True,False,3,dry,78.39,22.9
HH_00317,27.660701,85.29962,AQ_0132,True,False,False,3,wet,73.02,15.54
HH_00318,27.657116,85.440403,AQ_0212,True,True,False,7,wet,40.84,28.75
HH_00319,27.662569,85.224511,AQ_0145,False,True,True,2,wet,66.2,27.8
HH_00320,27.622109,85.254847,AQ_0170,True,False,False,4,wet,80.84,18.81
HH_00321,27.69287,85.308313,AQ_0231,True,True,False,5,dry,83.57,9.86
HH_00322,27.685264,85.283426,AQ_0500,False,False,False,4,wet,52.06,27.77
HH_00323,27.663294,85.393499,AQ_0408,True,True,False,4,wet,77.77,23.54
HH_00324,27.626176,85.258891,AQ_0308,True,True,False,2,dry,97.95,21.89
HH_00325,27.786501,85.414876,AQ_0043,False,False,True,7,wet,76.86,24.95
HH_00326,27.704065,85.443811,AQ_0014,True,True,False,2,dry,105.36,19.54
HH_00327,27.793154,85.253817,AQ_0330,True,True,False,1,wet,69.51,31.62
HH_00328,27.642707,85.369023,AQ_0125,True,False,False,7,wet,90.78,26.16
HH_00329,27.681,85.432886,AQ_0183,False,True,False,3,wet,80.5,47.67
HH_00330,27.783704,85.426028,AQ_0043,True,True,False,3,wet,62.31,15.95
HH_00331,27.631306,85.291659,AQ_0254,True,False,False,2,wet,58.44,20.09
HH_00332,27.793604,85.428687,AQ_0142,True,False,False,1,dry,78.79,86.44
HH_00333,27.63339,85.230289,AQ_0218,True,False,False,1,wet,72.9,24.32
HH_00334,27.68977,85.349753,AQ_0392,True,False,True,1,dry,48.61,21.41
HH_00335,27.614347,85.25669,AQ_0238,False,True,False,5,dry,91.66,31.37
HH_00336,27.655038,85.427397,AQ_0174,True,False,False,2,dry,45.42,26.55
HH_00337,27.726778,85.217977,AQ_0482,True,False,False,5,dry,73.12,10.46
HH_00338,27.660673,85.29821,AQ_0132,True,False,True,3,wet,63.75,15.54
HH_00339,27.63593,85.344518,AQ_0349,True,False,False,2,dry,72.07,18.85
HH_00340,27.616583,85.355,AQ_0244,False,True,False,1,dry,82.66,26.29
HH_00341,27.668045,85.413981,AQ_0251,True,True,False,3,dry,47.99,32.0
HH_00342,27.638221,85.392191,AQ_0494,True,False,False,7,dry,66.89,22.81
HH_00343,27.653118,85.391808,AQ_0408,True,False,False,5,dry,60.58,23.54
HH_00344,27.693097,85.435799,AQ_0386,True,True,False,1,dry,53.17,43.03
HH_00345,27.786346,85.251718,AQ_0418,True,False,True,7,dry,54.36,27.8
HH_00346,27.701997,85.315146,AQ_0409,False,False,False,5,wet,34.06,33.77
HH_00347,27.780152,85.432501,AQ_0154,True,False,False,5,wet,76.59,19.87
HH_00348,27.779247,85.401677,AQ_0419,False,True,False,8,dry,28.69,32.84
HH_00349,27.600731,85.280015,AQ_0102,False,False,False,3,dry,16.33,48.56
HH_00350,27.639914,85.209446,AQ_0006,False,True,False,1,wet,71.57,40.64
HH_00351,27.728674,85.265628,AQ_0313,True,False,False,5,dry,79.53,15.82
HH_00352,27.696613,85.304018,AQ_0231,True,False,False,1,dry,78.47,9.86
HH_00353,27.795571,85.250141,AQ_0330,False,True,False,7,wet,66.05,40.62
HH_00354,27.634551,85.294841,AQ_0254,True,False,False,3,wet,60.92,20.09
HH_00355,27.782167,85.353837,AQ_0184,True,False,False,3,dry,84.25,17.58
HH_00356,27.609693,85.252569,AQ_0075,True,False,False,7,wet,77.24,19.82
HH_00357,27.713178,85.353888,AQ_0069,True,True,True,4,dry,70.17,15.64
HH_00358,27.729831,85.374518,AQ_0204,False,False,True,3,wet,70.35,36.81
HH_00359,27.727628,85.280141,AQ_0493,True,False,False,4,wet,76.91,15.13
HH_00360,27.625751,85.436906,AQ_0473,True,True,True,3,wet,62.78,14.06
HH_00361,27.695034,85.279315,AQ_0500,False,False,True,6,dry,71.78,27.77
HH_00362,27.662007,85.402992,AQ_0310,True,True,False,1,wet,111.75,59.57
HH_00363,27.77343,85.368252,AQ_0184,True,False,True,7,wet,81.72,17.58
HH_00364,27.752659,85.234126,AQ_0152,True,False,True,2,dry,61.43,21.22
HH_00365,27.645734,85.420624,AQ_0405,True,True,False,4,dry,24.86,34.8
HH_00366,27.601419,85.40485,AQ_0354,True,False,False,2,wet,54.19,27.58
HH_00367,27.671965,85.335191,AQ_0336,False,True,False,4,wet,103.68,38.92
HH_00368,27.791196,85.332835,AQ_0462,False,True,False,6,dry,90.65,20.62
HH_00369,27.679944,85.438426,AQ_0346,True,False,True,7,wet,52.52,17.7
HH_00370,27.625293,85.410639,AQ_0066,True,True,False,6,dry,89.41,20.44
HH_00371,27.672436,85.365117,AQ_0240,False,True,False,3,dry,46.6,29.74
HH_00372,27.720337,85.215171,AQ_0375,True,False,False,8,wet,77.26,20.02
HH_00373,27.682668,85.336654,AQ_0282,False,False,True,7,dry,100.46,27.54
HH_00374,27.765585,85.392811,AQ_0277,True,False,False,4,dry,64.68,20.86
HH_00375,27.607763,85.248532,AQ_0416,False,False,False,8,wet,51.03,14.49
HH_00376,27.766991,85.410634,AQ_0076,False,False,False,3,dry,36.84,28.75
HH_00377,27.660642,85.307362,AQ_0264,True,True,False,5,dry,50.05,48.69
HH_00378,27.606214,85.436726,AQ_0002,False,False,False,4,dry,34.59,33.91
HH_00379,27.648143,85.259987,AQ_0307,True,False,False,1,dry,104.39,10.94
HH_00380,27.782315,85.286405,AQ_0357,True,False,False,3,dry,87.46,17.28
HH_00381,27.724301,85.2097,AQ_0031,True,True,False,6,dry,79.95,11.31
HH_00382,27.753354,85.287661,AQ_0077,False,True,False,3,dry,64.48,22.33
HH_00383,27.675362,85.333389,AQ_0336,False,False,False,5,dry,26.98,52.73
HH_00384,27.761181,85.269918,AQ_0027,True,True,False,4,dry,57.94,30.5
HH_00385,27.638304,85.326066,AQ_0284,True,True,False,4,dry,65.1,100.0
HH_00386,27.615707,85.289101,AQ_0228,True,True,False,6,dry,81.75,38.82
HH_00387,27.74953,85.337673,AQ_0100,True,False,False,2,wet,89.23,28.94
HH_00388,27.698668,85.210017,AQ_0210,False,True,False,7,dry,95.42,24.52
HH_00389,27.796864,85.29587,AQ_0422,True,True,False,7,wet,88.81,12.78
HH_00390,27.656858,85.346445,AQ_0082,True,True,False,6,dry,55.46,22.39
HH_00391,27.717354,85.311432,AQ_0454,True,False,False,5,dry,62.82,19.58
HH_00392,27.689727,85.334423,AQ_0282,True,True,False,7,dry,85.13,18.54
HH_00393,27.732725,85.395993,AQ_0476,True,True,False,4,dry,101.53,14.16
HH_00394,27.630122,85.433162,AQ_0473,False,True,False,4,wet,56.37,23.06
HH_00395,27.676612,85.38238,AQ_0339,False,True,False,2,wet,101.1,65.04
HH_00396,27.705451,85.432468,AQ_0317,True,True,False,2,wet,79.28,26.28
HH_00397,27.696759,85.322612,AQ_0333,True,True,True,7,wet,84.2,43.25
HH_00398,27.649393,85.424903,AQ_0174,False,False,False,8,wet,36.04,41.18
HH_00399,27.782165,85.435828,AQ_0154,True,True,False,4,dry,108.33,19.87
HH_00400,27.755703,85.232754,AQ_0152,True,False,True,1,wet,84.61,21.22
HH_00401,27.720191,85.208574,AQ_0031,True,True,False,7,dry,50.09,11.31
HH_00402,27.636585,85.291262,AQ_0254,False,False,False,2,wet,39.87,35.17
HH_00403,27.686487,85.355793,AQ_0214,True,False,False,1,wet,80.14,46.57
HH_00404,27.636525,85.343494,AQ_0349,False,True,False,3,dry,57.55,27.85
HH_00405,27.727481,85.339177,AQ_0446,True,True,True,5,wet,63.21,27.51
HH_00406,27.753021,85.308192,AQ_0450,True,True,False,8,dry,93.91,21.41
HH_00407,27.696837,85.362026,AQ_0198,True,True,True,8,dry,44.64,30.6
HH_00408,27.617159,85.222734,AQ_0088,True,True,False,2,wet,98.96,17.65
HH_00409,27.784645,85.37232,AQ_0124,False,True,False,8,wet,73.2,34.06
HH_00410,27.718497,85.408893,AQ_0394,True,False,True,7,wet,62.31,23.68
HH_00411,27.608732,85.259158,AQ_0238,True,True,False,5,dry,46.02,24.76
HH_00412,27.613398,85.207048,AQ_0147,False,False,True,2,dry,84.36,18.0
HH_00413,27.648949,85.420371,AQ_0405,True,False,False,4,dry,101.16,19.71
HH_00414,27.783657,85.30201,AQ_0116,False,False,False,8,dry,27.65,78.15
HH_00415,27.638255,85.329279,AQ_0284,True,True,False,1,dry,75.31,100.0
HH_00416,27.71438,85.426866,AQ_0468,True,False,True,3,dry,64.54,28.2
HH_00417,27.624496,85.333509,AQ_0234,False,True,False,7,dry,67.86,26.22
HH_00418,27.696399,85.217615,AQ_0107,False,False,False,5,wet,54.55,27.47
HH_00419,27.655629,85.281127,AQ_0324,False,False,True,7,wet,78.3,21.15
HH_00420,27.692174,85.367826,AQ_0198,True,False,False,1,wet,83.48,27.38
HH_00421,27.632437,85.321611,AQ_0109,True,True,False,2,dry,83.02,19.08
HH_00422,27.725252,85.367263,AQ_0291,True,True,False,6,wet,87.96,14.62
HH_00423,27.625257,85.436444,AQ_0473,True,False,False,8,dry,78.33,14.06
HH_00424,27.652963,85.433398,AQ_0078,True,False,False,7,dry,63.54,29.01
HH_00425,27.743992,85.388453,AQ_0173,True,False,False,1,wet,74.07,26.35
HH_00426,27.723563,85.392493,AQ_0495,False,False,True,5,wet,50.76,34.02
HH_00427,27.620792,85.440591,AQ_0473,True,False,False,2,dry,66.25,14.06
HH_00428,27.764552,85.329581,AQ_0017,True,False,False,6,wet,90.86,26.42
HH_00429,27.692361,85.278609,AQ_0500,False,False,True,8,dry,100.78,27.77
HH_00430,27.682187,85.357305,AQ_0030,False,False,False,6,dry,43.6,62.71
HH_00431,27.739863,85.37778,AQ_0484,True,True,False,7,dry,41.73,21.04
HH_00432,27.648353,85.320754,AQ_0325,False,False,False,3,dry,32.01,53.24
HH_00433,27.777366,85.294587,AQ_0035,False,True,True,1,wet,72.18,78.37
HH_00434,27.695211,85.447922,AQ_0014,True,True,True,6,wet,84.84,19.54
HH_00435,27.754088,85.252632,AQ_0321,True,False,True,1,dry,43.43,23.69
HH_00436,27.681912,85.395021,AQ_0010,True,False,True,8,wet,80.17,35.16
HH_00437,27.754245,85.257025,AQ_0321,True,False,False,2,wet,83.27,19.75
HH_00438,27.675985,85.325484,AQ_0052,True,True,False,4,dry,85.42,54.15
HH_00439,27.721014,85.339973,AQ_0446,True,False,False,7,dry,95.11,27.51
HH_00440,27.635282,85.403183,AQ_0314,False,False,False,8,dry,4.5,60.21
HH_00441,27.708352,85.23277,AQ_0481,True,False,True,5,wet,77.02,12.37
HH_00442,27.627103,85.3296,AQ_0234,False,False,False,7,wet,47.63,27.64
HH_00443,27.622522,85.433497,AQ_0473,True,True,False,7,dry,61.62,14.06
HH_00444,27.681327,85.295791,AQ_0034,True,False,False,6,wet,65.24,53.41
HH_00445,27.758933,85.314079,AQ_0273,True,True,True,5,wet,69.29,20.36
HH_00446,27.701823,85.236863,AQ_0179,False,True,False,5,dry,58.37,65.75
HH_00447,27.722331,85.341437,AQ_0159,True,False,False,7,wet,85.71,15.02
HH_00448,27.782451,85.436519,AQ_0154,True,False,False,5,wet,82.8,19.87
HH_00449,27.648943,85.232891,AQ_0188,False,False,False,4,wet,49.44,47.55
HH_00450,27.794411,85.414831,AQ_0383,False,True,False,8,wet,73.7,28.31
HH_00451,27.622004,85.436857,AQ_0473,True,False,False,3,wet,76.75,14.06
HH_00452,27.688479,85.211517,AQ_0129,True,True,False,3,wet,79.49,48.2
HH_00453,27.708776,85.284639,AQ_0444,True,True,False,5,wet,127.04,19.57
HH_00454,27.77376,85.365475,AQ_0184,False,True,False,5,wet,68.96,26.58
HH_00455,27.68681,85.404857,AQ_0127,False,False,False,2,wet,12.95,42.16
HH_00456,27.609412,85.367137,AQ_0344,False,False,False,7,wet,44.01,31.17
HH_00457,27.772554,85.240726,AQ_0195,True,False,True,4,wet,87.24,23.59
HH_00458,27.782868,85.266321,AQ_0496,True,False,False,8,dry,77.76,31.9
HH_00459,27.780791,85.280166,AQ_0357,True,False,False,8,wet,67.45,17.28
HH_00460,27.608776,85.380093,AQ_0280,True,True,False,1,wet,81.46,19.58
HH_00461,27.688896,85.264073,AQ_0440,True,False,True,3,wet,91.35,10.93
HH_00462,27.60008,85.401473,AQ_0464,False,False,True,7,wet,59.33,24.45
HH_00463,27.61585,85.247872,AQ_0416,True,False,False,1,dry,66.24,5.49
HH_00464,27.670999,85.280178,AQ_0008,False,False,False,4,dry,4.5,58.4
HH_00465,27.792783,85.360395,AQ_0453,True,False,False,6,wet,78.88,37.75
HH_00466,27.775002,85.275364,AQ_0274,True,True,False,3,dry,65.11,16.37
HH_00467,27.618911,85.389596,AQ_0275,False,True,False,6,wet,105.87,22.55
HH_00468,27.610715,85.235125,AQ_0199,False,False,False,8,wet,69.25,33.1
HH_00469,27.72451,85.251956,AQ_0246,False,True,False,7,dry,127.62,26.86
HH_00470,27.656701,85.437106,AQ_0078,True,False,True,1,dry,77.04,29.01
HH_00471,27.768493,85.380593,AQ_0485,True,False,False,7,wet,55.1,9.35
HH_00472,27.795653,85.23963,AQ_0301,False,False,False,1,dry,35.64,58.42
HH_00473,27.697494,85.29103,AQ_0063,True,True,False,7,wet,61.95,28.76
HH_00474,27.686063,85.268676,AQ_0440,True,False,False,3,dry,78.11,10.93
HH_00475,27.77755,85.210146,AQ_0261,True,False,False,2,wet,99.33,9.6
HH_00476,27.606243,85.441716,AQ_0002,True,False,False,2,dry,59.83,15.67
HH_00477,27.705319,85.27582,AQ_0444,True,False,False,4,wet,68.27,19.57
HH_00478,27.79787,85.209823,AQ_0255,False,False,False,7,wet,37.21,55.14
HH_00479,27.730981,85.310684,AQ_0431,True,False,False,8,wet,48.84,13.1
HH_00480,27.740573,85.217003,AQ_0101,True,True,True,2,wet,136.67,15.74
HH_00481,27.638758,85.253641,AQ_0381,True,True,False,2,wet,64.3,19.63
HH_00482,27.714698,85.253811,AQ_0215,True,False,False,5,wet,92.03,20.27
HH_00483,27.772325,85.435546,AQ_0074,True,False,False,5,wet,36.31,23.87
HH_00484,27.646812,85.212445,AQ_0128,False,True,False,2,dry,76.92,28.29
HH_00485,27.6537,85.363559,AQ_0190,True,True,False,6,wet,93.57,10.45
HH_00486,27.679255,85.373466,AQ_0240,False,False,False,2,wet,40.77,33.24
HH_00487,27.697865,85.328144,AQ_0439,False,True,False,8,wet,73.41,35.99
HH_00488,27.694157,85.376661,AQ_0398,False,False,False,7,dry,13.07,48.67
HH_00489,27.788128,85.28233,AQ_0404,True,False,True,3,dry,71.91,31.85
HH_00490,27.708892,85.24211,AQ_0358,True,False,False,8,dry,61.31,28.72
HH_00491,27.752093,85.446232,AQ_0230,True,False,False,3,wet,87.58,24.34
HH_00492,27.690769,85.335153,AQ_0282,False,True,False,1,dry,84.52,27.54
HH_00493,27.76992,85.320034,AQ_0457,True,True,False,4,wet,77.51,15.48
HH_00494,27.715826,85.247269,AQ_0380,True,False,False,7,dry,29.91,41.1
HH_00495,27.780182,85.368547,AQ_0196,True,False,False,3,dry,57.94,6.86
HH_00496,27.720835,85.23024,AQ_0201,True,False,False,8,wet,85.2,29.16
HH_00497,27.61574,85.331828,AQ_0139,False,True,False,4,wet,111.16,37.3
HH_00498,27.617844,85.307746,AQ_0141,False,True,False,7,wet,45.89,54.99
HH_00499,27.634957,85.446775,AQ_0114,False,True,False,8,dry,105.02,35.42
HH_00500,27.665084,85.223685,AQ_0145,False,False,True,8,dry,82.77,27.8
HH_00501,27.795174,85.271565,AQ_0266,True,False,False,1,dry,105.5,53.74
HH_00502,27.604939,85.402565,AQ_0354,False,False,False,4,wet,25.81,51.1
HH_00503,27.707316,85.269554,AQ_0067,False,True,True,4,wet,86.27,33.03
HH_00504,27.64998,85.2164,AQ_0121,True,False,False,6,wet,93.32,31.79
HH_00505,27.738123,85.343102,AQ_0023,True,False,False,6,wet,45.64,46.03
HH_00506,27.643363,85.367403,AQ_0125,False,False,False,6,dry,19.76,53.3
HH_00507,27.794134,85.243929,AQ_0301,True,True,True,7,dry,45.78,43.33
HH_00508,27.689338,85.263537,AQ_0119,True,True,True,7,dry,105.59,20.3
HH_00509,27.765027,85.321314,AQ_0187,True,False,False,2,wet,42.62,22.79
HH_00510,27.636362,85.221478,AQ_0295,True,False,False,2,wet,88.31,16.48
HH_00511,27.742824,85.249059,AQ_0420,True,False,False,8,dry,55.68,33.84
HH_00512,27.683155,85.317294,AQ_0435,True,True,False,8,dry,100.3,29.07
HH_00513,27.673542,85.225155,AQ_0288,True,True,False,2,wet,101.65,39.87
HH_00514,27.733157,85.271556,AQ_0493,True,False,False,7,wet,54.83,15.13
HH_00515,27.692021,85.248362,AQ_0179,False,False,False,5,wet,37.62,73.17
HH_00516,27.645507,85.2699,AQ_0395,False,False,False,3,dry,38.94,78.39
HH_00517,27.625482,85.359816,AQ_0365,True,False,False,5,wet,52.8,44.14
HH_00518,27.74159,85.339356,AQ_0023,False,False,False,4,dry,52.58,52.41
HH_00519,27.651204,85.362707,AQ_0190,True,True,False,3,dry,73.73,10.45
HH_00520,27.68743,85.266968,AQ_0440,True,False,False,2,wet,59.69,10.93
HH_00521,27.720801,85.417833,AQ_0048,True,False,False,7,wet,52.18,19.04
HH_00522,27.651419,85.319864,AQ_0325,False,False,True,2,dry,63.32,42.45
HH_00523,27.673456,85.428454,AQ_0369,True,True,True,5,dry,46.97,20.9
HH_00524,27.676707,85.409155,AQ_0151,False,False,True,1,wet,51.06,28.25
HH_00525,27.730158,85.353542,AQ_0355,True,False,False,8,dry,90.4,14.29
HH_00526,27.607673,85.417699,AQ_0316,True,False,False,4,wet,69.33,15.34
HH_00527,27.70255,85.299563,AQ_0231,True,False,False,5,dry,109.65,9.86
HH_00528,27.602553,85.417888,AQ_0316,False,True,False,6,dry,71.36,24.34
HH_00529,27.689348,85.285742,AQ_0500,True,True,False,8,dry,68.69,18.77
HH_00530,27.699265,85.300912,AQ_0231,False,False,False,4,dry,21.18,36.16
HH_00531,27.735732,85.305224,AQ_0389,True,True,False,3,dry,73.82,22.89
HH_00532,27.761496,85.227339,AQ_0309,False,True,True,5,wet,89.39,32.12
HH_00533,27.679458,85.284212,AQ_0034,True,False,False,6,wet,101.77,53.41
HH_00534,27.615668,85.218144,AQ_0367,False,True,True,6,dry,75.77,21.58
HH_00535,27.770064,85.253213,AQ_0181,False,False,False,5,wet,47.59,31.65
HH_00536,27.766579,85.231272,AQ_0451,False,False,True,6,dry,107.84,36.24
HH_00537,27.625957,85.339205,AQ_0349,False,False,False,3,wet,38.26,34.89
HH_00538,27.665388,85.351672,AQ_0368,True,False,False,4,wet,92.15,45.26
HH_00539,27.78609,85.409232,AQ_0256,True,True,False,8,dry,76.57,34.93
HH_00540,27.764115,85.271311,AQ_0274,True,True,False,4,dry,55.85,16.37
HH_00541,27.647842,85.396744,AQ_0084,True,True,False,2,wet,76.84,26.4
HH_00542,27.701162,85.340087,AQ_0053,True,False,True,6,wet,69.28,10.76
HH_00543,27.745723,85.288711,AQ_0362,True,True,False,6,dry,96.43,22.25
HH_00544,27.709523,85.360121,AQ_0079,False,True,False,1,dry,104.25,20.82
HH_00545,27.65189,85.221162,AQ_0352,True,False,False,7,dry,66.74,37.97
HH_00546,27.70004,85.410111,AQ_0306,True,False,False,7,dry,64.73,28.84
HH_00547,27.740259,85.39726,AQ_0476,False,True,False,6,dry,52.22,23.16
HH_00548,27.678736,85.247968,AQ_0158,True,True,False,2,dry,41.09,39.48
HH_00549,27.612243,85.347729,AQ_0455,False,False,False,7,wet,50.55,65.51
HH_00550,27.740787,85.436418,AQ_0447,True,True,True,1,dry,62.5,51.23
HH_00551,27.681785,85.365492,AQ_0337,False,False,False,2,wet,73.13,18.95
HH_00552,27.68992,85.247158,AQ_0328,False,True,False,5,dry,61.3,30.82
HH_00553,27.701579,85.332146,AQ_0053,True,False,False,1,wet,92.06,10.76
HH_00554,27.732758,85.228347,AQ_0189,True,True,False,5,dry,86.31,16.74
HH_00555,27.744123,85.325076,AQ_0406,True,False,False,6,dry,70.04,28.6
HH_00556,27.70846,85.237025,AQ_0481,True,False,True,1,wet,72.43,12.37
HH_00557,27.749263,85.202089,AQ_0470,True,False,False,6,dry,77.27,7.59
HH_00558,27.742878,85.429161,AQ_0447,True,False,False,3,dry,50.37,51.23
HH_00559,27.741099,85.367945,AQ_0208,True,False,True,3,dry,73.7,15.81
HH_00560,27.735026,85.304362,AQ_0389,False,False,False,8,dry,22.01,48.69
HH_00561,27.746136,85.330466,AQ_0272,True,True,True,8,wet,89.97,26.89
HH_00562,27.778952,85.229389,AQ_0334,True,False,False,5,dry,85.57,17.18
HH_00563,27.798045,85.252352,AQ_0330,False,True,False,5,dry,88.9,40.62
HH_00564,27.635336,85.345057,AQ_0349,True,True,False,7,dry,49.98,18.86
HH_00565,27.780807,85.280045,AQ_0357,True,True,False,7,wet,59.49,17.28
HH_00566,27.724959,85.284113,AQ_0083,False,True,False,8,wet,91.19,30.34
HH_00567,27.642242,85.278296,AQ_0054,True,False,False,2,dry,46.16,26.11
HH_00568,27.689682,85.280134,AQ_0500,True,True,False,3,dry,61.57,18.77
HH_00569,27.748884,85.442805,AQ_0230,True,False,True,2,dry,91.79,24.34
HH_00570,27.713173,85.239309,AQ_0390,False,False,False,7,dry,33.45,32.83
HH_00571,27.738125,85.328359,AQ_0414,False,False,False,8,dry,46.67,38.04
HH_00572,27.688087,85.425294,AQ_0386,True,True,False,5,dry,77.5,43.03
HH_00573,27.750134,85.322151,AQ_0009,True,False,False,1,dry,42.56,26.01
HH_00574,27.796719,85.366838,AQ_0140,False,False,False,3,dry,49.07,25.44
HH_00575,27.608769,85.281655,AQ_0070,True,True,False,3,wet,68.94,35.42
HH_00576,27.604777,85.312506,AQ_0235,False,True,False,4,dry,74.77,25.77
HH_00577,27.666538,85.309575,AQ_0421,True,True,False,6,wet,65.52,17.06
HH_00578,27.737829,85.328643,AQ_0414,True,False,True,6,dry,62.78,27.04
HH_00579,27.640031,85.279897,AQ_0054,False,False,False,5,dry,26.35,47.0
HH_00580,27.629491,85.218311,AQ_0088,True,True,False,2,wet,83.07,17.65
HH_00581,27.762463,85.388102,AQ_0289,True,False,False,6,wet,96.55,32.66
HH_00582,27.733877,85.319248,AQ_0431,True,False,False,3,wet,99.38,12.4
HH_00583,27.728456,85.20959,AQ_0487,True,True,False,4,dry,95.32,20.97
HH_00584,27.700072,85.289378,AQ_0063,True,True,False,2,dry,82.2,28.76
HH_00585,27.655485,85.360701,AQ_0190,True,True,True,8,wet,95.01,10.45
HH_00586,27.668467,85.392443,AQ_0466,True,True,False,1,dry,79.02,11.36
HH_00587,27.712271,85.420709,AQ_0468,True,False,True,1,dry,103.79,28.2
HH_00588,27.715575,85.387329,AQ_0495,True,True,True,7,dry,122.15,25.02
HH_00589,27.792938,85.218391,AQ_0287,False,False,False,2,dry,67.33,50.62
HH_00590,27.696485,85.223414,AQ_0393,True,False,False,3,dry,82.86,25.56
HH_00591,27.753618,85.386806,AQ_0258,False,False,False,3,wet,23.12,36.62
HH_00592,27.767568,85.218089,AQ_0153,True,False,False,2,dry,52.32,41.58
HH_00593,27.776221,85.264165,AQ_0181,True,True,True,7,dry,83.93,21.2
HH_00594,27.735625,85.303607,AQ_0389,True,True,False,1,dry,74.54,22.89
HH_00595,27.737907,85.285995,AQ_0362,True,False,False,1,wet,94.78,22.25
HH_00596,27.671058,85.21229,AQ_0288,True,True,True,7,dry,95.05,39.87
HH_00597,27.606211,85.338545,AQ_0441,False,False,False,6,dry,39.04,100.0
HH_00598,27.768157,85.208357,AQ_0007,True,True,False,2,wet,111.58,37.47
HH_00599,27.67335,85.259268,AQ_0239,True,False,False,1,dry,58.22,46.89
HH_00600,27.790826,85.255814,AQ_0330,True,True,True,4,wet,78.11,31.62
HH_00601,27.784462,85.306473,AQ_0022,True,True,False,5,wet,80.67,37.71
HH_00602,27.786167,85.201337,AQ_0261,False,False,False,5,wet,44.54,21.87
HH_00603,27.749648,85.425763,AQ_0401,False,False,False,8,dry,45.49,32.83
HH_00604,27.708477,85.331864,AQ_0427,True,False,False,5,wet,77.55,20.39
HH_00605,27.628225,85.200197,AQ_0236,False,True,True,2,dry,84.71,24.18
HH_00606,27.64173,85.366318,AQ_0232,True,False,True,4,wet,84.56,29.44
HH_00607,27.61574,85.350939,AQ_0244,False,False,False,1,dry,42.88,30.56
HH_00608,27.660246,85.315848,AQ_0479,True,False,False,3,wet,65.47,25.21
HH_00609,27.719886,85.242818,AQ_0004,False,False,True,4,wet,62.62,27.95
HH_00610,27.732474,85.239571,AQ_0245,True,True,False,7,wet,101.28,16.89
HH_00611,27.737624,85.232047,AQ_0219,False,False,False,3,wet,16.98,46.04
HH_00612,27.749675,85.265509,AQ_0135,True,True,False,5,dry,63.84,17.15
HH_00613,27.776343,85.422955,AQ_0286,True,False,False,4,dry,80.32,44.55
HH_00614,27.617544,85.297884,AQ_0278,True,True,False,3,dry,49.81,24.05
HH_00615,27.742664,85.364856,AQ_0206,False,False,False,7,wet,18.38,88.2
HH_00616,27.675605,85.225737,AQ_0288,True,False,False,2,dry,86.88,39.87
HH_00617,27.743805,85.325972,AQ_0406,True,False,False,6,wet,59.92,28.6
HH_00618,27.664888,85.283554,AQ_0008,False,True,False,4,wet,96.69,31.1
HH_00619,27.605148,85.285262,AQ_0102,False,False,False,7,dry,36.38,36.53
HH_00620,27.703644,85.313875,AQ_0409,True,False,False,2,wet,80.43,15.21
HH_00621,27.606165,85.419801,AQ_0316,False,False,False,8,wet,7.91,49.59
HH_00622,27.784844,85.206098,AQ_0261,True,False,False,8,wet,77.08,9.6
HH_00623,27.716285,85.337233,AQ_0168,False,False,False,5,dry,31.1,36.66
HH_00624,27.730453,85.381783,AQ_0484,True,False,False,4,wet,51.34,16.08
HH_00625,27.600143,85.434213,AQ_0106,True,True,False,5,dry,63.2,12.16
HH_00626,27.652695,85.209455,AQ_0121,True,True,False,6,dry,60.92,31.79
HH_00627,27.62461,85.446587,AQ_0473,True,True,False,4,wet,65.65,14.06
HH_00628,27.621398,85.379865,AQ_0275,True,False,False,4,wet,73.11,13.55
HH_00629,27.770914,85.264238,AQ_0181,False,True,False,5,dry,45.32,33.01
HH_00630,27.703189,85.263373,AQ_0067,True,False,False,6,dry,65.23,24.03
HH_00631,27.788107,85.426486,AQ_0043,False,True,True,8,dry,37.09,32.7
HH_00632,27.676229,85.302963,AQ_0421,False,False,True,8,wet,97.8,26.06
HH_00633,27.745516,85.31291,AQ_0279,True,False,False,5,wet,94.22,16.07
HH_00634,27.619011,85.250117,AQ_0170,True,False,False,7,dry,37.4,26.37
HH_00635,27.682693,85.251551,AQ_0412,False,True,False,7,wet,124.77,33.79
HH_00636,27.738373,85.295767,AQ_0389,False,True,False,3,wet,61.22,31.89
HH_00637,27.77382,85.34208,AQ_0046,False,False,False,1,dry,26.18,34.59
HH_00638,27.692938,85.405184,AQ_0377,True,True,True,6,wet,77.97,18.16
HH_00639,27.722908,85.408041,AQ_0394,True,True,False,6,wet,59.21,23.68
HH_00640,27.602728,85.275805,AQ_0099,True,False,False,6,wet,79.67,14.5
HH_00641,27.739598,85.397565,AQ_0476,False,True,True,3,dry,71.28,23.16
HH_00642,27.684224,85.302631,AQ_0202,False,False,False,7,wet,11.62,46.76
HH_00643,27.64627,85.234093,AQ_0149,True,False,False,8,dry,45.44,25.25
HH_00644,27.794629,85.248429,AQ_0330,True,False,False,6,wet,100.45,31.62
HH_00645,27.669166,85.28946,AQ_0237,True,False,False,7,dry,73.59,25.77
HH_00646,27.708719,85.363444,AQ_0080,True,True,False,8,dry,89.53,60.18
HH_00647,27.67741,85.361806,AQ_0240,True,True,False,5,wet,123.19,18.7
HH_00648,27.777564,85.226165,AQ_0348,True,True,False,4,dry,38.49,26.97
HH_00649,27.76453,85.252512,AQ_0257,False,True,False,8,wet,47.9,56.11
HH_00650,27.680031,85.237624,AQ_0359,False,True,False,3,dry,55.31,80.92
HH_00651,27.700714,85.400411,AQ_0377,True,False,False,7,dry,63.66,18.16
HH_00652,27.769754,85.376515,AQ_0485,True,True,False,5,wet,22.31,25.96
HH_00653,27.698091,85.264424,AQ_0131,True,True,False,6,wet,83.86,25.49
HH_00654,27.64423,85.26728,AQ_0307,True,True,True,4,wet,99.29,10.94
HH_00655,27.760627,85.211036,AQ_0007,False,False,True,3,wet,70.87,46.47
HH_00656,27.698443,85.420163,AQ_0192,True,True,False,1,dry,95.12,21.41
HH_00657,27.682582,85.334373,AQ_0282,False,False,False,2,wet,51.87,27.54
HH_00658,27.624253,85.22844,AQ_0088,True,True,False,7,wet,57.62,17.65
HH_00659,27.682192,85.361959,AQ_0400,True,False,False,3,dry,56.65,8.71
HH_00660,27.615918,85.435099,AQ_0222,True,True,True,6,wet,91.25,21.23
HH_00661,27.652133,85.413337,AQ_0405,False,False,False,5,wet,45.57,31.37
HH_00662,27.633767,85.40545,AQ_0314,True,False,False,8,wet,89.91,23.91
HH_00663,27.75385,85.349181,AQ_0037,True,False,False,6,wet,55.49,29.76
HH_00664,27.624378,85.327439,AQ_0234,True,False,False,6,wet,63.2,17.22
HH_00665,27.717052,85.289835,AQ_0248,True,True,True,3,wet,35.42,21.54
HH_00666,27.728201,85.425315,AQ_0155,True,False,False,8,wet,71.95,19.16
HH_00667,27.632784,85.295352,AQ_0254,True,False,False,4,dry,78.19,20.09
HH_00668,27.745774,85.432978,AQ_0452,True,True,False,7,wet,60.23,18.76
HH_00669,27.655774,85.437553,AQ_0078,True,False,False,7,dry,74.72,29.01
HH_00670,27.611427,85.423444,AQ_0175,True,False,False,5,wet,67.19,9.88
HH_00671,27.705962,85.367337,AQ_0498,True,False,False,4,dry,66.98,35.34
HH_00672,27.607718,85.41972,AQ_0316,True,True,False,8,wet,85.29,15.34
HH_00673,27.662987,85.232245,AQ_0361,False,False,False,3,dry,68.29,27.58
HH_00674,27.606194,85.268724,AQ_0099,False,True,False,5,wet,64.65,23.5
HH_00675,27.60656,85.305084,AQ_0209,True,False,True,2,dry,53.29,16.99
HH_00676,27.78117,85.329062,AQ_0319,True,True,False,8,wet,88.42,24.52
HH_00677,27.63075,85.430432,AQ_0473,True,False,False,3,dry,86.59,14.06
HH_00678,27.741836,85.250085,AQ_0420,True,True,False,3,dry,88.21,33.84
HH_00679,27.642201,85.372073,AQ_0351,False,True,False,1,dry,66.26,28.76
HH_00680,27.7564,85.395988,AQ_0399,False,False,False,8,dry,16.34,74.57
HH_00681,27.690652,85.398047,AQ_0207,False,True,False,2,dry,80.13,30.79
HH_00682,27.645685,85.268503,AQ_0395,True,False,False,6,dry,89.78,62.76
HH_00683,27.662968,85.229201,AQ_0361,True,True,False,2,wet,62.59,18.58
HH_00684,27.691066,85.427109,AQ_0386,True,True,False,1,dry,59.76,43.03
HH_00685,27.620896,85.380067,AQ_0275,False,True,False,1,dry,60.91,22.55
HH_00686,27.784514,85.342118,AQ_0335,False,False,False,4,dry,39.86,29.2
HH_00687,27.672745,85.389135,AQ_0466,False,False,False,3,wet,52.92,20.36
HH_00688,27.607942,85.409852,AQ_0443,False,True,False,6,dry,52.56,20.32
HH_00689,27.689634,85.359173,AQ_0041,True,False,False,2,dry,84.43,77.27
HH_00690,27.754448,85.318303,AQ_0459,True,True,False,6,wet,58.26,27.03
HH_00691,27.723545,85.314081,AQ_0445,False,True,False,3,wet,79.89,22.08
HH_00692,27.768362,85.400338,AQ_0303,False,False,False,5,wet,54.64,15.63
HH_00693,27.682101,85.257521,AQ_0412,True,True,False,8,wet,103.92,24.79
HH_00694,27.645527,85.331109,AQ_0284,False,False,False,3,dry,31.35,100.0
HH_00695,27.761219,85.288369,AQ_0077,True,False,False,6,wet,54.35,13.33
HH_00696,27.621856,85.398596,AQ_0275,True,False,False,3,dry,84.91,13.55
HH_00697,27.619794,85.267845,AQ_0247,True,True,False,6,dry,64.76,18.9
HH_00698,27.794609,85.444934,AQ_0122,True,False,False,8,dry,88.74,32.26
HH_00699,27.653655,85.210245,AQ_0121,True,True,False,2,dry,64.22,31.79
HH_00700,27.620151,85.376881,AQ_0472,True,True,False,3,dry,104.54,14.62
HH_00701,27.606235,85.417549,AQ_0316,False,True,False,2,dry,89.52,24.34
HH_00702,27.679527,85.284078,AQ_0034,True,False,False,5,dry,83.23,53.41
HH_00703,27.646897,85.320162,AQ_0325,True,False,True,4,wet,121.81,33.45
HH_00704,27.651424,85.437164,AQ_0133,False,False,False,1,wet,52.33,23.82
HH_00705,27.633952,85.441413,AQ_0473,True,False,False,6,dry,71.76,14.06
HH_00706,27.666674,85.312281,AQ_0052,False,True,True,2,wet,73.15,63.15
HH_00707,27.714133,85.308897,AQ_0410,True,True,False,2,dry,100.32,28.3
HH_00708,27.737175,85.408318,AQ_0182,True,True,False,4,dry,61.64,12.09
HH_00709,27.649992,85.352382,AQ_0449,True,False,False,6,wet,43.84,18.42
HH_00710,27.697212,85.278446,AQ_0500,False,False,True,3,wet,103.65,27.77
HH_00711,27.628369,85.25345,AQ_0424,True,False,False,8,wet,86.29,48.88
HH_00712,27.732145,85.437652,AQ_0447,False,False,False,6,wet,29.84,72.33
HH_00713,27.745936,85.213011,AQ_0470,False,False,False,4,dry,64.33,16.59
HH_00714,27.795216,85.333076,AQ_0462,True,False,False,6,wet,52.29,11.62
HH_00715,27.781064,85.22076,AQ_0186,True,True,False,5,dry,67.38,26.23
HH_00716,27.716951,85.404057,AQ_0394,True,False,False,5,dry,47.93,24.92
HH_00717,27.797652,85.297213,AQ_0422,True,True,False,5,dry,49.2,13.26
HH_00718,27.698966,85.385578,AQ_0026,True,False,True,5,wet,88.77,99.07
HH_00719,27.754082,85.324905,AQ_0009,False,True,False,5,dry,54.53,30.54
HH_00720,27.656093,85.382776,AQ_0432,True,False,False,2,wet,114.55,22.27
HH_00721,27.648437,85.242927,AQ_0113,False,True,False,2,wet,43.33,41.33
HH_00722,27.725781,85.229485,AQ_0064,True,False,False,1,wet,85.21,14.89
HH_00723,27.730988,85.270824,AQ_0493,True,False,False,2,dry,85.28,15.13
HH_00724,27.721714,85.442726,AQ_0224,False,False,False,7,dry,26.47,40.27
HH_00725,27.674721,85.370365,AQ_0240,True,True,False,3,wet,76.95,18.7
HH_00726,27.792764,85.334745,AQ_0335,True,True,True,7,wet,67.19,14.11
HH_00727,27.657576,85.230068,AQ_0095,False,False,True,7,wet,99.32,45.18
HH_00728,27.674788,85.437735,AQ_0001,False,True,False,8,dry,96.43,26.25
HH_00729,27.604441,85.275931,AQ_0102,True,True,False,7,dry,67.8,19.36
HH_00730,27.650451,85.333555,AQ_0343,False,False,True,7,dry,81.87,29.68
HH_00731,27.76476,85.225787,AQ_0153,True,False,False,4,dry,82.3,41.58
HH_00732,27.676992,85.300574,AQ_0421,True,False,False,2,dry,56.51,17.06
HH_00733,27.756658,85.440696,AQ_0230,True,False,False,6,wet,75.68,24.34
HH_00734,27.696188,85.294078,AQ_0063,True,True,False,6,wet,59.67,28.76
HH_00735,27.672638,85.213067,AQ_0288,True,False,False,4,dry,60.68,39.87
HH_00736,27.638959,85.404008,AQ_0314,True,True,False,2,dry,104.93,23.91
HH_00737,27.760512,85.321598,AQ_0459,False,True,False,3,wet,99.13,36.03
HH_00738,27.65763,85.259002,AQ_0292,True,False,True,8,wet,52.08,23.09
HH_00739,27.746103,85.210081,AQ_0470,True,True,False,4,wet,71.21,7.59
HH_00740,27.787225,85.33004,AQ_0319,True,False,False,1,wet,68.09,24.52
HH_00741,27.672964,85.418348,AQ_0312,True,False,True,3,dry,42.58,56.87
HH_00742,27.641457,85.294449,AQ_0474,True,False,False,1,wet,59.19,9.07
HH_00743,27.663337,85.369326,AQ_0298,True,True,False,5,wet,92.34,29.85
HH_00744,27.613178,85.247822,AQ_0416,False,True,False,7,dry,41.73,19.46
HH_00745,27.681481,85.434237,AQ_0183,False,False,False,6,wet,62.69,47.67
HH_00746,27.651017,85.231758,AQ_0370,False,False,True,8,dry,51.63,24.52
HH_00747,27.611707,85.276353,AQ_0169,True,False,False,8,wet,73.47,26.33
HH_00748,27.752152,85.20396,AQ_0470,False,True,False,6,wet,73.14,16.59
HH_00749,27.711562,85.294865,AQ_0248,True,False,False,1,wet,137.22,12.8
HH_00750,27.662674,85.273777,AQ_0008,False,False,False,1,wet,44.47,34.41
HH_00751,27.74668,85.417819,AQ_0136,True,True,False,3,dry,66.88,20.15
HH_00752,27.710263,85.289886,AQ_0248,False,False,False,4,wet,51.3,21.8
HH_00753,27.62516,85.347333,AQ_0283,True,True,False,6,wet,51.33,23.74
HH_00754,27.690374,85.399237,AQ_0207,True,True,True,4,dry,74.18,21.79
HH_00755,27.718085,85.224229,AQ_0375,True,False,False,3,wet,116.42,20.02
HH_00756,27.758541,85.357279,AQ_0379,False,False,True,3,wet,88.63,37.99
HH_00757,27.630532,85.377543,AQ_0499,True,False,False,3,wet,45.11,28.47
HH_00758,27.733882,85.254034,AQ_0305,False,True,True,6,wet,61.57,45.54
HH_00759,27.718174,85.428301,AQ_0160,False,True,False,5,dry,49.16,34.23
HH_00760,27.771971,85.262954,AQ_0181,False,True,True,5,dry,104.16,30.2
HH_00761,27.796206,85.353427,AQ_0177,True,True,True,2,wet,91.36,14.57
HH_00762,27.604397,85.404219,AQ_0354,True,False,False,6,dry,59.47,27.58
HH_00763,27.60279,85.36428,AQ_0344,False,False,True,4,dry,95.5,27.57
HH_00764,27.739206,85.285619,AQ_0362,True,False,True,5,wet,48.41,23.2
HH_00765,27.621592,85.217411,AQ_0088,True,False,False,4,dry,82.62,17.65
HH_00766,27.74844,85.327434,AQ_0411,True,False,False,8,wet,130.81,23.7
HH_00767,27.684489,85.299522,AQ_0202,False,False,False,1,wet,53.43,23.73
HH_00768,27.769459,85.310319,AQ_0340,False,True,False,1,dry,40.67,44.7
HH_00769,27.603592,85.218628,AQ_0110,True,False,True,4,wet,90.02,65.86
HH_00770,27.738642,85.217729,AQ_0101,False,True,False,1,dry,72.2,24.74
HH_00771,27.637872,85.392831,AQ_0226,True,True,False,5,wet,87.43,12.86
HH_00772,27.728885,85.207084,AQ_0031,True,True,False,3,wet,101.57,11.31
HH_00773,27.765706,85.397069,AQ_0277,False,False,False,2,dry,47.86,31.15
HH_00774,27.642971,85.210083,AQ_0006,False,False,False,3,wet,24.78,55.76
HH_00775,27.640227,85.244657,AQ_0327,True,False,True,4,wet,61.92,28.05
HH_00776,27.701708,85.319188,AQ_0217,True,True,False,3,dry,39.63,29.61
HH_00777,27.654135,85.207293,AQ_0121,True,False,False,2,wet,48.92,32.44
HH_00778,27.659734,85.416735,AQ_0097,False,False,False,3,wet,63.5,45.42
HH_00779,27.749349,85.414441,AQ_0136,True,True,True,6,dry,52.17,20.15
HH_00780,27.739244,85.251518,AQ_0305,True,True,False,1,wet,79.7,36.54
HH_00781,27.688246,85.21625,AQ_0393,True,False,False,5,dry,69.48,25.56
HH_00782,27.78062,85.416058,AQ_0043,True,True,False,5,dry,74.19,15.95
HH_00783,27.692917,85.386092,AQ_0010,True,False,False,1,wet,104.36,35.16
HH_00784,27.686361,85.396452,AQ_0207,True,False,False,7,wet,89.6,21.79
HH_00785,27.692491,85.435241,AQ_0386,True,False,False,5,dry,18.19,62.11
HH_00786,27.757014,85.405394,AQ_0024,True,True,False,1,dry,52.38,36.58
HH_00787,27.710898,85.244949,AQ_0358,False,False,False,5,wet,47.55,39.19
HH_00788,27.750597,85.402791,AQ_0036,False,True,False,3,dry,71.38,24.5
HH_00789,27.606565,85.316965,AQ_0235,True,False,False,3,wet,100.85,16.77
HH_00790,27.609855,85.41311,AQ_0443,False,True,True,5,wet,89.26,20.32
HH_00791,27.70968,85.249328,AQ_0380,True,True,True,7,dry,51.28,29.05
HH_00792,27.706172,85.212921,AQ_0382,True,True,False,5,wet,60.71,43.02
HH_00793,27.631707,85.403173,AQ_0094,True,False,False,1,dry,65.43,89.58
HH_00794,27.690674,85.32928,AQ_0282,True,False,False,2,wet,69.94,18.54
HH_00795,27.752722,85.311833,AQ_0279,False,False,False,5,wet,47.76,26.42
HH_00796,27.62262,85.239083,AQ_0056,True,True,False,6,dry,94.8,12.49
HH_00797,27.687407,85.299222,AQ_0202,True,False,False,8,wet,90.28,14.73
HH_00798,27.677627,85.24269,AQ_0465,False,False,False,5,dry,56.93,31.11
HH_00799,27.645367,85.343875,AQ_0449,True,True,False,2,dry,81.39,14.72
HH_00800,27.634135,85.365727,AQ_0290,False,False,False,6,wet,5.0,54.14
HH_00801,27.770508,85.264485,AQ_0181,True,False,True,4,wet,88.95,21.2
HH_00802,27.666648,85.348762,AQ_0368,True,True,False,6,dry,71.86,45.26
HH_00803,27.618039,85.351504,AQ_0283,True,True,False,1,dry,88.52,23.74
HH_00804,27.740821,85.347432,AQ_0023,True,False,False,8,wet,93.74,43.41
HH_00805,27.689983,85.414593,AQ_0192,False,False,False,8,wet,39.98,36.43
HH_00806,27.786307,85.345833,AQ_0335,True,False,False,1,wet,92.02,14.11
HH_00807,27.707677,85.313621,AQ_0409,True,False,False,1,dry,73.1,15.21
HH_00808,27.675992,85.312121,AQ_0435,True,True,False,6,dry,42.8,33.39
HH_00809,27.79613,85.287568,AQ_0166,False,True,True,7,dry,52.38,33.96
HH_00810,27.609592,85.393852,AQ_0051,True,True,False,5,wet,77.16,21.49
HH_00811,27.714137,85.390176,AQ_0495,False,True,True,4,wet,84.66,34.02
HH_00812,27.650728,85.257015,AQ_0307,True,False,False,5,dry,51.57,10.94
HH_00813,27.602305,85.232585,AQ_0029,True,False,False,2,wet,65.88,14.19
HH_00814,27.797172,85.277158,AQ_0297,True,False,False,3,dry,65.67,11.36
HH_00815,27.626065,85.249771,AQ_0424,True,False,False,5,wet,66.57,48.88
HH_00816,27.772487,85.440375,AQ_0074,True,False,False,3,dry,74.43,15.66
HH_00817,27.649349,85.312524,AQ_0433,False,False,False,2,dry,36.46,55.77
HH_00818,27.682785,85.267515,AQ_0044,True,True,False,2,wet,77.66,17.17
HH_00819,27.641367,85.363506,AQ_0232,True,True,False,5,dry,49.64,29.66
HH_00820,27.737822,85.341268,AQ_0023,True,True,False,6,dry,66.15,43.41
HH_00821,27.771734,85.229369,AQ_0415,True,True,False,8,dry,83.86,29.5
HH_00822,27.623002,85.373705,AQ_0472,True,True,True,2,dry,91.53,14.62
HH_00823,27.688309,85.436246,AQ_0105,True,False,False,5,dry,78.79,35.37
HH_00824,27.676396,85.439204,AQ_0001,True,True,False,8,dry,54.97,17.25
HH_00825,27.665995,85.440546,AQ_0471,True,False,False,2,wet,74.46,24.67
HH_00826,27.760708,85.448901,AQ_0331,True,False,True,8,wet,89.69,23.87
HH_00827,27.650533,85.309194,AQ_0433,True,False,False,2,wet,42.52,43.14
HH_00828,27.603053,85.255032,AQ_0200,True,True,False,8,dry,75.32,34.12
HH_00829,27.656387,85.3109,AQ_0264,True,False,False,8,wet,82.13,48.69
HH_00830,27.740982,85.2213,AQ_0101,True,True,False,5,wet,78.12,15.74
HH_00831,27.730018,85.363414,AQ_0204,True,False,False,6,wet,82.88,27.81
HH_00832,27.786427,85.380147,AQ_0437,True,True,True,8,wet,78.31,18.66
HH_00833,27.753153,85.222871,AQ_0007,False,True,False,3,dry,43.67,50.26
HH_00834,27.636244,85.402576,AQ_0314,True,False,True,2,wet,81.63,23.91
HH_00835,27.627008,85.317163,AQ_0216,True,False,False,4,dry,49.49,28.59
HH_00836,27.663221,85.306123,AQ_0264,False,True,False,7,wet,84.22,57.69
HH_00837,27.661865,85.270159,AQ_0292,True,True,False,3,dry,85.94,23.09
HH_00838,27.657587,85.246381,AQ_0294,False,False,False,2,wet,42.69,27.02
HH_00839,27.730336,85.37815,AQ_0204,True,True,False,5,wet,57.64,27.81
HH_00840,27.65044,85.43898,AQ_0133,True,True,False,7,wet,103.27,14.82
HH_00841,27.78466,85.314329,AQ_0092,True,False,True,3,dry,69.06,23.16
HH_00842,27.684878,85.239191,AQ_0328,False,False,False,5,wet,57.79,30.82
HH_00843,27.685281,85.334354,AQ_0282,True,False,False,6,wet,79.08,18.54
HH_00844,27.756271,85.370012,AQ_0103,True,False,False,7,wet,72.13,18.71
HH_00845,27.727031,85.427389,AQ_0155,False,False,False,7,dry,36.55,36.23
HH_00846,27.75747,85.335334,AQ_0100,False,True,False,1,dry,65.83,37.94
HH_00847,27.664779,85.234063,AQ_0361,False,False,False,5,dry,34.98,36.59
HH_00848,27.775623,85.346463,AQ_0480,True,False,False,6,wet,100.02,17.71
HH_00849,27.734838,85.401065,AQ_0182,True,False,False,3,wet,58.72,12.09
HH_00850,27.702727,85.400761,AQ_0011,True,False,False,6,wet,113.22,16.49
HH_00851,27.67473,85.29703,AQ_0413,True,False,False,3,dry,76.58,17.76
HH_00852,27.682639,85.301405,AQ_0202,True,True,False,8,wet,65.96,14.73
HH_00853,27.73591,85.216773,AQ_0271,False,True,True,7,wet,108.11,31.65
HH_00854,27.765643,85.242633,AQ_0425,False,False,False,3,wet,47.26,29.11
HH_00855,27.779484,85.364037,AQ_0184,True,False,False,6,dry,71.28,17.58
HH_00856,27.708407,85.42976,AQ_0317,True,False,False,4,wet,100.72,26.28
HH_00857,27.779982,85.31204,AQ_0197,True,False,False,1,wet,65.73,57.16
HH_00858,27.677553,85.271717,AQ_0223,False,True,False,2,dry,44.88,44.2
HH_00859,27.653716,85.415266,AQ_0097,False,False,False,5,wet,43.07,49.58
HH_00860,27.634564,85.286126,AQ_0165,True,False,False,4,wet,70.09,7.14
HH_00861,27.612309,85.267493,AQ_0238,True,False,False,5,dry,79.43,22.37
HH_00862,27.644305,85.315887,AQ_0325,False,False,True,8,wet,85.75,42.45
HH_00863,27.694065,85.418394,AQ_0192,True,True,False,5,wet,81.59,21.41
HH_00864,27.734149,85.411839,AQ_0182,True,False,False,5,wet,112.01,12.09
HH_00865,27.601908,85.300723,AQ_0209,True,False,True,1,wet,84.8,16.99
HH_00866,27.708568,85.332411,AQ_0427,False,False,False,2,dry,41.49,34.49
HH_00867,27.669554,85.33013,AQ_0300,True,False,False,3,wet,60.97,16.68
HH_00868,27.742831,85.415308,AQ_0136,True,True,False,3,dry,104.61,20.15
HH_00869,27.630937,85.312887,AQ_0463,True,True,True,4,wet,113.56,15.25
HH_00870,27.649973,85.360063,AQ_0356,True,False,True,2,dry,57.18,38.87
HH_00871,27.775498,85.304533,AQ_0116,True,False,False,7,wet,75.01,55.75
HH_00872,27.790076,85.439582,AQ_0087,True,False,False,4,wet,72.63,21.0
HH_00873,27.619541,85.20375,AQ_0236,True,True,False,1,dry,72.19,15.18
HH_00874,27.769684,85.2051,AQ_0261,True,False,False,4,wet,53.28,9.6
HH_00875,27.720898,85.269256,AQ_0268,True,True,False,7,dry,64.4,39.1
HH_00876,27.737351,85.368555,AQ_0204,True,False,False,6,dry,84.72,27.81
HH_00877,27.644299,85.2087,AQ_0006,True,False,False,7,wet,47.58,33.09
HH_00878,27.761796,85.400091,AQ_0024,True,True,True,7,wet,66.04,36.58
HH_00879,27.691405,85.351628,AQ_0041,False,False,False,4,wet,57.52,86.27
HH_00880,27.685,85.268862,AQ_0044,True,False,False,1,dry,78.7,17.17
HH_00881,27.653007,85.334048,AQ_0343,False,True,True,2,wet,38.52,36.57
HH_00882,27.618227,85.379651,AQ_0472,True,False,False,1,dry,40.3,20.45
HH_00883,27.642747,85.249238,AQ_0327,True,True,False,4,dry,46.37,30.23
HH_00884,27.716772,85.292866,AQ_0248,False,True,False,3,wet,70.87,21.8
HH_00885,27.689782,85.334292,AQ_0282,True,False,False,3,dry,63.56,18.54
HH_00886,27.776084,85.308431,AQ_0197,True,True,False,2,wet,71.92,57.16
HH_00887,27.682419,85.208903,AQ_0288,False,True,False,6,wet,139.58,48.87
HH_00888,27.711768,85.376758,AQ_0028,True,True,False,7,wet,77.77,78.83
HH_00889,27.635496,85.263056,AQ_0093,True,True,False,5,dry,71.87,18.78
HH_00890,27.642835,85.215018,AQ_0128,True,False,False,7,dry,51.72,19.29
HH_00891,27.665101,85.235922,AQ_0361,True,True,False,7,dry,77.28,18.58
HH_00892,27.628767,85.20231,AQ_0236,True,True,False,5,dry,104.87,15.18
HH_00893,27.761631,85.244049,AQ_0425,True,True,False,8,dry,42.7,22.85
HH_00894,27.717097,85.278913,AQ_0267,False,True,False,1,wet,101.21,32.58
HH_00895,27.617388,85.255738,AQ_0170,True,False,False,1,wet,73.99,18.81
HH_00896,27.731657,85.265952,AQ_0313,True,False,False,2,dry,48.58,16.67
HH_00897,27.602414,85.329734,AQ_0012,True,False,False,8,dry,79.98,18.43
HH_00898,27.717894,85.317793,AQ_0021,True,False,False,5,wet,82.03,20.3
HH_00899,27.71468,85.431975,AQ_0160,True,False,False,6,wet,69.73,24.73
HH_00900,27.647451,85.265658,AQ_0307,True,False,False,4,dry,89.15,10.94
HH_00901,27.700884,85.386012,AQ_0026,True,False,False,5,wet,64.73,99.07
HH_00902,27.744716,85.401493,AQ_0036,False,False,False,2,wet,40.09,30.45
HH_00903,27.6579,85.366031,AQ_0298,False,True,True,4,wet,98.98,38.85
HH_00904,27.769045,85.331358,AQ_0046,True,False,False,8,wet,76.42,11.3
HH_00905,27.738301,85.420837,AQ_0155,False,True,False,6,dry,36.29,36.38
HH_00906,27.750733,85.255017,AQ_0321,True,True,False,8,dry,71.18,19.75
HH_00907,27.677706,85.416432,AQ_0469,False,True,True,3,wet,66.66,30.81
HH_00908,27.642949,85.288992,AQ_0474,True,False,False,1,dry,100.01,9.07
HH_00909,27.656821,85.244022,AQ_0294,False,True,True,1,wet,62.77,22.63
HH_00910,27.690833,85.296465,AQ_0063,False,True,False,2,dry,87.22,37.76
HH_00911,27.796415,85.297773,AQ_0422,True,False,False,2,dry,102.45,12.78
HH_00912,27.683752,85.307961,AQ_0353,True,False,False,7,wet,110.9,23.87
HH_00913,27.610787,85.329137,AQ_0259,True,False,False,6,dry,50.54,27.53
HH_00914,27.620768,85.230893,AQ_0497,False,False,False,2,wet,40.24,34.72
HH_00915,27.620206,85.352427,AQ_0059,True,False,False,3,wet,67.52,18.5
HH_00916,27.634714,85.439459,AQ_0473,True,False,True,7,dry,58.28,14.06
HH_00917,27.770923,85.257624,AQ_0181,True,False,True,3,dry,52.6,21.2
HH_00918,27.698375,85.204903,AQ_0210,False,False,False,8,dry,27.35,38.11
HH_00919,27.734274,85.33079,AQ_0414,True,False,False,7,dry,82.3,27.04
HH_00920,27.625436,85.29964,AQ_0373,False,False,True,3,wet,91.92,92.18
HH_00921,27.634031,85.26368,AQ_0308,True,True,False,5,wet,87.84,21.89
HH_00922,27.682282,85.436933,AQ_0346,True,False,True,2,wet,46.97,19.51
HH_00923,27.625274,85.443423,AQ_0473,False,False,False,8,dry,45.9,25.52
HH_00924,27.667794,85.23577,AQ_0361,True,True,False,8,wet,65.52,18.58
HH_00925,27.771578,85.277215,AQ_0274,True,False,True,6,wet,95.94,16.37
HH_00926,27.694351,85.323955,AQ_0333,True,True,False,8,dry,106.29,43.25
HH_00927,27.746448,85.221943,AQ_0320,True,True,False,3,dry,84.86,16.45
HH_00928,27.611558,85.235163,AQ_0241,True,True,False,8,wet,86.07,22.8
HH_00929,27.743326,85.30932,AQ_0115,True,False,False,4,dry,53.39,26.99
HH_00930,27.701354,85.231636,AQ_0178,True,True,False,4,wet,74.51,21.22
HH_00931,27.695324,85.390904,AQ_0026,False,True,False,1,wet,77.3,100.0
HH_00932,27.798403,85.371663,AQ_0384,True,False,False,7,wet,46.08,47.2
HH_00933,27.768271,85.303712,AQ_0340,True,False,False,5,dry,67.5,30.1
HH_00934,27.68039,85.411436,AQ_0151,True,True,False,5,dry,66.28,19.25
HH_00935,27.669253,85.363655,AQ_0298,True,False,False,6,dry,84.2,29.85
HH_00936,27.671448,85.344263,AQ_0336,False,False,False,3,dry,58.23,38.92
HH_00937,27.668453,85.220968,AQ_0288,True,False,False,4,wet,100.2,39.87
HH_00938,27.665801,85.297864,AQ_0413,False,True,False,4,dry,48.03,27.94
HH_00939,27.652423,85.285761,AQ_0324,True,False,False,3,dry,100.76,12.15
HH_00940,27.702307,85.435891,AQ_0317,True,True,False,1,wet,67.05,26.28
HH_00941,27.608376,85.325767,AQ_0259,True,False,False,2,wet,95.4,27.53
HH_00942,27.609832,85.343375,AQ_0345,True,True,False,7,dry,74.78,21.3
HH_00943,27.770726,85.260482,AQ_0181,True,True,False,2,dry,76.14,21.2
HH_00944,27.73144,85.309757,AQ_0431,True,True,False,1,wet,82.47,12.4
HH_00945,27.608976,85.430028,AQ_0106,True,True,False,3,wet,70.41,12.16
HH_00946,27.737964,85.320459,AQ_0414,True,False,True,2,wet,79.39,27.04
HH_00947,27.624869,85.253568,AQ_0424,False,True,True,7,wet,82.37,57.88
HH_00948,27.724406,85.326436,AQ_0021,True,False,False,4,dry,59.52,20.3
HH_00949,27.76342,85.415252,AQ_0134,True,True,False,6,dry,59.08,17.55
HH_00950,27.713111,85.36227,AQ_0329,True,True,False,6,wet,114.18,27.82
HH_00951,27.670047,85.429275,AQ_0369,True,False,True,4,dry,79.04,19.08
HH_00952,27.600872,85.431163,AQ_0106,False,True,True,8,dry,56.97,21.16
HH_00953,27.622501,85.223721,AQ_0088,False,False,False,5,wet,23.11,42.79
HH_00954,27.64286,85.34628,AQ_0449,True,True,False,8,dry,45.23,17.59
HH_00955,27.688583,85.208544,AQ_0164,True,False,False,5,wet,99.91,43.22
HH_00956,27.73794,85.381218,AQ_0484,True,False,False,2,dry,61.59,16.08
HH_00957,27.739623,85.277743,AQ_0296,False,False,True,3,wet,74.33,26.07
HH_00958,27.766357,85.445118,AQ_0243,False,True,True,2,dry,63.02,30.34
HH_00959,27.698769,85.202425,AQ_0210,True,False,False,1,wet,71.7,15.52
HH_00960,27.715717,85.218773,AQ_0042,True,False,False,8,wet,63.21,36.47
HH_00961,27.788671,85.291271,AQ_0032,True,False,True,4,dry,72.94,20.03
HH_00962,27.751087,85.35168,AQ_0037,True,False,False,6,wet,81.54,29.76
HH_00963,27.725357,85.359501,AQ_0291,True,False,False,8,wet,97.41,14.62
HH_00964,27.797283,85.383073,AQ_0397,True,False,False,5,dry,109.54,18.27
HH_00965,27.755389,85.418116,AQ_0401,False,True,False,5,dry,112.39,30.13
HH_00966,27.765836,85.310946,AQ_0213,True,True,False,3,wet,25.48,29.35
HH_00967,27.714171,85.331768,AQ_0427,True,True,False,3,dry,73.93,20.39
HH_00968,27.765609,85.239375,AQ_0451,True,True,False,3,wet,71.38,27.24
HH_00969,27.718866,85.348403,AQ_0304,True,True,False,1,wet,78.88,18.45
HH_00970,27.645484,85.242831,AQ_0113,False,True,False,3,wet,85.06,37.33
HH_00971,27.73352,85.352361,AQ_0355,True,True,False,3,wet,66.05,14.29
HH_00972,27.778707,85.297317,AQ_0035,False,True,False,6,wet,84.86,78.37
HH_00973,27.662674,85.31559,AQ_0264,True,True,False,3,wet,100.07,48.69
HH_00974,27.785852,85.275863,AQ_0266,True,True,False,1,dry,66.54,53.74
HH_00975,27.772787,85.395381,AQ_0191,True,True,True,4,wet,47.41,28.98
HH_00976,27.764819,85.201331,AQ_0261,True,True,False,4,dry,82.01,9.6
HH_00977,27.712964,85.284801,AQ_0444,False,False,True,2,wet,102.37,28.57
HH_00978,27.770297,85.352299,AQ_0379,True,False,False,7,dry,47.37,30.57
HH_00979,27.770635,85.266149,AQ_0181,True,False,False,1,wet,24.29,36.63
HH_00980,27.602329,85.339203,AQ_0441,True,False,False,7,wet,101.96,91.15
HH_00981,27.732305,85.347979,AQ_0355,True,True,False,8,dry,80.74,14.29
HH_00982,27.61335,85.229111,AQ_0039,True,False,False,7,wet,112.17,34.54
HH_00983,27.719295,85.268745,AQ_0268,True,False,False,7,wet,77.36,39.1
HH_00984,27.710865,85.282186,AQ_0444,True,False,True,4,wet,64.24,19.57
HH_00985,27.744087,85.360943,AQ_0206,True,False,False,2,wet,103.53,60.23
HH_00986,27.729739,85.359361,AQ_0204,True,False,False,7,dry,58.11,27.81
HH_00987,27.710686,85.202847,AQ_0210,True,False,False,3,dry,55.19,15.52
HH_00988,27.788522,85.404496,AQ_0256,True,True,False,1,wet,109.62,34.93
HH_00989,27.717539,85.263045,AQ_0268,False,True,False,8,dry,61.26,48.1
HH_00990,27.695314,85.274016,AQ_0500,True,True,False,8,dry,52.06,18.77
HH_00991,27.702986,85.241343,AQ_0179,True,False,False,8,dry,103.85,56.75
HH_00992,27.68721,85.357509,AQ_0214,True,False,False,2,wet,83.99,46.57
HH_00993,27.668115,85.27529,AQ_0008,True,False,False,8,dry,70.83,22.1
HH_00994,27.715907,85.271665,AQ_0268,True,False,True,5,dry,121.01,39.1
HH_00995,27.673392,85.220974,AQ_0288,True,True,False,3,wet,54.84,39.87
HH_00996,27.774309,85.321248,AQ_0457,True,True,False,6,dry,87.82,15.48
HH_00997,27.661115,85.32941,AQ_0311,True,False,False,4,dry,91.74,19.05
HH_00998,27.622907,85.449248,AQ_0060,False,False,True,6,wet,39.74,48.21
HH_00999,27.685111,85.287058,AQ_0034,False,False,False,6,dry,23.8,78.13
HH_01000,27.766655,85.313568,AQ_0187,True,True,True,3,wet,107.92,18.37
HH_01001,27.743912,85.226863,AQ_0320,True,False,False,3,dry,80.53,16.45
HH_01002,27.642343,85.236322,AQ_0047,True,False,False,2,wet,93.92,34.82
HH_01003,27.663258,85.444018,AQ_0471,True,True,False,1,wet,74.04,24.67
HH_01004,27.606004,85.299307,AQ_0209,True,False,True,8,wet,46.95,18.82
HH_01005,27.714264,85.438281,AQ_0160,True,True,False,2,dry,96.05,24.73
HH_01006,27.709426,85.210196,AQ_0374,True,False,False,5,dry,73.26,7.38
HH_01007,27.663002,85.343887,AQ_0082,True,False,False,2,dry,59.13,22.39
HH_01008,27.640235,85.430625,AQ_0174,True,False,False,4,dry,59.5,23.81
HH_01009,27.770533,85.393721,AQ_0191,True,False,False,8,dry,73.82,27.42
HH_01010,27.692866,85.26335,AQ_0131,False,True,False,1,dry,27.38,48.06
HH_01011,27.701006,85.207624,AQ_0210,False,False,False,4,dry,29.66,36.73
HH_01012,27.70343,85.2925,AQ_0248,True,True,True,5,wet,110.63,12.8
HH_01013,27.748156,85.396047,AQ_0036,True,False,False,4,dry,86.17,15.5
HH_01014,27.640901,85.284492,AQ_0054,True,False,True,4,dry,88.76,23.81
HH_01015,27.693969,85.282698,AQ_0500,False,True,False,1,dry,58.0,27.77
HH_01016,27.627646,85.29976,AQ_0373,False,False,False,8,wet,57.42,92.18
HH_01017,27.795983,85.25647,AQ_0330,True,True,False,2,dry,50.61,31.62
HH_01018,27.614205,85.321969,AQ_0221,False,False,False,4,wet,69.83,24.02
HH_01019,27.740433,85.328305,AQ_0406,True,False,True,2,dry,64.99,28.6
HH_01020,27.61725,85.434141,AQ_0222,True,True,False,1,dry,84.37,21.23
HH_01021,27.675639,85.344101,AQ_0137,True,True,False,5,wet,67.23,25.15
HH_01022,27.743233,85.233855,AQ_0219,True,False,False,7,dry,91.1,17.23
HH_01023,27.658259,85.236178,AQ_0095,False,False,False,6,dry,28.34,58.17
HH_01024,27.743481,85.435825,AQ_0447,True,False,False,7,wet,92.73,51.23
HH_01025,27.705554,85.335007,AQ_0053,True,False,True,7,wet,40.38,16.54
HH_01026,27.695131,85.350702,AQ_0041,True,False,False,3,dry,64.02,77.27
HH_01027,27.797198,85.434441,AQ_0142,True,True,False,7,dry,109.58,86.44
HH_01028,27.779013,85.298238,AQ_0035,True,False,False,5,wet,71.47,69.37
HH_01029,27.792352,85.303947,AQ_0429,True,False,False,8,wet,111.5,30.02
HH_01030,27.790118,85.261154,AQ_0496,True,False,True,8,wet,95.18,31.9
HH_01031,27.749226,85.330204,AQ_0272,True,False,True,1,dry,87.78,26.89
HH_01032,27.710444,85.365243,AQ_0080,True,True,True,6,dry,58.8,60.18
HH_01033,27.66458,85.320318,AQ_0052,True,False,False,8,wet,52.45,54.15
HH_01034,27.639675,85.44041,AQ_0040,True,False,False,5,wet,114.0,23.15
HH_01035,27.702294,85.38348,AQ_0028,False,False,True,1,wet,44.6,91.07
HH_01036,27.681433,85.302299,AQ_0202,False,True,False,7,wet,58.26,23.73
HH_01037,27.708836,85.335867,AQ_0427,True,True,False,5,dry,51.82,20.39
HH_01038,27.699215,85.242276,AQ_0179,True,True,False,8,dry,71.84,56.75
HH_01039,27.625227,85.433161,AQ_0473,True,False,False,8,wet,112.79,14.06
HH_01040,27.680359,85.427245,AQ_0183,True,True,True,5,wet,101.57,38.67
HH_01041,27.727586,85.392292,AQ_0495,True,True,False,5,wet,88.08,25.02
HH_01042,27.764092,85.413487,AQ_0134,True,False,True,6,wet,77.69,17.55
HH_01043,27.634439,85.267741,AQ_0426,False,False,False,6,wet,25.05,38.56
HH_01044,27.771082,85.207971,AQ_0261,True,True,False,6,dry,55.21,9.6
HH_01045,27.61522,85.268479,AQ_0247,True,True,False,2,dry,60.83,18.9
HH_01046,27.759589,85.340782,AQ_0126,False,True,True,6,dry,59.49,18.35
HH_01047,27.601154,85.307331,AQ_0235,True,False,False,7,wet,61.3,16.77
HH_01048,27.735228,85.375524,AQ_0204,True,False,True,6,wet,75.54,27.81
HH_01049,27.744179,85.382118,AQ_0484,True,True,True,8,dry,79.86,16.08
HH_01050,27.618657,85.384695,AQ_0275,True,True,False,6,dry,79.22,13.55
HH_01051,27.791983,85.369637,AQ_0403,True,True,False,8,dry,83.4,28.94
HH_01052,27.688587,85.349823,AQ_0392,False,False,False,1,wet,41.5,34.67
HH_01053,27.695268,85.433212,AQ_0386,False,False,False,2,dry,36.03,60.41
HH_01054,27.73739,85.397977,AQ_0476,True,True,False,8,wet,63.75,14.16
HH_01055,27.716604,85.427229,AQ_0160,True,False,False,5,wet,73.5,24.73
HH_01056,27.665883,85.334217,AQ_0311,True,False,False,7,wet,78.67,19.05
HH_01057,27.782159,85.411639,AQ_0256,True,False,False,3,dry,87.71,34.93
HH_01058,27.653276,85.424863,AQ_0174,True,False,True,8,dry,115.67,23.81
HH_01059,27.785473,85.300653,AQ_0032,True,False,False,5,wet,74.83,20.03
HH_01060,27.747363,85.318986,AQ_0009,False,False,True,4,wet,97.37,30.54
HH_01061,27.624517,85.431984,AQ_0473,True,True,False,5,wet,113.73,14.06
HH_01062,27.673435,85.20472,AQ_0341,True,False,False,4,wet,73.4,44.36
HH_01063,27.620106,85.324055,AQ_0249,True,True,True,4,wet,58.25,24.38
HH_01064,27.739098,85.374659,AQ_0208,True,True,True,5,wet,105.0,15.81
HH_01065,27.740787,85.32313,AQ_0406,True,False,False,1,dry,71.6,28.6
HH_01066,27.690053,85.249845,AQ_0412,True,True,False,5,dry,87.53,24.79
HH_01067,27.661531,85.210584,AQ_0341,True,True,False,1,dry,48.14,45.48
HH_01068,27.660831,85.392704,AQ_0408,False,True,False,2,wet,94.08,32.54
HH_01069,27.665444,85.260549,AQ_0292,False,False,False,7,dry,42.69,36.48
HH_01070,27.625941,85.313438,AQ_0216,True,False,False,2,wet,68.07,28.29
HH_01071,27.701386,85.371847,AQ_0398,True,True,False,6,wet,102.99,17.51
HH_01072,27.60895,85.27411,AQ_0099,False,False,False,4,wet,47.4,25.06
HH_01073,27.656027,85.236504,AQ_0095,True,True,False,5,wet,59.84,36.18
HH_01074,27.704377,85.365926,AQ_0498,True,False,True,6,dry,51.9,35.34
HH_01075,27.67622,85.379868,AQ_0339,True,False,False,5,dry,49.47,56.36
HH_01076,27.708238,85.205929,AQ_0210,True,False,False,1,dry,54.4,15.52
HH_01077,27.615958,85.304492,AQ_0209,False,False,False,4,wet,41.32,31.2
HH_01078,27.617625,85.41158,AQ_0015,True,True,False,6,dry,75.16,19.95
HH_01079,27.74646,85.352737,AQ_0428,True,True,False,1,wet,72.72,28.93
HH_01080,27.6443,85.328006,AQ_0284,False,False,False,4,wet,58.23,100.0
HH_01081,27.709768,85.334582,AQ_0427,True,False,False,6,wet,92.38,20.39
HH_01082,27.780449,85.418929,AQ_0043,False,True,True,8,wet,81.8,24.95
HH_01083,27.760283,85.435857,AQ_0372,False,False,False,7,dry,32.34,38.29
HH_01084,27.699011,85.411634,AQ_0306,False,False,False,6,wet,33.04,48.01
HH_01085,27.701033,85.387009,AQ_0026,True,False,False,8,dry,64.58,99.07
HH_01086,27.746355,85.241184,AQ_0420,False,False,True,8,dry,61.18,42.84
HH_01087,27.670271,85.266217,AQ_0265,True,True,False,2,dry,95.84,16.48
HH_01088,27.673569,85.338816,AQ_0336,True,False,False,3,wet,60.91,29.92
HH_01089,27.619986,85.401254,AQ_0015,False,True,False,3,wet,109.0,28.95
HH_01090,27.745078,85.252415,AQ_0321,True,False,False,5,dry,49.14,20.27
HH_01091,27.776935,85.354056,AQ_0184,True,True,False,7,dry,48.99,18.18
HH_01092,27.78846,85.388767,AQ_0193,True,True,False,4,dry,66.84,28.91
HH_01093,27.641605,85.284428,AQ_0054,False,True,False,3,dry,82.73,32.81
HH_01094,27.753157,85.3103,AQ_0279,True,False,False,2,wet,98.86,16.07
HH_01095,27.743295,85.296623,AQ_0362,True,False,True,7,wet,91.24,22.25
HH_01096,27.795203,85.27765,AQ_0266,False,False,False,4,dry,19.48,81.05
HH_01097,27.692194,85.3685,AQ_0198,False,False,False,8,wet,58.08,36.38
HH_01098,27.752349,85.214574,AQ_0470,True,False,False,5,dry,74.62,7.59
HH_01099,27.799684,85.388101,AQ_0038,True,False,True,5,wet,87.49,29.13
HH_01100,27.771257,85.228096,AQ_0415,True,False,False,8,dry,88.22,29.5
HH_01101,27.669548,85.419105,AQ_0312,True,True,False,7,dry,81.57,52.41
HH_01102,27.63253,85.413586,AQ_0098,False,False,False,5,dry,42.16,53.62
HH_01103,27.737354,85.330021,AQ_0414,True,True,False,4,wet,74.1,27.04
HH_01104,27.638799,85.271213,AQ_0260,False,False,False,1,dry,52.29,49.08
HH_01105,27.701033,85.332833,AQ_0053,True,False,False,7,wet,91.35,10.76
HH_01106,27.716273,85.395196,AQ_0495,True,False,True,3,wet,91.9,25.02
HH_01107,27.638355,85.212516,AQ_0006,True,False,False,8,dry,86.69,31.64
HH_01108,27.68189,85.419078,AQ_0469,True,False,False,5,dry,52.95,21.81
HH_01109,27.659596,85.202968,AQ_0360,True,False,False,5,wet,93.43,46.54
HH_01110,27.675188,85.333718,AQ_0336,False,True,False,5,wet,45.7,41.5
HH_01111,27.77532,85.428121,AQ_0146,True,True,False,8,dry,67.03,17.43
HH_01112,27.709829,85.437278,AQ_0299,True,False,False,8,dry,41.3,22.84
HH_01113,27.799723,85.258852,AQ_0330,True,True,True,8,wet,64.58,31.62
HH_01114,27.601622,85.202313,AQ_0091,True,False,True,8,dry,97.82,49.84
HH_01115,27.692113,85.322084,AQ_0333,True,False,False,8,wet,90.27,43.25
HH_01116,27.660184,85.241784,AQ_0385,True,False,True,6,dry,40.2,15.37
HH_01117,27.681435,85.258068,AQ_0412,True,True,False,5,dry,46.7,26.76
HH_01118,27.701681,85.239345,AQ_0179,True,False,False,3,wet,83.25,56.75
HH_01119,27.734195,85.388484,AQ_0476,False,True,False,2,wet,78.37,23.16
HH_01120,27.614174,85.349546,AQ_0455,True,False,False,7,wet,60.23,56.51
HH_01121,27.652881,85.331906,AQ_0343,True,False,False,3,dry,86.53,20.68
HH_01122,27.709817,85.34575,AQ_0163,True,False,False,8,wet,80.66,65.85
HH_01123,27.680331,85.43727,AQ_0001,True,True,False,8,wet,65.41,17.25
HH_01124,27.768842,85.308099,AQ_0340,False,False,False,3,dry,48.72,39.87
HH_01125,27.765733,85.405722,AQ_0332,False,False,False,1,dry,44.03,51.22
HH_01126,27.658129,85.274373,AQ_0008,True,False,True,5,dry,55.45,22.1
HH_01127,27.65927,85.381392,AQ_0123,True,False,False,1,dry,57.22,22.41
HH_01128,27.620896,85.259379,AQ_0170,True,False,False,3,dry,81.68,18.81
HH_01129,27.67598,85.318977,AQ_0435,True,False,False,5,dry,54.6,29.07
HH_01130,27.663739,85.312136,AQ_0264,True,True,False,4,wet,103.63,48.69
HH_01131,27.725249,85.236593,AQ_0003,True,True,False,7,dry,78.12,48.89
HH_01132,27.651251,85.295049,AQ_0387,False,False,False,7,wet,35.59,44.41
HH_01133,27.774254,85.365787,AQ_0184,True,False,False,4,dry,95.2,17.58
HH_01134,27.603937,85.383911,AQ_0253,False,False,False,2,wet,23.34,46.34
HH_01135,27.697403,85.403296,AQ_0377,True,True,False,5,dry,72.48,18.16
HH_01136,27.672028,85.316259,AQ_0052,False,False,False,4,wet,53.4,63.15
HH_01137,27.737979,85.420999,AQ_0155,True,True,True,1,dry,65.52,19.16
HH_01138,27.621191,85.22806,AQ_0049,True,False,False,5,wet,92.45,12.63
HH_01139,27.658245,85.353546,AQ_0368,True,True,False,2,wet,80.45,45.26
HH_01140,27.608679,85.287119,AQ_0070,True,True,False,2,wet,34.45,44.75
HH_01141,27.635836,85.361768,AQ_0232,False,True,False,8,wet,71.57,38.44
HH_01142,27.685538,85.439005,AQ_0185,True,True,False,3,dry,14.11,31.93
HH_01143,27.642947,85.329166,AQ_0284,True,False,False,2,wet,87.96,100.0
HH_01144,27.785804,85.294492,AQ_0032,True,True,True,3,wet,113.05,20.03
HH_01145,27.692735,85.222131,AQ_0393,True,False,False,8,wet,49.37,25.94
HH_01146,27.632062,85.336133,AQ_0162,True,False,False,7,wet,95.76,16.46
HH_01147,27.706462,85.218968,AQ_0374,True,True,True,1,dry,88.63,7.38
HH_01148,27.637803,85.317359,AQ_0216,False,True,False,4,wet,109.59,37.29
HH_01149,27.744065,85.332359,AQ_0285,False,False,False,2,wet,15.66,53.29
HH_01150,27.722079,85.434777,AQ_0160,False,True,False,2,dry,54.82,33.73
HH_01151,27.734349,85.218686,AQ_0271,False,False,False,8,wet,54.66,31.65
HH_01152,27.618892,85.447219,AQ_0060,True,False,False,5,wet,78.03,33.05
HH_01153,27.789814,85.219569,AQ_0229,True,True,False,7,wet,76.28,51.6
HH_01154,27.768942,85.304596,AQ_0340,False,False,False,5,dry,43.95,42.73
HH_01155,27.688171,85.358561,AQ_0214,True,False,False,8,dry,49.5,46.87
HH_01156,27.66919,85.286992,AQ_0237,False,False,False,6,dry,41.02,40.16
HH_01157,27.693812,85.283534,AQ_0500,True,False,False,2,wet,79.34,18.77
HH_01158,27.79089,85.228919,AQ_0376,True,False,False,7,dry,62.69,19.79
HH_01159,27.789253,85.38334,AQ_0437,True,False,False,8,dry,97.03,18.66
HH_01160,27.765346,85.22673,AQ_0153,True,False,False,8,dry,95.69,41.58
HH_01161,27.700951,85.374273,AQ_0398,False,False,False,7,wet,57.76,26.51
HH_01162,27.614454,85.372675,AQ_0472,False,False,False,4,wet,44.63,26.84
HH_01163,27.706806,85.29479,AQ_0248,True,True,False,3,dry,92.77,12.8
HH_01164,27.778199,85.324044,AQ_0319,True,False,False,8,wet,49.49,24.83
HH_01165,27.764945,85.300539,AQ_0171,True,False,False,6,wet,77.19,14.02
HH_01166,27.667448,85.379484,AQ_0262,True,True,False,1,dry,62.55,17.74
HH_01167,27.748564,85.212713,AQ_0470,True,True,False,4,wet,65.5,7.59
HH_01168,27.709522,85.236129,AQ_0481,True,True,False,1,wet,62.09,12.37
HH_01169,27.626788,85.435947,AQ_0473,False,False,False,2,dry,29.08,35.62
HH_01170,27.681314,85.288905,AQ_0034,False,False,False,2,dry,42.6,66.85
HH_01171,27.758201,85.327553,AQ_0009,False,False,False,2,dry,41.11,35.88
HH_01172,27.679378,85.265731,AQ_0265,True,True,True,4,wet,68.21,16.48
HH_01173,27.6751,85.324439,AQ_0052,True,True,False,8,dry,50.16,54.15
HH_01174,27.6797,85.204793,AQ_0164,True,True,False,2,dry,58.72,43.22
HH_01175,27.7545,85.242736,AQ_0065,True,False,False,4,wet,82.49,51.0
HH_01176,27.754787,85.403457,AQ_0036,True,False,True,6,wet,72.6,15.5
HH_01177,27.698702,85.251342,AQ_0179,True,False,True,7,dry,88.02,56.75
HH_01178,27.649254,85.425852,AQ_0174,True,False,False,8,wet,101.15,23.81
HH_01179,27.620874,85.445672,AQ_0486,False,False,False,2,dry,41.69,62.63
HH_01180,27.78775,85.380578,AQ_0437,True,False,False,7,dry,86.54,18.66
HH_01181,27.638091,85.310539,AQ_0463,True,True,False,3,dry,68.86,15.25
HH_01182,27.748321,85.296611,AQ_0362,False,False,False,5,wet,29.84,43.34
HH_01183,27.666059,85.348839,AQ_0368,True,False,False,5,wet,58.3,45.26
HH_01184,27.739071,85.226431,AQ_0483,False,True,False,3,wet,72.73,26.99
HH_01185,27.732962,85.271545,AQ_0493,True,True,False,8,wet,79.12,15.13
HH_01186,27.604325,85.320898,AQ_0235,False,False,False,4,wet,34.89,34.84
HH_01187,27.700209,85.280416,AQ_0500,True,False,False,3,wet,73.59,18.77
HH_01188,27.734453,85.395599,AQ_0476,True,False,False,6,dry,54.82,14.16
HH_01189,27.70615,85.347459,AQ_0163,True,False,False,5,dry,60.42,65.85
HH_01190,27.632379,85.262324,AQ_0308,False,True,False,2,dry,55.7,30.89
HH_01191,27.644977,85.329862,AQ_0284,False,True,False,2,dry,83.65,100.0
HH_01192,27.639114,85.360419,AQ_0232,False,False,False,1,wet,41.37,43.62
HH_01193,27.763452,85.34006,AQ_0017,True,True,False,4,wet,62.79,26.42
HH_01194,27.607851,85.276361,AQ_0102,True,False,False,3,wet,62.24,19.36
HH_01195,27.748921,85.211879,AQ_0470,True,True,False,4,wet,94.24,7.59
HH_01196,27.75653,85.31383,AQ_0273,True,True,False,7,dry,54.56,20.36
HH_01197,27.739615,85.296988,AQ_0389,True,False,True,4,wet,73.28,22.89
HH_01198,27.715994,85.437013,AQ_0160,True,False,False,7,wet,57.58,24.73
HH_01199,27.61375,85.326849,AQ_0139,True,False,False,8,wet,82.01,28.3
HH_01200,27.604795,85.278256,AQ_0102,False,True,True,8,dry,34.78,37.49
HH_01201,27.763974,85.338485,AQ_0017,False,False,False,4,wet,13.52,57.31
HH_01202,27.659609,85.295775,AQ_0250,True,False,False,6,dry,64.68,24.25
HH_01203,27.767114,85.441803,AQ_0243,True,False,True,5,dry,35.05,30.32
HH_01204,27.76931,85.306726,AQ_0340,True,True,False,6,wet,56.38,30.1
HH_01205,27.710404,85.257735,AQ_0215,True,True,True,7,dry,75.95,20.27
HH_01206,27.761807,85.395183,AQ_0289,False,True,False,3,wet,113.44,41.66
HH_01207,27.643001,85.378909,AQ_0302,True,False,True,1,wet,68.54,17.55
HH_01208,27.634522,85.200658,AQ_0236,True,True,False,6,wet,102.34,15.18
HH_01209,27.690181,85.288108,AQ_0063,True,False,False,3,wet,53.38,28.76
HH_01210,27.771933,85.264439,AQ_0181,False,False,True,6,dry,76.22,30.2
HH_01211,27.645286,85.320179,AQ_0325,False,False,False,4,wet,17.5,61.95
HH_01212,27.654372,85.242426,AQ_0294,True,True,False,8,wet,79.88,13.63
HH_01213,27.743692,85.392522,AQ_0173,True,False,False,5,dry,104.36,26.35
HH_01214,27.747187,85.234569,AQ_0152,True,True,False,1,dry,66.31,21.22
HH_01215,27.793236,85.405258,AQ_0383,False,False,True,3,dry,61.91,28.31
HH_01216,27.625132,85.234595,AQ_0056,True,True,False,8,dry,62.49,12.49
HH_01217,27.749632,85.317414,AQ_0459,False,False,False,1,wet,50.56,36.03
HH_01218,27.720923,85.371592,AQ_0291,False,True,False,7,dry,86.56,23.62
HH_01219,27.603671,85.277944,AQ_0102,False,True,False,2,dry,51.63,28.36
HH_01220,27.737593,85.398114,AQ_0476,True,True,True,2,dry,87.97,14.16
HH_01221,27.661359,85.209009,AQ_0341,True,False,True,6,dry,68.48,44.36
HH_01222,27.621296,85.322964,AQ_0249,True,True,False,6,dry,81.83,24.38
HH_01223,27.753694,85.255412,AQ_0321,True,True,False,2,dry,55.7,19.75
HH_01224,27.798335,85.249351,AQ_0330,True,False,False,8,wet,63.77,31.62
HH_01225,27.715104,85.431316,AQ_0160,False,True,False,7,dry,82.39,33.73
HH_01226,27.752178,85.446507,AQ_0230,True,False,False,1,wet,55.42,24.34
HH_01227,27.636085,85.391506,AQ_0494,True,False,True,3,wet,59.66,22.81
HH_01228,27.684275,85.398459,AQ_0207,True,False,False,4,dry,62.9,21.79
HH_01229,27.69297,85.334381,AQ_0439,True,False,False,7,wet,49.07,27.55
HH_01230,27.678557,85.37391,AQ_0240,True,False,False,5,dry,95.84,18.7
HH_01231,27.787577,85.33559,AQ_0335,True,False,False,5,wet,75.41,14.11
HH_01232,27.642232,85.325533,AQ_0284,False,False,False,5,dry,38.02,100.0
HH_01233,27.604002,85.263214,AQ_0075,True,False,True,2,wet,73.11,19.82
HH_01234,27.652909,85.328508,AQ_0325,True,False,False,5,wet,80.25,33.45
HH_01235,27.71463,85.431438,AQ_0160,True,False,False,6,wet,58.89,24.73
HH_01236,27.78607,85.396221,AQ_0193,False,False,False,6,wet,66.99,37.91
HH_01237,27.640002,85.232711,AQ_0047,True,False,False,3,dry,83.55,34.82
HH_01238,27.757935,85.384701,AQ_0258,True,True,True,3,wet,117.68,11.49
HH_01239,27.725042,85.446596,AQ_0224,True,False,False,7,dry,53.97,17.15
HH_01240,27.765655,85.262963,AQ_0488,False,False,True,1,wet,81.74,29.01
HH_01241,27.75546,85.439277,AQ_0230,True,True,False,6,wet,95.94,24.34
HH_01242,27.692077,85.291102,AQ_0063,True,False,False,1,dry,101.4,28.76
HH_01243,27.670601,85.359093,AQ_0438,True,False,False,4,dry,86.5,11.47
HH_01244,27.639682,85.323497,AQ_0284,False,False,False,4,dry,51.31,100.0
HH_01245,27.758328,85.318926,AQ_0459,False,False,False,4,dry,56.78,36.03
HH_01246,27.732253,85.302336,AQ_0389,False,False,True,8,dry,75.74,31.89
HH_01247,27.779083,85.240642,AQ_0477,True,False,False,2,wet,96.42,13.98
HH_01248,27.762203,85.414747,AQ_0134,True,False,False,3,dry,55.59,17.55
HH_01249,27.798319,85.27351,AQ_0266,True,False,True,4,wet,67.26,53.74
HH_01250,27.681362,85.411993,AQ_0151,True,False,False,5,wet,86.96,19.25
HH_01251,27.673532,85.347774,AQ_0363,True,False,False,1,wet,124.37,15.64
HH_01252,27.794579,85.213934,AQ_0287,True,False,False,8,wet,81.15,41.62
HH_01253,27.714792,85.415757,AQ_0468,True,False,False,4,dry,57.18,28.2
HH_01254,27.712108,85.283018,AQ_0444,True,False,False,1,wet,79.27,19.57
HH_01255,27.630988,85.412259,AQ_0098,True,True,False,1,dry,85.55,39.91
HH_01256,27.761203,85.373243,AQ_0103,False,False,True,4,dry,72.68,27.71
HH_01257,27.601005,85.306956,AQ_0235,True,True,False,2,dry,62.11,16.77
HH_01258,27.703367,85.265841,AQ_0067,True,False,False,6,wet,63.29,24.03
HH_01259,27.641973,85.349775,AQ_0148,True,False,False,1,wet,108.41,17.71
HH_01260,27.710961,85.305719,AQ_0409,True,True,True,8,dry,57.2,15.21
HH_01261,27.71315,85.291363,AQ_0248,True,False,True,1,dry,84.98,12.8
HH_01262,27.760777,85.24601,AQ_0425,True,False,False,3,dry,77.75,18.46
HH_01263,27.659185,85.379262,AQ_0123,False,False,False,7,dry,49.18,31.9
HH_01264,27.620048,85.37944,AQ_0472,True,True,True,7,wet,98.62,14.62
HH_01265,27.735964,85.407731,AQ_0182,True,False,False,1,wet,59.68,12.09
HH_01266,27.711677,85.429337,AQ_0160,True,False,False,2,wet,72.65,24.73
HH_01267,27.678296,85.411238,AQ_0469,True,False,True,6,dry,54.0,21.81
HH_01268,27.787694,85.23063,AQ_0376,True,True,False,4,dry,111.48,19.79
HH_01269,27.642406,85.207385,AQ_0006,True,True,False,8,dry,41.74,36.59
HH_01270,27.773981,85.351235,AQ_0480,True,False,True,5,wet,70.0,17.71
HH_01271,27.722818,85.332978,AQ_0446,True,False,False,3,dry,69.88,27.51
HH_01272,27.799901,85.408807,AQ_0383,True,False,False,1,dry,56.29,19.31
HH_01273,27.778692,85.405807,AQ_0419,True,False,False,1,wet,75.61,11.05
HH_01274,27.600624,85.275878,AQ_0099,True,False,False,4,dry,66.24,14.5
HH_01275,27.621721,85.318198,AQ_0221,True,False,False,8,wet,95.68,15.02
HH_01276,27.749843,85.434646,AQ_0230,False,False,False,5,wet,45.56,36.0
HH_01277,27.61078,85.203045,AQ_0091,True,True,False,1,wet,54.72,49.84
HH_01278,27.6507,85.282722,AQ_0324,True,True,False,4,wet,99.36,12.15
HH_01279,27.653959,85.327859,AQ_0311,True,True,False,6,wet,91.79,19.05
HH_01280,27.734543,85.296783,AQ_0389,True,True,False,6,dry,20.9,40.35
HH_01281,27.650262,85.24155,AQ_0113,True,True,True,5,wet,105.47,28.33
HH_01282,27.751341,85.366726,AQ_0491,True,False,False,1,dry,57.73,37.87
HH_01283,27.646806,85.347022,AQ_0449,True,True,False,5,dry,61.13,14.72
HH_01284,27.709996,85.322948,AQ_0021,True,False,True,1,dry,120.85,20.3
HH_01285,27.713091,85.378876,AQ_0028,False,False,True,3,wet,85.94,87.83
HH_01286,27.627177,85.216657,AQ_0088,True,False,False,4,wet,70.7,17.65
HH_01287,27.795216,85.439248,AQ_0122,True,True,False,3,wet,78.22,32.26
HH_01288,27.637249,85.321336,AQ_0284,False,True,True,3,dry,59.6,100.0
HH_01289,27.766035,85.437653,AQ_0372,True,True,False,7,dry,46.52,20.78
HH_01290,27.720665,85.278,AQ_0267,False,False,False,5,dry,53.56,32.58
HH_01291,27.781965,85.4176,AQ_0043,True,True,False,3,wet,42.11,20.69
HH_01292,27.658678,85.208354,AQ_0341,True,True,False,2,dry,83.33,44.36
HH_01293,27.763164,85.312596,AQ_0187,True,False,False,6,wet,73.36,18.37
HH_01294,27.763748,85.231154,AQ_0451,True,True,False,8,wet,39.81,33.35
HH_01295,27.771531,85.424377,AQ_0286,True,False,False,1,dry,69.62,44.55
HH_01296,27.643428,85.29341,AQ_0474,True,True,False,7,dry,82.35,9.07
HH_01297,27.666582,85.244038,AQ_0385,True,False,False,6,wet,69.51,9.49
HH_01298,27.77314,85.208027,AQ_0261,True,True,True,8,wet,128.12,9.6
HH_01299,27.728774,85.390737,AQ_0476,True,True,False,6,wet,88.92,14.16
HH_01300,27.745807,85.431953,AQ_0452,True,False,False,8,wet,86.0,18.76
HH_01301,27.666531,85.325802,AQ_0300,True,True,False,5,dry,65.36,16.68
HH_01302,27.652042,85.244261,AQ_0294,True,True,False,2,wet,75.19,13.63
HH_01303,27.605704,85.427326,AQ_0106,False,True,True,1,dry,77.41,21.16
HH_01304,27.734447,85.201335,AQ_0031,True,False,False,5,dry,85.82,11.31
HH_01305,27.796974,85.419458,AQ_0043,False,False,False,5,dry,40.04,30.93
HH_01306,27.668957,85.423412,AQ_0369,False,True,False,7,wet,94.85,28.08
HH_01307,27.658303,85.340678,AQ_0082,False,False,True,3,wet,72.31,31.39
HH_01308,27.711627,85.391023,AQ_0026,True,False,False,4,wet,69.96,99.07
HH_01309,27.72387,85.258033,AQ_0045,False,False,False,6,dry,48.28,24.95
HH_01310,27.68197,85.331234,AQ_0282,True,False,False,8,wet,78.21,18.54
HH_01311,27.695426,85.311906,AQ_0231,False,True,True,3,wet,82.98,18.86
HH_01312,27.663343,85.26454,AQ_0292,False,True,False,6,wet,110.64,32.09
HH_01313,27.607549,85.345799,AQ_0345,True,False,False,5,wet,69.02,21.3
HH_01314,27.730766,85.370302,AQ_0204,True,False,True,3,dry,64.41,27.81
HH_01315,27.750431,85.325894,AQ_0411,False,False,False,7,wet,47.64,34.12
HH_01316,27.660744,85.445736,AQ_0471,True,True,False,4,wet,103.08,24.67
HH_01317,27.654827,85.250664,AQ_0294,True,False,False,5,dry,60.04,13.63
HH_01318,27.795699,85.347108,AQ_0177,True,False,True,8,dry,70.44,14.57
HH_01319,27.71139,85.363949,AQ_0080,True,True,False,5,dry,62.73,60.18
HH_01320,27.722462,85.379043,AQ_0495,True,False,True,1,wet,79.93,25.02
HH_01321,27.68335,85.389324,AQ_0010,True,True,False,7,wet,65.77,35.16
HH_01322,27.632283,85.292999,AQ_0254,True,True,False,8,dry,59.45,20.09
HH_01323,27.769402,85.406978,AQ_0076,True,False,False,4,wet,106.78,11.85
HH_01324,27.744163,85.260302,AQ_0321,True,False,False,5,dry,40.32,25.56
HH_01325,27.633628,85.443024,AQ_0473,True,False,False,1,dry,75.3,14.06
HH_01326,27.667551,85.375758,AQ_0123,True,False,False,4,wet,80.9,22.41
HH_01327,27.644521,85.2653,AQ_0307,False,False,False,1,dry,8.83,44.65
HH_01328,27.633524,85.26572,AQ_0308,True,False,False,5,wet,82.66,21.89
HH_01329,27.60715,85.376106,AQ_0280,True,False,True,4,dry,55.56,19.58
HH_01330,27.634339,85.225634,AQ_0295,False,False,False,3,dry,35.76,34.02
HH_01331,27.722519,85.223553,AQ_0375,True,False,False,3,wet,89.18,20.02
HH_01332,27.743706,85.218242,AQ_0101,False,False,False,2,dry,32.02,35.52
HH_01333,27.764225,85.323259,AQ_0187,False,False,False,2,wet,44.77,30.5
HH_01334,27.736367,85.448375,AQ_0224,True,True,False,6,wet,101.91,17.15
HH_01335,27.646467,85.355986,AQ_0356,True,True,False,8,dry,61.95,38.87
HH_01336,27.602894,85.229807,AQ_0029,True,False,False,7,wet,79.04,14.19
HH_01337,27.729818,85.341791,AQ_0355,False,False,False,1,wet,32.74,33.65
HH_01338,27.693861,85.431156,AQ_0386,True,False,False,8,wet,81.11,43.03
HH_01339,27.679518,85.356231,AQ_0030,True,True,False,8,dry,84.2,49.87
HH_01340,27.703856,85.414488,AQ_0315,True,True,True,1,dry,84.03,13.9
HH_01341,27.678276,85.422173,AQ_0469,True,True,False,3,dry,57.57,21.81
HH_01342,27.610624,85.398895,AQ_0051,True,True,False,8,wet,61.06,21.49
HH_01343,27.683411,85.257279,AQ_0412,True,False,False,4,wet,86.23,24.79
HH_01344,27.766783,85.338383,AQ_0458,True,False,False,2,wet,75.84,40.68
HH_01345,27.723222,85.318581,AQ_0445,True,False,False,1,wet,95.1,13.08
HH_01346,27.625123,85.304612,AQ_0373,False,False,False,4,dry,33.34,100.0
HH_01347,27.668912,85.324538,AQ_0052,True,False,False,6,dry,94.6,54.15
HH_01348,27.627984,85.328285,AQ_0109,True,True,False,2,dry,21.3,36.3
HH_01349,27.648484,85.246083,AQ_0294,False,True,False,6,wet,118.51,22.63
HH_01350,27.745519,85.369829,AQ_0491,True,True,False,7,wet,57.93,37.87
HH_01351,27.6941,85.296975,AQ_0063,True,True,False,3,dry,98.72,28.76
HH_01352,27.698959,85.412283,AQ_0306,True,True,False,8,dry,48.33,29.84
HH_01353,27.77494,85.24264,AQ_0195,True,False,False,6,dry,78.17,23.59
HH_01354,27.660245,85.204643,AQ_0360,True,True,False,8,dry,54.8,46.54
HH_01355,27.777729,85.256725,AQ_0181,False,False,False,3,wet,42.65,34.61
HH_01356,27.752531,85.250365,AQ_0257,False,False,False,7,dry,40.71,60.42
HH_01357,27.646839,85.330317,AQ_0284,True,False,False,6,wet,69.37,100.0
HH_01358,27.664292,85.239907,AQ_0385,True,True,False,8,wet,62.09,9.49
HH_01359,27.641037,85.397138,AQ_0314,True,False,False,1,dry,76.05,23.91
HH_01360,27.666243,85.229664,AQ_0361,True,False,True,4,wet,81.22,18.58
HH_01361,27.714077,85.426589,AQ_0468,False,False,True,6,wet,90.98,37.2
HH_01362,27.663011,85.33547,AQ_0311,True,True,False,1,dry,94.9,19.05
HH_01363,27.618249,85.369736,AQ_0472,False,False,False,6,dry,60.44,23.62
HH_01364,27.758081,85.248435,AQ_0257,True,False,False,7,wet,87.99,45.85
HH_01365,27.652351,85.328148,AQ_0325,False,True,False,6,dry,87.54,42.45
HH_01366,27.694752,85.399895,AQ_0377,True,True,False,4,dry,64.7,18.16
HH_01367,27.716124,85.393273,AQ_0495,True,True,False,8,dry,89.53,25.02
HH_01368,27.654914,85.336525,AQ_0343,True,False,False,1,dry,63.15,20.68
HH_01369,27.642801,85.318882,AQ_0325,False,True,True,4,dry,51.43,42.45
HH_01370,27.793397,85.240019,AQ_0301,True,False,False,3,dry,55.97,40.8
HH_01371,27.757465,85.446041,AQ_0331,True,True,False,5,wet,93.21,23.87
HH_01372,27.602353,85.346971,AQ_0345,False,True,False,8,dry,69.35,30.3
HH_01373,27.700279,85.418346,AQ_0192,False,True,False,8,wet,84.98,30.41
HH_01374,27.736022,85.36727,AQ_0204,True,False,False,3,wet,68.59,27.81
HH_01375,27.788467,85.405772,AQ_0256,True,True,False,5,dry,71.34,34.93
HH_01376,27.679591,85.277537,AQ_0223,True,True,False,5,wet,68.31,32.13
HH_01377,27.690267,85.296049,AQ_0063,True,False,False,6,dry,78.43,28.76
HH_01378,27.617727,85.430558,AQ_0175,False,True,False,1,dry,71.09,18.88
HH_01379,27.696047,85.355936,AQ_0041,False,False,False,7,wet,33.26,96.32
HH_01380,27.686084,85.30238,AQ_0202,False,False,False,8,wet,55.94,23.73
HH_01381,27.674946,85.431382,AQ_0263,True,False,False,1,dry,68.9,13.9
HH_01382,27.619731,85.354773,AQ_0059,True,False,True,7,wet,61.26,18.5
HH_01383,27.628738,85.330593,AQ_0109,False,False,False,8,wet,37.26,35.72
HH_01384,27.795654,85.418526,AQ_0043,True,False,False,4,dry,108.45,15.95
HH_01385,27.671814,85.211372,AQ_0288,True,False,False,1,dry,68.35,39.87
HH_01386,27.799583,85.264646,AQ_0330,True,False,False,5,dry,75.14,31.62
HH_01387,27.744841,85.427009,AQ_0401,True,False,False,1,dry,77.03,21.13
HH_01388,27.661896,85.444103,AQ_0471,False,False,False,7,dry,33.56,43.54
HH_01389,27.656252,85.438359,AQ_0212,True,True,False,7,wet,82.01,23.25
HH_01390,27.706422,85.319469,AQ_0217,True,False,False,7,wet,75.72,23.39
HH_01391,27.644699,85.376399,AQ_0391,False,False,False,2,dry,39.11,48.94
HH_01392,27.650649,85.438905,AQ_0133,True,False,False,3,wet,53.08,14.82
HH_01393,27.605726,85.249932,AQ_0326,False,False,False,5,dry,29.33,62.78
HH_01394,27.646546,85.322837,AQ_0325,False,False,True,2,wet,50.36,42.45
HH_01395,27.774493,85.378016,AQ_0407,True,False,False,3,dry,57.11,23.81
HH_01396,27.738798,85.241604,AQ_0420,True,False,True,3,dry,74.9,33.84
HH_01397,27.757273,85.262514,AQ_0321,True,False,True,1,dry,39.39,26.12
HH_01398,27.771763,85.231636,AQ_0451,False,True,False,7,wet,59.9,36.24
HH_01399,27.713129,85.235515,AQ_0481,True,False,False,3,dry,81.99,12.37
HH_01400,27.686922,85.322023,AQ_0333,True,True,False,6,dry,77.05,43.25
HH_01401,27.785485,85.330248,AQ_0319,True,False,False,2,dry,120.25,24.52
HH_01402,27.737846,85.226721,AQ_0483,True,False,True,1,dry,64.36,17.99
HH_01403,27.764222,85.308876,AQ_0213,True,False,False,5,wet,63.84,14.64
HH_01404,27.726756,85.420033,AQ_0033,True,True,False,6,wet,75.02,11.61
HH_01405,27.777551,85.439416,AQ_0154,False,False,False,7,wet,57.42,28.87
HH_01406,27.673251,85.350387,AQ_0363,True,False,False,2,dry,64.14,15.64
HH_01407,27.721263,85.291256,AQ_0248,True,False,False,3,dry,72.13,12.8
HH_01408,27.692957,85.449378,AQ_0014,True,False,False,4,wet,98.42,19.54
HH_01409,27.6987,85.2446,AQ_0179,True,False,False,7,dry,96.51,56.75
HH_01410,27.755372,85.397145,AQ_0036,True,False,False,6,dry,73.02,15.5
HH_01411,27.741605,85.263554,AQ_0019,True,False,False,6,wet,73.73,38.03
HH_01412,27.795121,85.417081,AQ_0043,True,False,False,2,wet,74.81,15.95
HH_01413,27.778647,85.421594,AQ_0286,True,False,False,2,wet,121.95,44.55
HH_01414,27.709073,85.212802,AQ_0374,True,True,True,1,dry,82.75,7.38
HH_01415,27.749101,85.326333,AQ_0411,True,True,False,8,dry,72.71,23.7
HH_01416,27.698362,85.242947,AQ_0179,False,False,False,4,dry,65.81,65.75
HH_01417,27.655743,85.239713,AQ_0113,True,False,False,2,dry,63.48,28.33
HH_01418,27.718118,85.352545,AQ_0069,True,False,True,6,wet,65.77,15.64
HH_01419,27.630795,85.398429,AQ_0226,False,True,False,8,dry,59.7,21.86
HH_01420,27.657733,85.434497,AQ_0172,True,False,False,8,dry,85.35,29.41
HH_01421,27.765134,85.374449,AQ_0485,False,True,False,2,wet,76.92,18.35
HH_01422,27.71186,85.246853,AQ_0380,True,False,False,7,wet,64.25,29.05
HH_01423,27.689645,85.350256,AQ_0392,False,True,True,2,dry,91.79,29.58
HH_01424,27.76809,85.280902,AQ_0077,True,False,False,2,wet,66.49,13.33
HH_01425,27.767731,85.225894,AQ_0153,True,True,False,1,wet,74.89,41.58
HH_01426,27.616585,85.360444,AQ_0244,True,False,False,7,wet,84.97,17.29
HH_01427,27.694387,85.426973,AQ_0386,False,False,False,3,dry,17.26,71.68
HH_01428,27.700147,85.313987,AQ_0409,True,True,False,6,dry,55.94,15.21
HH_01429,27.668886,85.373435,AQ_0123,False,True,False,8,dry,82.54,31.41
HH_01430,27.794571,85.266664,AQ_0266,True,True,False,1,wet,88.61,53.74
HH_01431,27.743219,85.298565,AQ_0389,True,False,True,8,dry,67.09,22.89
HH_01432,27.798755,85.382226,AQ_0397,True,False,False,6,dry,108.18,18.27
HH_01433,27.790498,85.408742,AQ_0383,False,True,False,4,dry,42.56,32.77
HH_01434,27.674064,85.205059,AQ_0341,False,False,False,7,wet,35.96,61.79
HH_01435,27.704799,85.326264,AQ_0217,False,False,False,1,wet,46.83,34.3
HH_01436,27.782291,85.240428,AQ_0477,True,False,False,7,wet,80.48,13.98
HH_01437,27.673777,85.305989,AQ_0421,True,False,False,4,wet,103.41,17.06
HH_01438,27.704808,85.343025,AQ_0163,True,True,False,1,wet,69.06,65.85
HH_01439,27.770603,85.401482,AQ_0303,True,True,True,8,wet,88.08,6.63
HH_01440,27.687087,85.273662,AQ_0500,False,True,False,4,dry,59.5,27.77
HH_01441,27.610004,85.321812,AQ_0259,True,False,True,3,wet,54.28,27.53
HH_01442,27.738934,85.392371,AQ_0476,False,False,False,1,dry,25.9,37.63
HH_01443,27.648958,85.212362,AQ_0121,True,False,False,2,wet,83.43,31.79
HH_01444,27.664369,85.261619,AQ_0292,True,False,False,7,dry,82.57,23.09
HH_01445,27.601801,85.258868,AQ_0200,True,True,False,3,wet,86.22,34.12
HH_01446,27.633309,85.332157,AQ_0162,False,False,False,2,wet,24.93,40.5
HH_01447,27.718023,85.27451,AQ_0150,False,False,False,8,wet,55.41,23.75
HH_01448,27.686347,85.31325,AQ_0353,True,True,True,4,dry,60.65,23.87
HH_01449,27.702577,85.378258,AQ_0028,True,False,False,2,dry,61.06,78.83
HH_01450,27.711211,85.281744,AQ_0444,True,False,False,5,dry,65.45,19.57
HH_01451,27.688498,85.361737,AQ_0400,True,True,False,3,wet,127.67,8.71
HH_01452,27.70884,85.384949,AQ_0028,False,True,False,8,dry,69.9,87.83
HH_01453,27.741187,85.333547,AQ_0285,True,False,False,2,dry,86.09,23.69
HH_01454,27.686454,85.303191,AQ_0202,False,False,True,3,dry,78.75,23.73
HH_01455,27.752849,85.345638,AQ_0126,True,False,True,3,dry,74.31,9.35
HH_01456,27.685568,85.282658,AQ_0500,True,True,False,1,dry,61.36,18.77
HH_01457,27.618064,85.340664,AQ_0025,False,False,False,3,wet,25.53,35.48
HH_01458,27.722498,85.384488,AQ_0495,False,False,False,1,wet,39.23,40.48
HH_01459,27.753456,85.426343,AQ_0401,True,False,False,6,wet,91.02,21.13
HH_01460,27.773086,85.274125,AQ_0274,True,False,False,1,dry,70.02,16.37
HH_01461,27.631857,85.308847,AQ_0463,True,True,False,4,dry,97.98,15.25
HH_01462,27.716677,85.387497,AQ_0495,True,True,False,3,wet,42.6,29.46
HH_01463,27.701978,85.226206,AQ_0178,True,True,False,3,wet,71.42,21.22
HH_01464,27.794259,85.229465,AQ_0057,True,False,False,3,dry,86.54,24.58
HH_01465,27.79165,85.222753,AQ_0229,True,False,False,4,wet,95.76,51.6
HH_01466,27.686814,85.432131,AQ_0183,True,False,False,3,wet,89.23,38.67
HH_01467,27.71806,85.357502,AQ_0478,False,True,False,7,dry,63.41,25.92
HH_01468,27.670853,85.426488,AQ_0369,False,True,False,2,wet,96.22,28.08
HH_01469,27.780193,85.444121,AQ_0154,True,False,False,6,wet,73.23,19.87
HH_01470,27.79816,85.31807,AQ_0371,True,False,False,2,wet,104.29,7.94
HH_01471,27.710767,85.332444,AQ_0427,False,True,False,2,dry,62.52,29.39
HH_01472,27.77913,85.400669,AQ_0419,True,False,False,8,dry,68.02,11.05
HH_01473,27.627905,85.394192,AQ_0226,True,False,False,5,dry,49.21,13.33
HH_01474,27.650804,85.414932,AQ_0405,False,True,False,7,dry,103.57,28.71
HH_01475,27.740038,85.336935,AQ_0285,True,False,False,7,wet,64.24,23.69
HH_01476,27.694784,85.248425,AQ_0179,True,True,False,3,dry,75.8,56.75
HH_01477,27.641677,85.365326,AQ_0232,True,False,False,6,dry,68.63,29.44
HH_01478,27.64155,85.362187,AQ_0232,True,False,False,8,wet,96.0,29.44
HH_01479,27.774237,85.38708,AQ_0323,False,False,False,7,dry,37.46,57.53
HH_01480,27.750375,85.235016,AQ_0152,True,False,False,7,wet,101.79,21.22
HH_01481,27.669655,85.297387,AQ_0413,False,False,True,4,dry,86.06,26.76
HH_01482,27.774859,85.233631,AQ_0451,True,True,False,8,dry,72.37,27.24
HH_01483,27.634558,85.28941,AQ_0165,False,False,False,3,wet,52.41,16.14
HH_01484,27.780555,85.440573,AQ_0154,True,False,False,2,wet,49.84,19.97
HH_01485,27.730721,85.40954,AQ_0182,True,True,False,1,wet,50.84,12.09
HH_01486,27.704938,85.338771,AQ_0053,False,False,False,1,wet,41.89,24.63
HH_01487,27.748492,85.254971,AQ_0321,False,False,False,4,dry,16.89,48.62
HH_01488,27.791888,85.310986,AQ_0429,True,False,False,1,wet,52.57,30.02
HH_01489,27.751019,85.387703,AQ_0173,True,True,False,6,dry,80.91,26.35
HH_01490,27.778861,85.318799,AQ_0460,False,False,False,5,wet,15.79,48.23
HH_01491,27.789024,85.253615,AQ_0330,True,True,True,7,dry,79.98,31.62
HH_01492,27.76539,85.411107,AQ_0332,False,False,False,1,wet,42.73,51.99
HH_01493,27.713828,85.295591,AQ_0248,False,False,True,1,wet,77.79,21.8
HH_01494,27.707764,85.311529,AQ_0409,True,True,True,3,wet,94.15,15.21
HH_01495,27.712964,85.317626,AQ_0021,True,True,False,2,dry,110.15,20.3
HH_01496,27.627838,85.200847,AQ_0236,True,False,True,5,dry,48.15,16.29
HH_01497,27.649058,85.376147,AQ_0391,True,True,False,3,wet,67.21,33.4
HH_01498,27.636302,85.203495,AQ_0006,True,False,False,3,dry,60.9,31.64
HH_01499,27.754361,85.418759,AQ_0401,True,False,False,4,dry,50.37,21.13
HH_01500,27.657056,85.318982,AQ_0479,True,True,False,6,dry,79.92,25.21
HH_01501,27.790869,85.261838,AQ_0496,True,True,False,5,dry,64.19,31.9
HH_01502,27.659569,85.313979,AQ_0264,True,False,False,3,wet,113.21,48.69
HH_01503,27.614241,85.399672,AQ_0051,False,False,False,7,dry,47.0,32.29
HH_01504,27.61367,85.438775,AQ_0222,True,True,True,3,wet,61.45,21.23
HH_01505,27.638603,85.420686,AQ_0270,True,False,False,6,wet,115.23,10.68
HH_01506,27.674142,85.246092,AQ_0158,False,False,False,5,wet,37.43,50.67
HH_01507,27.688615,85.241437,AQ_0328,True,False,False,3,dry,103.86,21.82
HH_01508,27.707616,85.365546,AQ_0498,True,False,False,4,wet,104.97,35.34
HH_01509,27.623236,85.338755,AQ_0025,True,False,False,3,dry,76.85,11.8
HH_01510,27.752414,85.443129,AQ_0230,False,False,False,4,dry,34.24,42.8
HH_01511,27.607511,85.271283,AQ_0099,True,True,False,3,wet,95.57,14.5
HH_01512,27.646218,85.327251,AQ_0284,True,True,False,7,wet,57.55,100.0
HH_01513,27.777564,85.373439,AQ_0196,True,False,False,4,wet,47.57,8.31
HH_01514,27.691147,85.24426,AQ_0328,True,True,False,1,wet,53.2,21.82
HH_01515,27.7268,85.291038,AQ_0083,True,True,False,7,dry,79.85,21.34
HH_01516,27.722103,85.291051,AQ_0248,True,True,True,1,wet,91.98,12.8
HH_01517,27.641986,85.394038,AQ_0084,True,False,False,2,wet,49.16,26.9
HH_01518,27.639035,85.24135,AQ_0062,True,False,False,5,dry,70.63,30.02
HH_01519,27.755432,85.257247,AQ_0321,True,True,False,3,wet,27.99,32.96
HH_01520,27.715922,85.419289,AQ_0468,True,False,False,6,dry,97.74,28.2
HH_01521,27.773549,85.312769,AQ_0457,True,True,False,2,dry,71.24,15.48
HH_01522,27.721239,85.339441,AQ_0446,True,False,True,4,dry,66.99,27.51
HH_01523,27.730267,85.238519,AQ_0245,False,False,True,6,wet,58.27,25.89
HH_01524,27.750105,85.284772,AQ_0233,False,False,False,3,dry,42.77,30.95
HH_01525,27.741979,85.211966,AQ_0101,True,False,False,6,wet,112.62,15.74
HH_01526,27.645374,85.398822,AQ_0084,True,False,False,2,wet,65.34,26.4
HH_01527,27.726156,85.34689,AQ_0159,True,False,False,1,dry,67.27,15.02
HH_01528,27.71947,85.318116,AQ_0021,True,False,True,1,dry,32.51,30.79
HH_01529,27.739663,85.308424,AQ_0431,False,False,False,7,wet,30.91,32.86
HH_01530,27.601161,85.275239,AQ_0099,True,False,False,3,wet,67.38,14.5
HH_01531,27.749784,85.398541,AQ_0036,False,True,False,7,wet,97.04,24.5
HH_01532,27.741353,85.380608,AQ_0484,True,True,False,1,wet,80.1,16.08
HH_01533,27.617009,85.254998,AQ_0170,True,False,False,4,wet,102.98,18.81
HH_01534,27.667787,85.404833,AQ_0467,False,False,True,1,dry,60.78,20.52
HH_01535,27.62614,85.243343,AQ_0424,True,False,False,5,dry,54.03,48.88
HH_01536,27.669741,85.390912,AQ_0466,True,False,False,4,dry,40.76,16.9
HH_01537,27.61939,85.287804,AQ_0228,True,True,False,6,wet,74.87,38.82
HH_01538,27.67448,85.394098,AQ_0466,True,False,False,3,wet,69.88,11.36
HH_01539,27.719185,85.361091,AQ_0291,False,True,False,1,wet,70.51,23.62
HH_01540,27.766642,85.376405,AQ_0485,True,False,True,1,dry,77.76,9.35
HH_01541,27.715468,85.422434,AQ_0468,False,False,False,5,dry,23.12,53.33
HH_01542,27.685949,85.323511,AQ_0333,False,True,False,7,dry,83.54,52.25
HH_01543,27.611044,85.438659,AQ_0222,True,False,False,3,wet,87.81,21.23
HH_01544,27.701246,85.206408,AQ_0210,True,True,True,3,dry,58.79,15.52
HH_01545,27.784949,85.412959,AQ_0043,True,False,True,5,dry,44.03,19.53
HH_01546,27.624325,85.290848,AQ_0228,True,False,False,4,dry,74.5,38.82
HH_01547,27.651086,85.326673,AQ_0325,True,False,False,7,dry,73.36,33.45
HH_01548,27.777986,85.36272,AQ_0184,False,True,False,1,dry,80.47,26.58
HH_01549,27.695049,85.413652,AQ_0306,True,True,False,1,dry,91.72,28.84
HH_01550,27.658315,85.232203,AQ_0095,True,True,True,1,dry,70.47,36.18
HH_01551,27.771063,85.346854,AQ_0480,False,True,False,6,dry,72.03,26.71
HH_01552,27.674993,85.356465,AQ_0438,True,False,False,8,dry,59.87,11.47
HH_01553,27.758718,85.270148,AQ_0027,True,False,False,5,dry,103.8,30.5
HH_01554,27.626886,85.403517,AQ_0094,True,True,False,2,wet,89.61,89.58
HH_01555,27.721222,85.437384,AQ_0160,True,False,True,7,wet,64.91,24.73
HH_01556,27.7013,85.221453,AQ_0096,True,False,False,7,dry,66.44,9.58
HH_01557,27.793905,85.209671,AQ_0255,True,False,False,5,wet,83.24,38.46
HH_01558,27.673724,85.216461,AQ_0288,True,True,False,2,dry,101.42,39.87
HH_01559,27.724433,85.346305,AQ_0159,True,True,False,3,wet,89.49,15.02
HH_01560,27.660822,85.312431,AQ_0264,True,False,False,5,wet,74.93,48.69
HH_01561,27.708752,85.225058,AQ_0489,False,True,False,6,wet,76.38,23.86
HH_01562,27.616156,85.296823,AQ_0278,False,False,True,1,dry,83.22,32.94
HH_01563,27.720041,85.328413,AQ_0021,False,True,True,8,wet,73.65,29.3
HH_01564,27.656908,85.404808,AQ_0242,False,True,False,5,dry,74.5,24.25
HH_01565,27.615979,85.413871,AQ_0015,True,False,True,7,wet,105.46,19.95
HH_01566,27.630577,85.216542,AQ_0088,True,False,False,7,wet,48.42,18.6
HH_01567,27.643188,85.231963,AQ_0047,True,False,False,7,wet,83.02,34.82
HH_01568,27.717752,85.397467,AQ_0394,True,False,False,4,wet,40.57,29.34
HH_01569,27.731248,85.35219,AQ_0355,True,False,False,4,dry,58.67,14.29
HH_01570,27.682904,85.410542,AQ_0347,True,True,False,1,wet,30.11,43.31
HH_01571,27.646,85.20143,AQ_0194,True,False,False,1,wet,57.34,15.24
HH_01572,27.778023,85.414762,AQ_0043,True,False,False,3,wet,91.53,15.95
HH_01573,27.615345,85.226597,AQ_0039,True,False,False,7,dry,116.34,34.54
HH_01574,27.654982,85.379199,AQ_0391,True,True,False,2,dry,70.04,33.4
HH_01575,27.718983,85.281206,AQ_0083,True,True,False,6,dry,81.83,21.34
HH_01576,27.684058,85.344269,AQ_0392,False,False,True,3,dry,63.62,29.58
HH_01577,27.77459,85.415906,AQ_0286,True,True,False,1,wet,55.4,44.55
HH_01578,27.755029,85.30827,AQ_0450,True,True,False,5,wet,69.14,21.41
HH_01579,27.638408,85.426106,AQ_0270,True,True,False,1,wet,80.98,10.68
HH_01580,27.732335,85.27776,AQ_0296,True,True,False,3,dry,68.53,17.07
HH_01581,27.664002,85.284873,AQ_0008,True,False,False,8,wet,71.99,22.1
HH_01582,27.785823,85.25563,AQ_0073,False,False,False,7,dry,38.2,59.35
HH_01583,27.799935,85.242881,AQ_0138,True,True,False,3,dry,59.04,11.15
HH_01584,27.616169,85.418733,AQ_0112,True,True,False,2,wet,94.14,72.84
HH_01585,27.77175,85.300893,AQ_0171,True,False,False,7,dry,81.09,14.02
HH_01586,27.770591,85.278764,AQ_0274,True,True,False,5,dry,104.25,16.37
HH_01587,27.704734,85.321343,AQ_0217,True,True,False,6,dry,86.29,23.39
HH_01588,27.633176,85.237377,AQ_0120,True,True,True,4,dry,66.67,28.28
HH_01589,27.715382,85.364374,AQ_0329,False,True,False,1,dry,64.02,36.82
HH_01590,27.789313,85.261654,AQ_0496,True,False,False,8,dry,49.7,32.08
HH_01591,27.733672,85.385037,AQ_0484,True,True,False,6,wet,94.13,16.08
HH_01592,27.747331,85.314481,AQ_0279,False,False,False,7,wet,38.74,31.82
HH_01593,27.713867,85.373153,AQ_0028,False,False,True,7,dry,89.46,87.83
HH_01594,27.671378,85.274971,AQ_0223,True,False,True,7,wet,84.72,32.13
HH_01595,27.642768,85.209446,AQ_0006,True,False,False,3,wet,102.92,31.64
HH_01596,27.722929,85.412305,AQ_0048,True,False,False,4,dry,94.93,19.04
HH_01597,27.696053,85.417603,AQ_0192,False,False,False,3,wet,49.32,30.82
HH_01598,27.739731,85.264294,AQ_0019,True,True,False,7,dry,68.32,38.03
HH_01599,27.712817,85.333258,AQ_0427,False,False,False,4,dry,39.56,35.65
HH_01600,27.662957,85.213087,AQ_0341,False,False,False,2,dry,21.85,70.25
HH_01601,27.789731,85.360373,AQ_0453,True,False,False,2,wet,87.26,37.75
HH_01602,27.671397,85.328172,AQ_0300,True,True,False,3,dry,85.99,16.68
HH_01603,27.735149,85.440063,AQ_0447,True,True,True,3,wet,91.01,51.23
HH_01604,27.784816,85.367604,AQ_0196,True,False,False,8,dry,65.49,6.86
HH_01605,27.786253,85.29947,AQ_0032,False,False,False,6,wet,41.05,34.4
HH_01606,27.608401,85.426718,AQ_0106,True,False,False,3,wet,83.13,12.16
HH_01607,27.696895,85.315082,AQ_0333,True,False,False,6,dry,51.46,43.25
HH_01608,27.693833,85.407782,AQ_0306,True,False,False,1,dry,75.89,28.84
HH_01609,27.603096,85.268229,AQ_0099,False,True,False,1,dry,87.27,23.5
HH_01610,27.789038,85.352126,AQ_0177,False,True,True,7,dry,83.67,23.57
HH_01611,27.650925,85.431037,AQ_0174,True,False,False,6,wet,87.82,23.81
HH_01612,27.739128,85.431079,AQ_0447,True,False,False,2,dry,98.04,51.23
HH_01613,27.742479,85.292094,AQ_0362,True,True,False,7,wet,51.86,22.25
HH_01614,27.633368,85.205771,AQ_0006,True,True,False,8,dry,41.29,36.86
HH_01615,27.626676,85.363655,AQ_0290,False,False,False,1,dry,50.7,27.14
HH_01616,27.787429,85.24176,AQ_0301,False,True,False,1,wet,46.33,52.01
HH_01617,27.743529,85.388745,AQ_0173,True,False,False,8,dry,74.12,26.35
HH_01618,27.70647,85.266917,AQ_0067,True,False,False,7,wet,38.01,31.23
HH_01619,27.782319,85.292066,AQ_0378,True,True,True,5,wet,78.64,27.0
HH_01620,27.706222,85.302055,AQ_0409,True,False,False,7,dry,69.21,15.21
HH_01621,27.654769,85.232831,AQ_0095,True,True,False,2,wet,58.6,36.18
HH_01622,27.723608,85.37961,AQ_0495,True,False,True,6,wet,49.19,25.51
HH_01623,27.678406,85.426232,AQ_0183,True,False,False,7,wet,45.24,41.53
HH_01624,27.729335,85.438201,AQ_0224,False,False,False,4,dry,64.38,26.15
HH_01625,27.75891,85.210003,AQ_0007,False,False,True,6,dry,65.54,46.47
HH_01626,27.662904,85.375047,AQ_0123,True,False,True,6,dry,35.2,31.29
HH_01627,27.765254,85.382836,AQ_0485,False,False,False,1,wet,45.01,21.34
HH_01628,27.672436,85.383531,AQ_0262,False,False,False,2,dry,42.34,31.34
HH_01629,27.620815,85.397333,AQ_0275,True,False,False,3,wet,43.21,17.63
HH_01630,27.731155,85.360405,AQ_0204,True,True,True,1,wet,85.73,27.81
HH_01631,27.641897,85.207599,AQ_0006,False,True,False,2,wet,117.15,40.64
HH_01632,27.775321,85.432054,AQ_0146,True,False,False,6,wet,44.53,20.71
HH_01633,27.705761,85.388451,AQ_0026,True,False,True,3,wet,112.01,99.07
HH_01634,27.64096,85.292766,AQ_0474,True,True,False,7,wet,72.1,9.07
HH_01635,27.726846,85.204539,AQ_0031,True,False,False,5,dry,85.97,11.31
HH_01636,27.679828,85.311986,AQ_0353,False,False,True,1,wet,90.29,32.87
HH_01637,27.770256,85.393914,AQ_0191,True,False,False,2,wet,60.26,27.42
HH_01638,27.735776,85.3408,AQ_0023,True,False,False,7,dry,50.62,43.41
HH_01639,27.632446,85.277482,AQ_0260,True,False,False,4,wet,85.98,40.08
HH_01640,27.797195,85.391753,AQ_0038,False,True,False,8,wet,92.71,38.13
HH_01641,27.788395,85.254047,AQ_0330,False,False,False,7,dry,31.08,51.97
HH_01642,27.669352,85.415601,AQ_0312,False,False,False,5,wet,70.38,61.41
HH_01643,27.770854,85.205575,AQ_0261,True,False,False,4,dry,43.34,13.6
HH_01644,27.683132,85.40801,AQ_0151,False,False,True,3,wet,106.39,28.25
HH_01645,27.661968,85.435762,AQ_0172,False,False,False,6,wet,47.81,39.73
HH_01646,27.734421,85.263049,AQ_0313,True,False,False,7,dry,53.55,15.82
HH_01647,27.66495,85.4087,AQ_0310,True,True,True,7,dry,58.52,59.57
HH_01648,27.706791,85.21542,AQ_0374,False,True,False,7,wet,102.95,16.38
HH_01649,27.641749,85.321455,AQ_0284,True,False,True,3,dry,75.46,100.0
HH_01650,27.738693,85.4351,AQ_0447,True,False,False,5,dry,73.7,51.23
HH_01651,27.710903,85.350055,AQ_0163,False,True,True,7,dry,72.7,74.85
HH_01652,27.606157,85.380951,AQ_0280,True,False,True,2,wet,82.6,19.58
HH_01653,27.781094,85.398895,AQ_0018,True,False,False,6,dry,103.75,21.95
HH_01654,27.798038,85.222666,AQ_0229,True,False,False,4,wet,97.26,51.6
HH_01655,27.733449,85.270849,AQ_0493,False,False,False,3,dry,52.78,24.13
HH_01656,27.630691,85.251687,AQ_0424,True,False,True,8,dry,101.12,48.88
HH_01657,27.724326,85.232057,AQ_0448,True,True,False,2,dry,85.19,26.89
HH_01658,27.665418,85.322015,AQ_0052,True,True,False,7,dry,62.76,54.15
HH_01659,27.788228,85.256787,AQ_0330,True,True,True,2,dry,99.17,31.62
HH_01660,27.751068,85.425413,AQ_0401,True,True,False,8,dry,43.83,24.83
HH_01661,27.783095,85.39416,AQ_0018,True,True,True,1,dry,53.79,21.95
HH_01662,27.742078,85.365283,AQ_0206,False,False,False,1,dry,31.57,80.28
HH_01663,27.608794,85.409148,AQ_0443,True,True,True,1,dry,64.42,11.32
HH_01664,27.733587,85.307355,AQ_0431,True,False,False,6,dry,43.91,16.05
HH_01665,27.688258,85.216407,AQ_0393,False,True,True,2,dry,97.49,34.56
HH_01666,27.783035,85.303374,AQ_0116,True,False,False,6,wet,69.46,55.75
HH_01667,27.684717,85.375657,AQ_0337,True,False,False,7,dry,97.06,9.95
HH_01668,27.721939,85.227647,AQ_0201,True,True,False,5,wet,74.37,29.16
HH_01669,27.725547,85.246687,AQ_0366,True,False,False,3,dry,128.69,17.93
HH_01670,27.775241,85.315624,AQ_0457,False,False,False,7,wet,56.58,24.48
HH_01671,27.655888,85.257742,AQ_0292,False,False,False,7,dry,34.96,41.12
HH_01672,27.685174,85.246793,AQ_0338,True,True,False,2,wet,81.76,19.3
HH_01673,27.754661,85.318593,AQ_0459,True,True,False,7,wet,54.13,27.03
HH_01674,27.770443,85.338443,AQ_0046,True,False,False,6,wet,52.28,11.3
HH_01675,27.743574,85.42426,AQ_0401,True,True,False,3,wet,74.23,21.13
HH_01676,27.79049,85.206219,AQ_0130,True,True,False,3,wet,93.52,21.3
HH_01677,27.675367,85.42395,AQ_0369,True,True,True,6,dry,54.92,19.08
HH_01678,27.660524,85.353078,AQ_0368,True,False,False,2,wet,61.16,45.26
HH_01679,27.687667,85.381684,AQ_0010,True,True,False,5,dry,77.57,35.16
HH_01680,27.640893,85.43317,AQ_0040,True,False,False,7,wet,94.03,23.15
HH_01681,27.652899,85.237474,AQ_0113,False,True,True,8,wet,82.64,37.33
HH_01682,27.622752,85.234694,AQ_0056,True,True,True,8,dry,56.63,12.49
HH_01683,27.660006,85.270413,AQ_0292,True,False,False,1,wet,104.18,23.09
HH_01684,27.75227,85.265621,AQ_0135,True,False,False,1,wet,87.96,17.15
HH_01685,27.649062,85.441448,AQ_0117,True,False,False,1,wet,65.24,12.4
HH_01686,27.741424,85.346917,AQ_0023,True,True,True,7,wet,40.99,48.82
HH_01687,27.663588,85.338458,AQ_0343,True,False,False,6,wet,79.53,20.68
HH_01688,27.626367,85.366086,AQ_0290,True,True,False,8,wet,74.51,18.14
HH_01689,27.64281,85.308213,AQ_0433,False,False,True,6,dry,75.99,47.65
HH_01690,27.623211,85.205777,AQ_0236,True,True,True,2,wet,52.34,15.18
HH_01691,27.610226,85.438565,AQ_0222,False,False,False,2,dry,41.91,35.09
HH_01692,27.613585,85.22704,AQ_0039,False,False,False,1,dry,25.87,58.02
HH_01693,27.701775,85.316218,AQ_0409,True,False,True,5,dry,80.89,15.21
HH_01694,27.690992,85.289045,AQ_0063,True,False,False,7,wet,107.06,28.76
HH_01695,27.789418,85.350727,AQ_0177,True,False,False,2,dry,45.67,17.17
HH_01696,27.60934,85.436297,AQ_0222,True,True,False,7,wet,88.63,21.23
HH_01697,27.662747,85.310647,AQ_0264,True,False,False,8,wet,64.99,48.69
HH_01698,27.713164,85.278164,AQ_0444,False,True,False,4,dry,81.26,28.57
HH_01699,27.635647,85.414796,AQ_0270,True,True,True,4,dry,42.57,15.14
HH_01700,27.633977,85.295766,AQ_0254,True,True,False,4,dry,44.01,23.68
HH_01701,27.774323,85.290782,AQ_0475,True,False,False,8,dry,67.09,21.02
HH_01702,27.772535,85.29819,AQ_0171,True,False,False,6,wet,73.99,14.02
HH_01703,27.600875,85.268468,AQ_0099,False,False,False,2,dry,53.46,23.5
HH_01704,27.626678,85.227635,AQ_0088,True,True,False,4,wet,88.44,17.65
HH_01705,27.784419,85.387787,AQ_0193,True,True,True,5,dry,97.7,28.91
HH_01706,27.685771,85.389614,AQ_0010,True,False,False,4,dry,80.57,35.16
HH_01707,27.674361,85.261024,AQ_0239,False,True,True,8,wet,68.74,55.89
HH_01708,27.796275,85.287371,AQ_0166,True,False,True,7,dry,100.88,24.96
HH_01709,27.784345,85.433241,AQ_0154,True,False,False,1,wet,94.73,19.87
HH_01710,27.686615,85.429381,AQ_0183,True,True,False,7,dry,60.53,38.67
HH_01711,27.690025,85.386076,AQ_0010,True,False,False,8,wet,49.22,35.62
HH_01712,27.63987,85.306358,AQ_0387,True,True,False,2,dry,68.64,26.76
HH_01713,27.751099,85.351268,AQ_0037,True,False,False,4,dry,51.8,29.76
HH_01714,27.696287,85.211099,AQ_0210,True,True,False,7,wet,99.45,15.52
HH_01715,27.763506,85.447473,AQ_0331,True,True,False,5,wet,77.4,23.87
HH_01716,27.633959,85.363132,AQ_0290,True,False,False,5,wet,79.51,18.14
HH_01717,27.722416,85.396966,AQ_0394,False,True,False,8,wet,96.71,32.68
HH_01718,27.737597,85.280704,AQ_0296,False,False,True,2,dry,57.96,26.07
HH_01719,27.709098,85.236818,AQ_0481,True,False,True,1,wet,100.38,12.37
HH_01720,27.684238,85.409892,AQ_0347,True,True,False,2,dry,69.72,31.37
HH_01721,27.718051,85.247969,AQ_0380,True,False,False,8,dry,75.57,29.05
HH_01722,27.679728,85.229908,AQ_0359,True,True,True,1,wet,133.76,71.92
HH_01723,27.683342,85.218191,AQ_0288,False,False,True,3,dry,68.71,48.87
HH_01724,27.661076,85.431386,AQ_0172,True,False,False,8,wet,62.55,29.41
HH_01725,27.675141,85.389465,AQ_0466,False,True,False,6,wet,117.23,20.36
HH_01726,27.652023,85.435476,AQ_0133,True,True,False,8,dry,76.97,14.82
HH_01727,27.706018,85.407831,AQ_0011,True,False,False,3,wet,64.39,16.49
HH_01728,27.734742,85.20194,AQ_0031,False,False,True,8,dry,67.26,20.31
HH_01729,27.695059,85.2482,AQ_0179,True,False,False,6,dry,75.1,56.75
HH_01730,27.692881,85.404375,AQ_0377,False,True,False,2,wet,80.91,27.16
HH_01731,27.701557,85.32396,AQ_0217,False,False,False,8,dry,26.68,46.39
HH_01732,27.709002,85.255974,AQ_0215,True,False,False,7,wet,99.37,20.27
HH_01733,27.688783,85.321053,AQ_0333,False,True,True,6,dry,66.91,52.25
HH_01734,27.772355,85.24357,AQ_0195,True,False,False,6,wet,79.0,23.59
HH_01735,27.724376,85.206243,AQ_0031,True,True,False,3,wet,83.4,11.31
HH_01736,27.620139,85.305923,AQ_0141,True,False,False,3,wet,79.3,43.52
HH_01737,27.66143,85.426272,AQ_0172,True,True,False,8,dry,65.45,29.41
HH_01738,27.616238,85.356785,AQ_0244,True,False,True,8,wet,90.25,17.29
HH_01739,27.667274,85.368021,AQ_0298,True,True,False,1,wet,59.37,29.85
HH_01740,27.771518,85.214648,AQ_0348,True,False,False,3,dry,84.03,20.07
HH_01741,27.643096,85.44964,AQ_0114,False,True,False,7,dry,103.52,35.42
HH_01742,27.636533,85.352467,AQ_0148,True,True,False,4,wet,68.45,17.71
HH_01743,27.745221,85.278619,AQ_0233,True,False,True,5,wet,87.32,17.61
HH_01744,27.677825,85.339411,AQ_0336,True,True,False,6,dry,92.94,29.92
HH_01745,27.715352,85.241384,AQ_0390,True,True,True,4,wet,46.06,16.26
HH_01746,27.680181,85.390278,AQ_0339,True,True,False,8,dry,53.02,56.04
HH_01747,27.696508,85.435079,AQ_0386,True,False,False,3,wet,66.4,43.03
HH_01748,27.757391,85.336506,AQ_0100,True,False,False,6,wet,46.72,30.91
HH_01749,27.709406,85.213335,AQ_0374,True,False,False,8,dry,44.64,10.59
HH_01750,27.799867,85.277089,AQ_0297,False,True,False,2,dry,59.9,20.36
HH_01751,27.776899,85.369058,AQ_0196,True,True,False,6,dry,82.01,6.86
HH_01752,27.768107,85.420842,AQ_0286,True,False,False,1,wet,39.37,50.93
HH_01753,27.632079,85.284893,AQ_0165,True,False,False,8,dry,66.44,7.14
HH_01754,27.719648,85.413705,AQ_0048,True,True,False,2,wet,77.78,19.04
HH_01755,27.676315,85.385009,AQ_0339,True,False,False,6,dry,46.49,58.15
HH_01756,27.628212,85.377331,AQ_0499,True,False,False,1,dry,98.19,25.53
HH_01757,27.770913,85.371464,AQ_0485,True,False,False,3,dry,74.15,9.35
HH_01758,27.751296,85.227645,AQ_0320,False,False,True,5,dry,58.88,25.45
HH_01759,27.767668,85.338877,AQ_0458,False,False,False,2,dry,32.28,60.31
HH_01760,27.770288,85.426564,AQ_0161,True,False,False,4,dry,54.65,41.08
HH_01761,27.701274,85.348526,AQ_0163,True,True,False,7,dry,87.02,65.85
HH_01762,27.624302,85.402517,AQ_0094,False,True,False,3,dry,81.39,98.58
HH_01763,27.696255,85.312656,AQ_0231,False,False,False,8,dry,40.44,24.6
HH_01764,27.78901,85.337051,AQ_0335,True,False,True,4,dry,23.06,30.28
HH_01765,27.790636,85.245073,AQ_0301,True,False,False,8,wet,96.67,40.8
HH_01766,27.735826,85.351731,AQ_0355,True,True,False,6,wet,91.96,14.29
HH_01767,27.712963,85.415233,AQ_0468,True,False,True,7,wet,77.31,28.2
HH_01768,27.769718,85.303517,AQ_0340,True,True,True,7,dry,74.06,30.1
HH_01769,27.650739,85.417442,AQ_0405,True,True,False,8,dry,95.83,19.71
HH_01770,27.652681,85.200982,AQ_0194,False,True,True,8,wet,74.16,24.24
HH_01771,27.699092,85.225057,AQ_0096,True,True,False,4,wet,63.52,9.58
HH_01772,27.688729,85.221758,AQ_0393,False,False,False,3,dry,48.64,35.38
HH_01773,27.657332,85.395373,AQ_0408,True,False,False,3,wet,88.22,23.54
HH_01774,27.783485,85.369959,AQ_0196,False,False,False,2,wet,25.4,30.62
HH_01775,27.762204,85.227243,AQ_0309,True,False,False,5,dry,79.99,23.12
HH_01776,27.743021,85.359888,AQ_0206,True,False,False,7,dry,66.95,60.23
HH_01777,27.732753,85.30355,AQ_0389,True,False,True,2,dry,66.54,22.89
HH_01778,27.779952,85.28404,AQ_0357,True,False,False,4,dry,107.9,17.28
HH_01779,27.658864,85.418199,AQ_0097,True,False,False,7,wet,81.45,36.42
HH_01780,27.626147,85.253768,AQ_0424,False,True,False,1,dry,97.92,57.88
HH_01781,27.731246,85.29626,AQ_0389,True,True,False,1,dry,63.35,22.89
HH_01782,27.757737,85.28786,AQ_0077,True,False,False,4,dry,93.6,13.33
HH_01783,27.63342,85.208348,AQ_0006,True,False,False,4,dry,86.52,31.64
HH_01784,27.647797,85.251628,AQ_0294,True,False,False,2,dry,67.89,13.63
HH_01785,27.793964,85.206251,AQ_0130,True,False,False,3,dry,60.02,21.3
HH_01786,27.607498,85.429451,AQ_0106,True,False,False,2,wet,101.3,12.16
HH_01787,27.627928,85.337945,AQ_0349,True,False,False,8,dry,67.46,18.85
HH_01788,27.609984,85.228889,AQ_0039,False,False,False,6,wet,38.03,50.72
HH_01789,27.614273,85.39014,AQ_0275,True,False,True,2,wet,37.22,21.22
HH_01790,27.683674,85.432237,AQ_0183,True,True,True,2,dry,68.46,38.67
HH_01791,27.78215,85.378919,AQ_0407,False,True,True,4,dry,65.83,32.81
HH_01792,27.676222,85.353428,AQ_0438,True,True,False,5,wet,94.62,11.47
HH_01793,27.724725,85.320425,AQ_0445,True,True,False,3,wet,83.41,13.08
HH_01794,27.764225,85.308745,AQ_0213,True,False,False,5,wet,79.3,14.64
HH_01795,27.745458,85.26739,AQ_0135,True,False,False,8,wet,74.46,17.15
HH_01796,27.680595,85.204134,AQ_0164,True,True,False,4,wet,65.0,43.22
HH_01797,27.762958,85.289798,AQ_0077,False,True,False,6,dry,58.64,22.33
HH_01798,27.634999,85.422423,AQ_0098,True,True,False,1,wet,82.8,39.91
HH_01799,27.721738,85.437571,AQ_0160,False,False,False,2,wet,51.58,33.73
HH_01800,27.799722,85.35741,AQ_0453,False,True,True,1,wet,71.33,46.75
HH_01801,27.759028,85.395436,AQ_0289,True,False,False,5,dry,89.43,32.66
HH_01802,27.766611,85.372028,AQ_0485,True,True,False,4,wet,42.29,13.98
HH_01803,27.604233,85.284176,AQ_0102,True,False,False,1,wet,71.77,19.36
HH_01804,27.781098,85.209223,AQ_0261,False,False,False,7,dry,28.6,31.43
HH_01805,27.64396,85.277392,AQ_0054,True,True,False,6,wet,93.32,23.81
HH_01806,27.643654,85.24106,AQ_0062,True,False,True,4,dry,113.07,30.02
HH_01807,27.64736,85.325632,AQ_0284,True,True,False,1,dry,59.48,100.0
HH_01808,27.745853,85.282211,AQ_0233,False,True,True,1,dry,70.97,26.61
HH_01809,27.730698,85.269899,AQ_0493,True,True,False,4,wet,109.37,15.13
HH_01810,27.785602,85.265282,AQ_0496,True,True,False,2,dry,78.87,31.9
HH_01811,27.666971,85.316067,AQ_0052,True,False,False,6,dry,54.37,54.15
HH_01812,27.669116,85.237096,AQ_0361,True,True,False,5,dry,71.8,18.58
HH_01813,27.727208,85.437374,AQ_0160,True,True,False,2,dry,91.05,24.73
HH_01814,27.623492,85.372391,AQ_0290,True,False,False,8,wet,85.88,18.14
HH_01815,27.681769,85.251537,AQ_0412,True,False,False,4,wet,65.46,24.79
HH_01816,27.739081,85.263186,AQ_0019,False,True,False,3,dry,69.0,47.03
HH_01817,27.662281,85.23027,AQ_0361,False,False,False,8,dry,35.73,36.14
HH_01818,27.714429,85.342358,AQ_0168,True,False,False,7,wet,102.46,16.32
HH_01819,27.682099,85.248132,AQ_0465,False,True,False,7,wet,68.73,31.11
HH_01820,27.620775,85.377536,AQ_0472,True,True,False,4,dry,78.67,14.62
HH_01821,27.641767,85.276693,AQ_0054,True,False,False,5,dry,24.23,39.28
HH_01822,27.741716,85.355858,AQ_0206,True,True,True,6,wet,54.04,60.23
HH_01823,27.728879,85.378514,AQ_0204,False,False,False,6,wet,24.82,51.92
HH_01824,27.6876,85.276866,AQ_0500,False,False,False,1,dry,20.05,45.74
HH_01825,27.796988,85.403513,AQ_0383,True,False,False,5,wet,81.74,19.31
HH_01826,27.771599,85.384188,AQ_0085,True,False,False,5,dry,53.86,34.78
HH_01827,27.643122,85.299825,AQ_0387,False,False,False,4,dry,54.64,35.76
HH_01828,27.767824,85.42743,AQ_0161,False,True,False,5,dry,72.63,50.08
HH_01829,27.701849,85.373569,AQ_0398,False,False,False,7,dry,38.19,33.59
HH_01830,27.649738,85.307929,AQ_0433,True,True,False,1,dry,54.64,38.65
HH_01831,27.72681,85.264246,AQ_0281,True,False,False,3,wet,74.35,15.72
HH_01832,27.644244,85.446699,AQ_0114,True,False,False,6,wet,71.55,26.42
HH_01833,27.661201,85.231855,AQ_0361,True,False,False,2,wet,102.66,18.58
HH_01834,27.735612,85.274021,AQ_0296,False,False,False,8,dry,37.95,33.3
HH_01835,27.712323,85.378714,AQ_0028,True,False,False,8,dry,88.04,78.83
HH_01836,27.774162,85.417526,AQ_0286,True,True,False,1,dry,93.97,44.55
HH_01837,27.715787,85.307464,AQ_0410,True,True,False,8,wet,101.98,28.3
HH_01838,27.60113,85.447999,AQ_0002,True,False,True,5,wet,89.78,15.67
HH_01839,27.636579,85.317562,AQ_0216,True,False,False,1,dry,66.03,28.29
HH_01840,27.695359,85.233146,AQ_0071,True,True,False,2,dry,80.07,33.17
HH_01841,27.679015,85.244284,AQ_0465,True,False,False,7,dry,47.65,23.52
HH_01842,27.798634,85.448703,AQ_0122,True,False,True,6,wet,50.84,32.26
HH_01843,27.622957,85.381492,AQ_0275,True,False,False,8,wet,70.28,13.55
HH_01844,27.703109,85.342426,AQ_0163,True,True,True,3,dry,60.6,65.85
HH_01845,27.644319,85.389156,AQ_0432,True,True,False,6,dry,81.09,22.27
HH_01846,27.731345,85.309088,AQ_0431,True,False,False,3,wet,75.45,12.4
HH_01847,27.757982,85.404479,AQ_0024,False,False,False,4,wet,25.42,60.32
HH_01848,27.787191,85.241185,AQ_0301,True,True,False,1,wet,54.6,40.8
HH_01849,27.60843,85.313514,AQ_0235,True,False,False,4,wet,92.25,16.77
HH_01850,27.783906,85.3333,AQ_0319,False,True,False,6,dry,84.23,33.52
HH_01851,27.620013,85.347172,AQ_0025,True,False,True,4,wet,76.03,11.8
HH_01852,27.634531,85.203073,AQ_0006,False,False,False,6,dry,37.83,47.94
HH_01853,27.718731,85.421684,AQ_0468,False,False,False,8,wet,31.43,48.34
HH_01854,27.794705,85.271984,AQ_0266,True,False,False,4,wet,99.32,53.74
HH_01855,27.777861,85.420187,AQ_0286,True,False,False,5,wet,87.62,44.55
HH_01856,27.624001,85.332993,AQ_0234,True,True,False,3,wet,110.91,17.22
HH_01857,27.671359,85.398054,AQ_0430,True,False,False,8,dry,77.32,36.58
HH_01858,27.602966,85.402276,AQ_0464,True,False,False,8,dry,75.34,15.45
HH_01859,27.787692,85.397325,AQ_0419,True,True,False,3,dry,72.82,11.05
HH_01860,27.725935,85.446728,AQ_0224,True,False,False,7,wet,76.6,17.15
HH_01861,27.679609,85.282977,AQ_0223,True,False,False,5,dry,92.2,32.13
HH_01862,27.787355,85.400781,AQ_0256,True,False,False,2,dry,79.72,34.93
HH_01863,27.685335,85.358729,AQ_0400,True,False,False,7,wet,79.39,8.71
HH_01864,27.643337,85.242431,AQ_0062,False,False,False,3,dry,51.7,39.02
HH_01865,27.600032,85.379559,AQ_0280,False,False,False,2,dry,32.04,39.36
HH_01866,27.659575,85.340095,AQ_0082,False,False,False,8,wet,33.32,41.4
HH_01867,27.679591,85.368668,AQ_0240,True,True,False,5,dry,33.89,28.37
HH_01868,27.659163,85.216757,AQ_0145,True,False,True,7,wet,79.8,18.8
HH_01869,27.779144,85.372955,AQ_0196,True,True,True,3,dry,102.36,6.86
HH_01870,27.751266,85.394991,AQ_0036,False,False,False,4,wet,29.65,36.72
HH_01871,27.695575,85.307471,AQ_0231,True,False,False,2,wet,54.26,9.86
HH_01872,27.783921,85.428733,AQ_0154,True,True,False,8,dry,80.06,19.87
HH_01873,27.797837,85.418514,AQ_0043,False,True,False,2,dry,78.08,24.95
HH_01874,27.646188,85.224609,AQ_0128,True,True,False,3,dry,78.44,19.29
HH_01875,27.795884,85.274006,AQ_0266,True,True,False,4,dry,71.49,53.74
HH_01876,27.647743,85.37246,AQ_0351,True,False,False,5,wet,71.98,19.76
HH_01877,27.713113,85.219371,AQ_0042,False,False,False,5,dry,31.03,56.85
HH_01878,27.637121,85.398056,AQ_0314,False,False,True,7,wet,57.82,32.91
HH_01879,27.683214,85.223358,AQ_0055,True,False,False,2,wet,62.14,40.6
HH_01880,27.625787,85.259902,AQ_0308,False,False,False,2,wet,39.49,37.2
HH_01881,27.771906,85.431153,AQ_0146,True,True,False,2,wet,69.87,17.43
HH_01882,27.654489,85.337289,AQ_0082,False,True,True,6,dry,89.92,31.39
HH_01883,27.744371,85.448343,AQ_0230,False,False,False,1,dry,47.92,34.59
HH_01884,27.76927,85.369616,AQ_0276,True,False,False,4,dry,81.3,11.56
HH_01885,27.790803,85.327751,AQ_0462,True,True,False,8,wet,70.71,11.62
HH_01886,27.639243,85.33703,AQ_0162,True,False,True,4,dry,87.26,16.46
HH_01887,27.690603,85.41944,AQ_0192,True,False,False,3,dry,67.17,21.41
HH_01888,27.75036,85.223747,AQ_0320,True,True,False,4,wet,71.15,16.45
HH_01889,27.664153,85.296789,AQ_0413,True,False,True,5,dry,52.84,17.76
HH_01890,27.772121,85.311886,AQ_0457,False,False,False,7,wet,45.73,27.04
HH_01891,27.783404,85.316967,AQ_0460,True,True,False,5,wet,66.14,18.7
HH_01892,27.600749,85.333039,AQ_0012,False,True,False,2,dry,64.17,27.43
HH_01893,27.621431,85.297932,AQ_0278,True,True,True,7,dry,43.46,27.86
HH_01894,27.635045,85.39368,AQ_0226,False,False,False,8,wet,49.47,22.18
HH_01895,27.789358,85.22511,AQ_0229,True,True,False,4,wet,87.58,51.6
HH_01896,27.663389,85.363577,AQ_0298,True,False,False,6,wet,76.67,29.85
HH_01897,27.616007,85.260582,AQ_0238,True,False,False,1,wet,83.22,22.37
HH_01898,27.785594,85.307188,AQ_0022,True,True,False,1,wet,110.74,37.71
HH_01899,27.773962,85.312239,AQ_0457,True,True,False,4,dry,85.55,15.48
HH_01900,27.769522,85.25267,AQ_0181,False,False,False,1,dry,31.5,41.3
HH_01901,27.724858,85.218171,AQ_0225,False,True,False,6,dry,65.6,43.22
HH_01902,27.614163,85.300055,AQ_0209,True,False,False,4,dry,78.63,16.99
HH_01903,27.715384,85.413729,AQ_0468,False,True,False,5,dry,71.04,37.2
HH_01904,27.612089,85.387279,AQ_0211,False,True,False,4,dry,79.56,32.09
HH_01905,27.713035,85.311973,AQ_0454,True,True,False,2,wet,80.49,19.58
HH_01906,27.667736,85.389253,AQ_0262,False,True,False,1,dry,36.66,34.75
HH_01907,27.708779,85.419212,AQ_0468,True,False,True,2,wet,48.59,29.05
HH_01908,27.770218,85.339305,AQ_0046,True,True,False,5,dry,76.7,11.3
HH_01909,27.641368,85.355877,AQ_0148,True,False,False,7,dry,90.04,17.71
HH_01910,27.69066,85.38161,AQ_0010,True,False,False,3,dry,64.55,35.16
HH_01911,27.619107,85.299006,AQ_0278,False,False,True,5,wet,70.03,32.94
HH_01912,27.665963,85.362591,AQ_0298,True,False,False,8,dry,58.27,29.85
HH_01913,27.751399,85.387382,AQ_0399,True,False,False,7,wet,107.55,45.38
HH_01914,27.687416,85.23097,AQ_0055,True,True,False,5,wet,80.88,40.6
HH_01915,27.712888,85.438075,AQ_0160,True,False,False,7,dry,78.6,24.73
HH_01916,27.729361,85.432641,AQ_0447,False,False,False,2,wet,60.48,60.23
HH_01917,27.685669,85.282849,AQ_0500,True,False,False,4,wet,71.91,18.77
HH_01918,27.683016,85.237274,AQ_0359,True,False,False,6,dry,36.41,80.07
HH_01919,27.791564,85.301078,AQ_0032,False,False,True,3,dry,68.3,29.03
HH_01920,27.709574,85.20599,AQ_0210,False,False,False,3,wet,43.72,28.29
HH_01921,27.752844,85.345228,AQ_0126,True,False,False,4,dry,62.74,9.35
HH_01922,27.642208,85.218583,AQ_0128,False,True,False,6,dry,74.6,28.29
HH_01923,27.657783,85.35686,AQ_0190,True,False,False,1,wet,119.96,10.45
HH_01924,27.70985,85.268257,AQ_0067,True,False,False,8,wet,103.58,24.03
HH_01925,27.648901,85.234265,AQ_0188,False,True,False,8,dry,78.31,47.21
HH_01926,27.637302,85.244302,AQ_0157,False,False,True,3,dry,90.91,24.45
HH_01927,27.774607,85.385683,AQ_0323,True,False,True,8,dry,53.87,41.01
HH_01928,27.652395,85.444863,AQ_0104,True,False,True,8,dry,103.03,12.25
HH_01929,27.759448,85.275445,AQ_0274,False,False,False,5,dry,42.1,30.11
HH_01930,27.659416,85.306638,AQ_0264,True,True,False,5,wet,92.13,48.69
HH_01931,27.637191,85.227763,AQ_0218,True,True,False,3,wet,60.84,24.32
HH_01932,27.764012,85.448902,AQ_0331,True,True,False,6,wet,98.36,23.87
HH_01933,27.615324,85.318259,AQ_0221,True,True,False,3,dry,82.53,15.02
HH_01934,27.751999,85.287249,AQ_0233,True,False,True,7,dry,83.01,17.61
HH_01935,27.690771,85.348742,AQ_0392,True,True,False,5,dry,68.69,20.58
HH_01936,27.797815,85.367566,AQ_0140,True,True,False,2,dry,78.07,15.88
HH_01937,27.692702,85.353348,AQ_0041,True,False,True,4,wet,61.21,77.27
HH_01938,27.622711,85.228513,AQ_0049,True,False,False,7,wet,61.07,12.63
HH_01939,27.669534,85.390714,AQ_0466,True,False,False,4,dry,56.7,11.36
HH_01940,27.770447,85.350342,AQ_0480,True,True,False,3,wet,84.62,17.71
HH_01941,27.792171,85.367546,AQ_0403,True,True,False,7,wet,77.89,28.94
HH_01942,27.7297,85.207066,AQ_0031,True,False,False,8,dry,48.52,12.2
HH_01943,27.602982,85.232351,AQ_0029,True,False,False,2,dry,64.01,14.19
HH_01944,27.697488,85.234507,AQ_0179,True,False,True,2,dry,43.84,60.44
HH_01945,27.734678,85.349035,AQ_0355,True,False,False,8,wet,76.32,14.29
HH_01946,27.630795,85.294205,AQ_0254,True,False,False,7,wet,65.66,20.09
HH_01947,27.725637,85.336809,AQ_0446,False,False,False,6,dry,26.65,50.52
HH_01948,27.722806,85.415214,AQ_0048,False,False,False,5,dry,19.91,46.09
HH_01949,27.750643,85.33835,AQ_0100,False,False,False,5,dry,17.55,57.4
HH_01950,27.775883,85.209811,AQ_0261,True,False,False,1,wet,52.11,9.6
HH_01951,27.797597,85.366094,AQ_0140,False,False,False,7,dry,33.82,34.59
HH_01952,27.721106,85.321195,AQ_0021,True,False,False,4,wet,81.27,20.3
HH_01953,27.621156,85.269481,AQ_0247,True,False,False,4,wet,82.49,18.9
HH_01954,27.682683,85.218171,AQ_0288,True,True,False,6,dry,89.48,39.87
HH_01955,27.742824,85.375713,AQ_0208,False,False,False,1,wet,43.26,28.85
HH_01956,27.686757,85.348318,AQ_0392,True,True,False,1,wet,128.37,20.58
HH_01957,27.646679,85.435315,AQ_0040,True,True,False,1,wet,46.16,25.46
HH_01958,27.689936,85.401421,AQ_0207,False,False,False,8,dry,46.74,32.74
HH_01959,27.632323,85.273209,AQ_0426,True,True,False,3,dry,50.98,14.58
HH_01960,27.7585,85.232613,AQ_0309,False,True,False,2,dry,92.45,32.12
HH_01961,27.752537,85.217088,AQ_0470,True,False,False,5,dry,39.14,14.11
HH_01962,27.646519,85.354221,AQ_0449,True,False,False,6,dry,90.04,14.72
HH_01963,27.7018,85.447899,AQ_0014,False,False,False,1,wet,33.25,38.59
HH_01964,27.736496,85.225394,AQ_0271,True,False,True,4,dry,19.75,40.81
HH_01965,27.66567,85.218818,AQ_0145,False,True,False,5,dry,98.94,27.8
HH_01966,27.697099,85.283869,AQ_0500,True,False,False,1,wet,78.45,18.77
HH_01967,27.616471,85.337574,AQ_0205,True,True,False,2,wet,94.69,100.0
HH_01968,27.795438,85.227829,AQ_0057,True,False,True,2,dry,45.68,27.17
HH_01969,27.642425,85.318274,AQ_0325,True,False,True,3,dry,66.68,33.45
HH_01970,27.798408,85.225708,AQ_0057,True,True,True,4,wet,94.16,24.58
HH_01971,27.610595,85.413901,AQ_0443,False,False,False,4,dry,33.82,30.03
HH_01972,27.794015,85.366965,AQ_0140,True,True,False,5,dry,68.04,15.88
HH_01973,27.755711,85.394035,AQ_0399,True,False,False,5,dry,97.59,45.38
HH_01974,27.719162,85.278637,AQ_0267,True,True,False,5,dry,75.02,23.58
HH_01975,27.712222,85.333377,AQ_0427,True,False,False,8,dry,98.13,20.39
HH_01976,27.619953,85.394208,AQ_0275,True,False,False,4,wet,70.19,13.55
HH_01977,27.674283,85.209848,AQ_0288,True,False,False,4,wet,105.71,39.87
HH_01978,27.62385,85.431009,AQ_0473,True,False,False,5,dry,43.39,18.02
HH_01979,27.615534,85.432502,AQ_0222,True,True,False,5,dry,53.95,21.23
HH_01980,27.67815,85.385202,AQ_0339,False,False,False,8,dry,52.46,65.04
HH_01981,27.720294,85.367911,AQ_0291,True,True,False,1,wet,74.64,14.62
HH_01982,27.797973,85.253481,AQ_0330,False,False,False,1,dry,4.5,67.92
HH_01983,27.683571,85.272956,AQ_0223,True,True,False,2,dry,85.68,32.13
HH_01984,27.658489,85.220348,AQ_0145,False,True,False,3,dry,85.74,27.8
HH_01985,27.602287,85.306863,AQ_0235,True,False,False,7,wet,83.27,16.77
HH_01986,27.69396,85.264105,AQ_0131,True,True,False,6,wet,79.4,25.49
HH_01987,27.778246,85.322767,AQ_0144,True,True,False,4,dry,57.04,33.75
HH_01988,27.676583,85.436056,AQ_0263,True,False,False,7,dry,75.67,13.9
HH_01989,27.717901,85.286125,AQ_0083,True,True,False,4,dry,85.45,21.34
HH_01990,27.654798,85.326279,AQ_0325,True,True,False,2,wet,84.58,33.45
HH_01991,27.791738,85.243099,AQ_0301,False,True,False,7,dry,85.94,49.8
HH_01992,27.735935,85.287805,AQ_0362,True,False,False,3,wet,109.73,22.25
HH_01993,27.662776,85.371052,AQ_0108,True,True,False,7,dry,64.91,18.36
HH_01994,27.637635,85.202076,AQ_0006,False,True,False,6,dry,46.88,42.51
HH_01995,27.794011,85.307926,AQ_0429,True,True,False,7,dry,48.23,31.08
HH_01996,27.758015,85.395926,AQ_0289,False,False,False,4,dry,41.21,46.93
HH_01997,27.622521,85.428016,AQ_0112,True,True,False,7,wet,89.09,72.84
HH_01998,27.797127,85.420599,AQ_0142,False,False,False,7,wet,21.57,100.0
HH_01999,27.791313,85.28565,AQ_0404,True,True,False,1,dry,98.3,31.85
HH_02000,27.630031,85.364933,AQ_0290,False,True,False,6,wet,80.05,27.14
